T	w(CU)	w(FE)	w(TI)	fs	fw(@BCC_A2)	w(CU@BCC_A2)	w(FE@BCC_A2)	w(TI@BCC_A2)	w(CU@LIQUID)	w(FE@LIQUID)	w(TI@LIQUID)	w(CU@CUTI2)	w(FE@CUTI2)	w(TI@CUTI2)	w(CU@HCP_A3)	w(FE@HCP_A3)	w(TI@HCP_A3)	dwdT_L(CU@LIQUID)	dwdT_L(FE@LIQUID)	dwdT_L(TI@LIQUID)	-T	fw(@BCC_A2)_1	-T//fw(@BCC_A2)	
K	%	%	%	mole/mole	kg/kg	%	%	%	%	%	%	%	%	%	%	%	%	SI	SI	SI				
1801.267506	12	0	88	0	0	4.808614293	0	95.19138571	12	0	88							-0.0007876742259		0.0007876742259	-1801.267506	0	91.2572870249644	
1801.247506	12	0	88	0.0002231027762	0.0002191003224	4.809293546	0	95.19070645	12.00157535	0	87.99842465							0		0	-1801.247506	0.0002191003224	91.3074831305888	
1801.227506	12	0	88	0.0004460822136	0.000438080261	4.809972779	0	95.19002722	12.00315073	0	87.99684927							0		0	-1801.227506	0.000438080261	91.3443509136491	
1801.187506	12	0	88	0.000891866323	0.0008758707337	4.811331245	0	95.18866875	12.00630148	0	87.99369852							0		0	-1801.187506	0.0008758707337	91.3874193858716	
1801.107506	12	0	88	0.001782854931	0.001750891367	4.814048039	0	95.18595196	12.01260235	0	87.98739765							0		0	-1801.107506	0.001750891367	91.470851234662	
1800.947506	12	0	88	0.003562203922	0.003498387113	4.819481374	0	95.18051863	12.02520228	0	87.97479772							0		0	-1800.947506	0.003498387113	91.6485566592304	
1800.627506	12	0	88	0.007110433792	0.00698324015	4.830346779	0	95.16965322	12.05039493	0	87.94960507							0		0	-1800.627506	0.00698324015	92.0653233275979	
1799.987506	12	0	88	0.01415153749	0.01389914295	4.852072415	0	95.14792759	12.10075069	0	87.89924931							0		0	-1799.987506	0.01389914295	92.9312281332421	
1798.707506	12	0	88	0.02805668914	0.02755928075	4.895503159	0	95.10449684	12.20134576	0	87.79865424							0		0	-1798.707506	0.02755928075	94.5298589303431	
1796.147506	12	0	88	0.05515287801	0.05418682189	4.982281185	0	95.01771881	12.40206951	0	87.59793049							0		0	-1796.147506	0.05418682189	97.8130757811866	
1793.587506	12	0	88	0.08134111068	0.07993363298	5.068945758	0	94.93105424	12.60217217	0	87.39782783							0		0	-1793.587506	0.07993363298	101.130232491211	
1791.027506	12	0	88	0.1066653559	0.104842336	5.155494358	0	94.84450564	12.80165459	0	87.19834541							0		0	-1791.027506	0.104842336	104.500637168803	
1788.467506	12	0	88	0.1311684039	0.128954433	5.241924532	0	94.75807547	13.00051757	0	86.99948243							0		0	-1788.467506	0.128954433	107.920851157968	
1785.907506	12	0	88	0.1548902394	0.1523087039	5.328233888	0	94.67176611	13.19876189	0	86.80123811							0		0	-1785.907506	0.1523087039	111.390666806834	
1783.347506	12	0	88	0.1778682655	0.1749414238	5.414420092	0	94.58557991	13.39638825	0	86.60361175							0		0	-1783.347506	0.1749414238	114.909886294274	
1780.787506	12	0	88	0.2001375098	0.1968865633	5.500480877	0	94.49951912	13.59339732	0	86.40660268							0		0	-1780.787506	0.1968865633	118.478315163224	
1778.227506	12	0	88	0.2217308114	0.2181759692	5.586414037	0	94.41358596	13.78978974	0	86.21021026							0		0	-1778.227506	0.2181759692	122.095760703941	
1775.667506	12	0	88	0.2426789901	0.2388395295	5.672217426	0	94.32778257	13.98556609	0	86.01443391							0		0	-1775.667506	0.2388395295	125.762031909679	
1773.107506	12	0	88	0.2630110004	0.2589053222	5.757888961	0	94.24211104	14.18072692	0	85.81927308							0		0	-1773.107506	0.2589053222	129.47693963083	
1770.547506	12	0	88	0.2827540713	0.2783997515	5.843426619	0	94.15657338	14.37527276	0	85.62472724							0		0	-1770.547506	0.2783997515	133.240295465838	
1767.987506	12	0	88	0.3019338339	0.2973476714	5.928828438	0	94.07117156	14.56920409	0	85.43079591							0		0	-1767.987506	0.2973476714	137.051911803795	
1765.427506	12	0	88	0.3205744383	0.3157724988	6.014092516	0	93.98590748	14.76252136	0	85.23747864							0		0	-1765.427506	0.3157724988	140.911601283255	
1762.867506	12	0	88	0.338698659	0.3336963166	6.099217009	0	93.90078299	14.95522502	0	85.04477498							0		0	-1762.867506	0.3336963166	144.819177024148	
1760.307506	12	0	88	0.3563279931	0.3511399681	6.184200134	0	93.81579987	15.14731545	0	84.85268455							0		0	-1760.307506	0.3511399681	148.774450155451	
1757.747506	12	0	88	0.3734827492	0.3681231439	6.269040163	0	93.73095984	15.33879305	0	84.66120695							0		0	-1757.747506	0.3681231439	152.777232668897	
1755.187506	12	0	88	0.3901821289	0.3846644605	6.35373543	0	93.64626457	15.52965817	0	84.47034183							0		0	-1755.187506	0.3846644605	156.827334247905	
1752.627506	12	0	88	0.4064443023	0.4007815341	6.438284322	0	93.56171568	15.71991116	0	84.28008884							0		0	-1752.627506	0.4007815341	160.924561707833	
1750.067506	12	0	88	0.4222864767	0.416491047	6.522685287	0	93.47731471	15.90955232	0	84.09044768							0		0	-1750.067506	0.416491047	165.06872196615	
1747.507506	12	0	88	0.4377249607	0.4318088094	6.606936825	0	93.39306318	16.09858198	0	83.90141802							0		0	-1747.507506	0.4318088094	169.25961820223	
1744.947506	12	0	88	0.4527752222	0.4467498164	6.691037495	0	93.30896251	16.28700042	0	83.71299958							0		0	-1744.947506	0.4467498164	173.497048286955	
1742.387506	12	0	88	0.4674519429	0.4613283007	6.774985908	0	93.22501409	16.47480792	0	83.52519208							0		0	-1742.387506	0.4613283007	177.780809627504	
1739.827506	12	0	88	0.4817690681	0.4755577803	6.858780733	0	93.14121927	16.66200475	0	83.33799525							0		0	-1739.827506	0.4755577803	182.110695094752	
1737.267506	12	0	88	0.4957398527	0.4894511041	6.942420691	0	93.05757931	16.84859116	0	83.15140884							0		0	-1737.267506	0.4894511041	186.486491360799	
1734.707506	12	0	88	0.5093769044	0.5030204929	7.025904556	0	92.97409544	17.03456741	0	82.96543259							0		0	-1734.707506	0.5030204929	190.907981707696	
1732.147506	12	0	88	0.5226922227	0.516277578	7.109231154	0	92.89076885	17.21993375	0	82.78006625							0		0	-1732.147506	0.516277578	195.37494297633	
1729.587506	12	0	88	0.5356972359	0.5292334368	7.192399367	0	92.80760063	17.40469041	0	82.59530959							0		0	-1729.587506	0.5292334368	199.88714755157	
1727.027506	12	0	88	0.5484028354	0.5418986257	7.275408125	0	92.72459187	17.58883762	0	82.41116238							0		0	-1727.027506	0.5418986257	204.44435968377	
1724.467506	12	0	88	0.5608194069	0.5542832112	7.358256411	0	92.64174359	17.77237563	0	82.22762437							0		0	-1724.467506	0.5542832112	209.046339468975	
1721.907506	12	0	88	0.57295686	0.5663967978	7.440943257	0	92.55905674	17.95530467	0	82.04469533							0		0	-1721.907506	0.5663967978	213.6928371882	
1719.347506	12	0	88	0.5848246559	0.5782485555	7.523467745	0	92.47653225	18.13762497	0	81.86237503							0		0	-1719.347506	0.5782485555	218.383597413006	
1716.787506	12	0	88	0.5964318324	0.5898472435	7.605829009	0	92.39417099	18.31933677	0	81.68066323							0		0	-1716.787506	0.5898472435	223.118356307663	
1714.227506	12	0	88	0.607787028	0.6012012343	7.688026227	0	92.31197377	18.5004403	0	81.4995597							0		0	-1714.227506	0.6012012343	227.896839493925	
1711.667506	12	0	88	0.6188985042	0.6123185345	7.77005863	0	92.22994137	18.68093581	0	81.31906419							0		0	-1711.667506	0.6123185345	232.718767580071	
1709.107506	12	0	88	0.6297741659	0.6232068052	7.851925493	0	92.14807451	18.86082355	0	81.13917645							0		0	-1709.107506	0.6232068052	237.583850150246	
1706.547506	12	0	88	0.6404215809	0.6338733807	7.933626139	0	92.06637386	19.04010377	0	80.95989623							0		0	-1706.547506	0.6338733807	242.491785332206	
1703.987506	12	0	88	0.6508479982	0.6443252863	8.015159939	0	91.98484006	19.21877673	0	80.78122327							0		0	-1703.987506	0.6443252863	247.442263747025	
1701.427506	12	0	88	0.6610603645	0.6545692543	8.096526306	0	91.90347369	19.39684271	0	80.60315729							0		0	-1701.427506	0.6545692543	252.434964480669	
1698.867506	12	0	88	0.6710653406	0.6646117399	8.177724702	0	91.8222753	19.57430198	0	80.42569802							0		0	-1698.867506	0.6646117399	257.4695539537	
1696.307506	12	0	88	0.6808693159	0.6744589353	8.25875463	0	91.74124537	19.75115483	0	80.24884517							0		0	-1696.307506	0.6744589353	262.545690381697	
1693.747506	12	0	88	0.6904784226	0.6841167833	8.33961564	0	91.66038436	19.92740157	0	80.07259843							0		0	-1693.747506	0.6841167833	267.663019685831	
1691.187506	12	0	88	0.6998985485	0.69359099	8.420307324	0	91.57969268	20.1030425	0	79.8969575							0		0	-1691.187506	0.69359099	272.821173293465	
1688.627506	12	0	88	0.7091353496	0.7028870369	8.500829316	0	91.49917068	20.27807796	0	79.72192204							0		0	-1688.627506	0.7028870369	278.019773875401	
1686.067506	12	0	88	0.7181942615	0.7120101917	8.581181293	0	91.41881871	20.45250827	0	79.54749173							0		0	-1686.067506	0.7120101917	283.258427091867	
1683.507506	12	0	88	0.7270805101	0.7209655195	8.661362973	0	91.33863703	20.62633381	0	79.37366619							0		0	-1683.507506	0.7209655195	288.536728607287	
1680.947506	12	0	88	0.7357991223	0.7297578919	8.741374115	0	91.25862588	20.79955493	0	79.20044507							0		0	-1680.947506	0.7297578919	293.854260715522	
1678.387506	12	0	88	0.7443549351	0.7383919971	8.82121452	0	91.17878548	20.97217202	0	79.02782798							0		0	-1678.387506	0.7383919971	299.210588233772	
1675.827506	12	0	88	0.752752605	0.7468723482	8.900884026	0	91.09911597	21.14418549	0	78.85581451							0		0	-1675.827506	0.7468723482	304.605268111493	
1673.267506	12	0	88	0.7609966166	0.7552032916	8.980382511	0	91.01961749	21.31559574	0	78.68440426							0		0	-1673.267506	0.7552032916	310.037837976345	
1670.707506	12	0	88	0.7690912902	0.763389015	9.059709893	0	90.94029011	21.48640323	0	78.51359677							0		0	-1670.707506	0.763389015	315.507820810474	
1668.147506	12	0	88	0.77704079	0.7714335546	9.138866126	0	90.86113387	21.65660839	0	78.34339161							0		0	-1668.147506	0.7714335546	321.014725195254	
1665.587506	12	0	88	0.7848491309	0.7793408022	9.217851204	0	90.7821488	21.82621171	0	78.17378829							0		0	-1665.587506	0.7793408022	326.558047848066	
1663.027506	12	0	88	0.7925201854	0.7871145115	9.296665154	0	90.70333485	21.99521369	0	78.00478631							0		0	-1663.027506	0.7871145115	332.137267877126	
1660.467506	12	0	88	0.80005769	0.7947583047	9.375308043	0	90.62469196	22.16361482	0	77.83638518							0		0	-1660.467506	0.7947583047	337.75184489259	
1657.907506	12	0	88	0.8074652513	0.8022756782	9.453779971	0	90.54622003	22.33141565	0	77.66858435							0		0	-1657.907506	0.8022756782	343.401225497871	
1655.347506	12	0	88	0.8147463519	0.8096700082	9.532081075	0	90.46791892	22.49861674	0	77.50138326							0		0	-1655.347506	0.8096700082	349.084841189426	
1652.787506	12	0	88	0.8219043554	0.8169445559	9.610211526	0	90.38978847	22.66521865	0	77.33478135							0		0	-1652.787506	0.8169445559	354.802106268103	
1650.227506	12	0	88	0.8289425121	0.8241024726	9.688171527	0	90.31182847	22.83122198	0	77.16877802							0		0	-1650.227506	0.8241024726	360.552419390524	
1647.667506	12	0	88	0.8358639633	0.8311468043	9.765961317	0	90.23403868	22.99662736	0	77.00337264							0		0	-1647.667506	0.8311468043	366.335154848357	
1645.107506	12	0	88	0.8426717465	0.8380804966	9.843581168	0	90.15641883	23.16143542	0	76.83856458							0		0	-1645.107506	0.8380804966	372.14967953842	
1642.547506	12	0	88	0.8493687995	0.8449063982	9.921031381	0	90.07896862	23.32564682	0	76.67435318							0		0	-1642.547506	0.8449063982	377.995345219259	
1639.987506	12	0	88	0.8559579643	0.8516272656	9.998312293	0	90.00168771	23.48926227	0	76.51073773							0		0	-1639.987506	0.8516272656	383.871472791497	
1637.427506	12	0	88	0.8624419919	0.8582457668	10.07542427	0	89.92457573	23.65228246	0	76.34771754							0		0	-1637.427506	0.8582457668	389.777373112614	
1634.867506	12	0	88	0.868823545	0.8647644848	10.15236771	0	89.84763229	23.81470812	0	76.18529188							0		0	-1634.867506	0.8647644848	395.712345816474	
1632.307506	12	0	88	0.8751052023	0.871185921	10.22914303	0	89.77085697	23.97654003	0	76.02345997							0		0	-1632.307506	0.871185921	401.67566569621	
1629.747506	12	0	88	0.8812894619	0.8775124988	10.3057507	0	89.6942493	24.13777895	0	75.86222105							0		0	-1629.747506	0.8775124988	407.666587844969	
1627.187506	12	0	88	0.8873787439	0.8837465665	10.38219121	0	89.61780879	24.29842569	0	75.70157431							0		0	-1627.187506	0.8837465665	413.684352701983	
1624.627506	12	0	88	0.8933753943	0.8898904004	10.45846505	0	89.54153495	24.45848108	0	75.54151892							0		0	-1624.627506	0.8898904004	419.728187419336	
1622.067506	12	0	88	0.8992816872	0.8959462074	10.53457279	0	89.46542721	24.61794597	0	75.38205403							0		0	-1622.067506	0.8959462074	425.797299272307	
1619.507506	12	0	88	0.9050998282	0.901916128	10.61051498	0	89.38948502	24.77682124	0	75.22317876							0		0	-1619.507506	0.901916128	431.89087034886	
1616.947506	12	0	88	0.9108319566	0.9078022388	10.68629222	0	89.31370778	24.9351078	0	75.0648922							0		0	-1616.947506	0.9078022388	438.008065392853	
1614.387506	12	0	88	0.9164801482	0.913606555	10.76190515	0	89.23809485	25.09280656	0	74.90719344							0		0	-1614.387506	0.913606555	444.148042738774	
1611.827506	12	0	88	0.9220464176	0.9193310324	10.8373544	0	89.1626456	25.24991847	0	74.75008153							0		0	-1611.827506	0.9193310324	450.309937977391	
1609.267506	12	0	88	0.9275327206	0.9249775701	10.91264065	0	89.08735935	25.40644453	0	74.59355547							0		0	-1609.267506	0.9249775701	456.492864678989	
1606.707506	12	0	88	0.9329409562	0.9305480123	10.9877646	0	89.0122354	25.56238571	0	74.43761429							0		0	-1606.707506	0.9305480123	462.695916384354	
1604.147506	12	0	88	0.9382729691	0.9360441507	11.06272698	0	88.93727302	25.71774305	0	74.28225695							0		0	-1604.147506	0.9360441507	468.918181795217	
1601.587506	12	0	88	0.943530551	0.9414677258	11.13752854	0	88.86247146	25.87251759	0	74.12748241							0		0	-1601.587506	0.9414677258	475.158722602765	
1599.027506	12	0	88	0.9487154435	0.9468204296	11.21217004	0	88.78782996	26.0267104	0	73.9732896							0		0	-1599.027506	0.9468204296	481.416577319631	
1596.467506	12	0	88	0.9538293391	0.9521039067	11.28665229	0	88.71334771	26.18032259	0	73.81967741							0		0	-1596.467506	0.9521039067	487.690787450214	
1593.907506	12	0	88	0.9588738832	0.9573197562	11.3609761	0	88.6390239	26.33335528	0	73.66664472							0		0	-1593.907506	0.9573197562	493.980360907688	
1591.347506	12	0	88	0.963850676	0.9624695335	11.4351423	0	88.5648577	26.4858096	0	73.5141904							0		0	-1591.347506	0.9624695335	500.284287727978	
1588.787506	12	0	88	0.9687612739	0.9675547517	11.50915178	0	88.49084822	26.63768673	0	73.36231327							0		0	-1588.787506	0.9675547517	506.601547725446	
1586.227506	12	0	88	0.973607191	0.9725768831	11.58300539	0	88.41699461	26.78898786	0	73.21101214							0		0	-1586.227506	0.9725768831	512.931110434283	
1583.667506	12	0	88	0.9783899007	0.9775373605	11.65670406	0	88.34329594	26.93971421	0	73.06028579							0		0	-1583.667506	0.9775373605	519.271918294378	
1581.107506	12	0	88	0.9831108369	0.9824375789	11.7302487	0	88.2697513	27.08986701	0	72.91013299							0		0	-1581.107506	0.9824375789	525.622907893238	
1578.547506	12	0	88	0.9877713958	0.9872788963	11.80364027	0	88.19635973	27.23944753	0	72.76055247							0		0	-1578.547506	0.9872788963	531.982985926636	
1575.987506	12	0	88	0.9923729367	0.9920626357	11.87687971	0	88.12312029	27.38845706	0	72.61154294							0		0	-1575.987506	0.9920626357	538.351054012485	
1573.427506	12	0	88	0.9969167833	0.9967900854	11.94996803	0	88.05003197	27.53689691	0	72.46310309							0		0	-1573.427506	0.9967900854	544.189892601448	
1572.147506	12	0	88	0.9991707339	0.9991364879	11.98645604	0	88.01354396	27.61090398	0	72.38909602							0		0	-1572.147506	0.9991364879	550.127451765378	
1571.827506	12	0	88	0.9997282055	0.9997169675	11.99557194	0	88.00442806	27.62938317	0	72.37061683							0		0	-1571.827506	0.9997169675	549.63184258097	
1571.747506	12	0	88	0.9998680844	0.9998626283	11.99785066	0	88.00214934	27.63400162	0	72.36599838							0		0	-1571.747506	0.9998626283	549.290096974777	
1571.707506	12	0	88	0.9999380093	0.999935445	11.9989899	0	88.0010101	27.63631049	0	72.36368951							0		0	-1571.707506	0.999935445	549.351194643232	
1571.687506	12	0	88	0.999972969	0.9999718507	11.9995595	0	88.0004405	27.63746504	0	72.36253496							0		0	-1571.687506	0.9999718507	640.23508915444	
1571.667506	12	0	88	1	1	11.99999999	0	88.00000001													-1571.667506	1	710.49724149516	
1571.657506	12	0	88	1	1	11.99999998	0	88.00000002													-1571.657506	1	NaN	
1571.637506	12	0	88	1	1	12	0	88													-1571.637506	1	NaN	
1571.597506	12	0	88	1	1	12	0	88													-1571.597506	1	NaN	
1571.517506	12	0	88	1	1	12	0	88													-1571.517506	1	NaN	
1571.357506	12	0	88	1	1	12	0	88													-1571.357506	1	NaN	
1571.037506	12	0	88	1	1	12	0	88													-1571.037506	1	NaN	
1570.397506	12	0	88	1	1	12	0	88													-1570.397506	1	NaN	
1569.117506	12	0	88	1	1	12	0	88													-1569.117506	1	NaN	
1566.557506	12	0	88	1	1	11.99999999	0	88.00000001													-1566.557506	1	NaN	
1563.997506	12	0	88	1	1	11.99999999	0	88.00000001													-1563.997506	1	NaN	
1561.437506	12	0	88	1	1	11.99999999	0	88.00000001													-1561.437506	1	NaN	
1558.877506	12	0	88	1	1	11.99999999	0	88.00000001													-1558.877506	1	NaN	
1556.317506	12	0	88	1	1	11.99999999	0	88.00000001													-1556.317506	1	NaN	
1553.757506	12	0	88	1	1	11.99999999	0	88.00000001													-1553.757506	1	NaN	
1551.197506	12	0	88	1	1	11.99999999	0	88.00000001													-1551.197506	1	NaN	
1548.637506	12	0	88	1	1	11.99999999	0	88.00000001													-1548.637506	1	NaN	
1546.077506	12	0	88	1	1	11.99999999	0	88.00000001													-1546.077506	1	NaN	
1543.517506	12	0	88	1	1	11.99999999	0	88.00000001													-1543.517506	1	NaN	
1540.957506	12	0	88	1	1	11.99999999	0	88.00000001													-1540.957506	1	NaN	
1538.397506	12	0	88	1	1	11.99999999	0	88.00000001													-1538.397506	1	NaN	
1535.837506	12	0	88	1	1	11.99999999	0	88.00000001													-1535.837506	1	NaN	
1533.277506	12	0	88	1	1	11.99999999	0	88.00000001													-1533.277506	1	NaN	
1530.717506	12	0	88	1	1	11.99999999	0	88.00000001													-1530.717506	1	NaN	
1528.157506	12	0	88	1	1	11.99999999	0	88.00000001													-1528.157506	1	NaN	
1525.597506	12	0	88	1	1	11.99999999	0	88.00000001													-1525.597506	1	NaN	
1523.037506	12	0	88	1	1	11.99999999	0	88.00000001													-1523.037506	1	NaN	
1520.477506	12	0	88	1	1	11.99999999	0	88.00000001													-1520.477506	1	NaN	
1517.917506	12	0	88	1	1	11.99999999	0	88.00000001													-1517.917506	1	NaN	
1515.357506	12	0	88	1	1	11.99999999	0	88.00000001													-1515.357506	1	NaN	
1512.797506	12	0	88	1	1	11.99999999	0	88.00000001													-1512.797506	1	NaN	
1510.237506	12	0	88	1	1	11.99999999	0	88.00000001													-1510.237506	1	NaN	
1507.677506	12	0	88	1	1	11.99999999	0	88.00000001													-1507.677506	1	NaN	
1505.117506	12	0	88	1	1	11.99999999	0	88.00000001													-1505.117506	1	NaN	
1502.557506	12	0	88	1	1	11.99999999	0	88.00000001													-1502.557506	1	NaN	
1499.997506	12	0	88	1	1	11.99999999	0	88.00000001													-1499.997506	1	NaN	
1497.437506	12	0	88	1	1	11.99999999	0	88.00000001													-1497.437506	1	NaN	
1494.877506	12	0	88	1	1	11.99999999	0	88.00000001													-1494.877506	1	NaN	
1492.317506	12	0	88	1	1	11.99999999	0	88.00000001													-1492.317506	1	NaN	
1489.757506	12	0	88	1	1	11.99999999	0	88.00000001													-1489.757506	1	NaN	
1487.197506	12	0	88	1	1	11.99999999	0	88.00000001													-1487.197506	1	NaN	
1484.637506	12	0	88	1	1	11.99999999	0	88.00000001													-1484.637506	1	NaN	
1482.077506	12	0	88	1	1	11.99999999	0	88.00000001													-1482.077506	1	NaN	
1479.517506	12	0	88	1	1	11.99999999	0	88.00000001													-1479.517506	1	NaN	
1476.957506	12	0	88	1	1	11.99999999	0	88.00000001													-1476.957506	1	NaN	
1474.397506	12	0	88	1	1	11.99999999	0	88.00000001													-1474.397506	1	NaN	
1471.837506	12	0	88	1	1	11.99999999	0	88.00000001													-1471.837506	1	NaN	
1469.277506	12	0	88	1	1	11.99999999	0	88.00000001													-1469.277506	1	NaN	
1466.717506	12	0	88	1	1	11.99999999	0	88.00000001													-1466.717506	1	NaN	
1464.157506	12	0	88	1	1	11.99999999	0	88.00000001													-1464.157506	1	NaN	
1461.597506	12	0	88	1	1	11.99999999	0	88.00000001													-1461.597506	1	NaN	
1459.037506	12	0	88	1	1	11.99999999	0	88.00000001													-1459.037506	1	NaN	
1456.477506	12	0	88	1	1	11.99999999	0	88.00000001													-1456.477506	1	NaN	
1453.917506	12	0	88	1	1	11.99999999	0	88.00000001													-1453.917506	1	NaN	
1451.357506	12	0	88	1	1	11.99999999	0	88.00000001													-1451.357506	1	NaN	
1448.797506	12	0	88	1	1	11.99999999	0	88.00000001													-1448.797506	1	NaN	
1446.237506	12	0	88	1	1	11.99999999	0	88.00000001													-1446.237506	1	NaN	
1443.677506	12	0	88	1	1	11.99999999	0	88.00000001													-1443.677506	1	NaN	
1441.117506	12	0	88	1	1	11.99999999	0	88.00000001													-1441.117506	1	NaN	
1438.557506	12	0	88	1	1	11.99999999	0	88.00000001													-1438.557506	1	NaN	
1435.997506	12	0	88	1	1	11.99999999	0	88.00000001													-1435.997506	1	NaN	
1433.437506	12	0	88	1	1	11.99999999	0	88.00000001													-1433.437506	1	NaN	
1430.877506	12	0	88	1	1	11.99999999	0	88.00000001													-1430.877506	1	NaN	
1428.317506	12	0	88	1	1	11.99999999	0	88.00000001													-1428.317506	1	NaN	
1425.757506	12	0	88	1	1	11.99999999	0	88.00000001													-1425.757506	1	NaN	
1423.197506	12	0	88	1	1	11.99999999	0	88.00000001													-1423.197506	1	NaN	
1420.637506	12	0	88	1	1	11.99999999	0	88.00000001													-1420.637506	1	NaN	
1418.077506	12	0	88	1	1	11.99999999	0	88.00000001													-1418.077506	1	NaN	
1415.517506	12	0	88	1	1	11.99999999	0	88.00000001													-1415.517506	1	NaN	
1412.957506	12	0	88	1	1	11.99999999	0	88.00000001													-1412.957506	1	NaN	
1410.397506	12	0	88	1	1	11.99999999	0	88.00000001													-1410.397506	1	NaN	
1407.837506	12	0	88	1	1	11.99999999	0	88.00000001													-1407.837506	1	NaN	
1405.277506	12	0	88	1	1	11.99999999	0	88.00000001													-1405.277506	1	NaN	
1402.717506	12	0	88	1	1	11.99999999	0	88.00000001													-1402.717506	1	NaN	
1400.157506	12	0	88	1	1	11.99999999	0	88.00000001													-1400.157506	1	NaN	
1397.597506	12	0	88	1	1	11.99999999	0	88.00000001													-1397.597506	1	NaN	
1395.037506	12	0	88	1	1	11.99999999	0	88.00000001													-1395.037506	1	NaN	
1392.477506	12	0	88	1	1	11.99999999	0	88.00000001													-1392.477506	1	NaN	
1389.917506	12	0	88	1	1	11.99999999	0	88.00000001													-1389.917506	1	NaN	
1387.357506	12	0	88	1	1	11.99999999	0	88.00000001													-1387.357506	1	NaN	
1384.797506	12	0	88	1	1	11.99999999	0	88.00000001													-1384.797506	1	NaN	
1382.237506	12	0	88	1	1	11.99999999	0	88.00000001													-1382.237506	1	NaN	
1379.677506	12	0	88	1	1	11.99999999	0	88.00000001													-1379.677506	1	NaN	
1377.117506	12	0	88	1	1	11.99999999	0	88.00000001													-1377.117506	1	NaN	
1374.557506	12	0	88	1	1	11.99999999	0	88.00000001													-1374.557506	1	NaN	
1371.997506	12	0	88	1	1	11.99999999	0	88.00000001													-1371.997506	1	NaN	
1369.437506	12	0	88	1	1	11.99999999	0	88.00000001													-1369.437506	1	NaN	
1366.877506	12	0	88	1	1	11.99999999	0	88.00000001													-1366.877506	1	NaN	
1364.317506	12	0	88	1	1	11.99999999	0	88.00000001													-1364.317506	1	NaN	
1361.757506	12	0	88	1	1	11.99999999	0	88.00000001													-1361.757506	1	NaN	
1359.197506	12	0	88	1	1	11.99999999	0	88.00000001													-1359.197506	1	NaN	
1356.637506	12	0	88	1	1	11.99999999	0	88.00000001													-1356.637506	1	NaN	
1354.077506	12	0	88	1	1	11.99999999	0	88.00000001													-1354.077506	1	NaN	
1351.517506	12	0	88	1	1	11.99999999	0	88.00000001													-1351.517506	1	NaN	
1348.957506	12	0	88	1	1	11.99999999	0	88.00000001													-1348.957506	1	NaN	
1346.397506	12	0	88	1	1	11.99999999	0	88.00000001													-1346.397506	1	NaN	
1343.837506	12	0	88	1	1	11.99999999	0	88.00000001													-1343.837506	1	NaN	
1341.277506	12	0	88	1	1	11.99999999	0	88.00000001													-1341.277506	1	NaN	
1338.717506	12	0	88	1	1	11.99999999	0	88.00000001													-1338.717506	1	NaN	
1336.157506	12	0	88	1	1	11.99999999	0	88.00000001													-1336.157506	1	NaN	
1333.597506	12	0	88	1	1	11.99999999	0	88.00000001													-1333.597506	1	NaN	
1331.037506	12	0	88	1	1	11.99999999	0	88.00000001													-1331.037506	1	NaN	
1328.477506	12	0	88	1	1	11.99999999	0	88.00000001													-1328.477506	1	NaN	
1325.917506	12	0	88	1	1	11.99999999	0	88.00000001													-1325.917506	1	NaN	
1323.357506	12	0	88	1	1	11.99999999	0	88.00000001													-1323.357506	1	NaN	
1320.797506	12	0	88	1	1	11.99999999	0	88.00000001													-1320.797506	1	NaN	
1318.237506	12	0	88	1	1	11.99999999	0	88.00000001													-1318.237506	1	NaN	
1315.677506	12	0	88	1	1	11.99999999	0	88.00000001													-1315.677506	1	NaN	
1313.117506	12	0	88	1	1	11.99999999	0	88.00000001													-1313.117506	1	NaN	
1310.557506	12	0	88	1	1	11.99999999	0	88.00000001													-1310.557506	1	NaN	
1307.997506	12	0	88	1	1	11.99999999	0	88.00000001													-1307.997506	1	NaN	
1305.437506	12	0	88	1	1	11.99999999	0	88.00000001													-1305.437506	1	NaN	
1302.877506	12	0	88	1	1	11.99999999	0	88.00000001													-1302.877506	1	NaN	
1300.317506	12	0	88	1	1	11.99999999	0	88.00000001													-1300.317506	1	NaN	
1297.757506	12	0	88	1	1	11.99999999	0	88.00000001													-1297.757506	1	NaN	
1295.197506	12	0	88	1	1	11.99999999	0	88.00000001													-1295.197506	1	NaN	
1292.637506	12	0	88	1	1	11.99999999	0	88.00000001													-1292.637506	1	NaN	
1290.077506	12	0	88	1	1	11.99999999	0	88.00000001													-1290.077506	1	NaN	
1287.517506	12	0	88	1	1	11.99999999	0	88.00000001													-1287.517506	1	NaN	
1284.957506	12	0	88	1	1	11.99999999	0	88.00000001													-1284.957506	1	NaN	
1282.397506	12	0	88	1	1	11.99999999	0	88.00000001													-1282.397506	1	NaN	
1279.837506	12	0	88	1	1	11.99999999	0	88.00000001													-1279.837506	1	NaN	
1277.277506	12	0	88	1	1	11.99999999	0	88.00000001													-1277.277506	1	NaN	
1274.717506	12	0	88	1	1	11.99999999	0	88.00000001													-1274.717506	1	NaN	
1272.157506	12	0	88	1	1	11.99999999	0	88.00000001													-1272.157506	1	NaN	
1269.597506	12	0	88	1	1	11.99999999	0	88.00000001													-1269.597506	1	NaN	
1267.037506	12	0	88	1	1	11.99999999	0	88.00000001													-1267.037506	1	NaN	
1264.477506	12	0	88	1	1	11.99999999	0	88.00000001													-1264.477506	1	NaN	
1261.917506	12	0	88	1	1	11.99999999	0	88.00000001													-1261.917506	1	NaN	
1259.357506	12	0	88	1	1	11.99999999	0	88.00000001													-1259.357506	1	NaN	
1256.797506	12	0	88	1	1	11.99999999	0	88.00000001													-1256.797506	1	NaN	
1254.237506	12	0	88	1	1	11.99999999	0	88.00000001													-1254.237506	1	NaN	
1251.677506	12	0	88	1	1	11.99999999	0	88.00000001													-1251.677506	1	NaN	
1249.117506	12	0	88	1	1	11.99999999	0	88.00000001													-1249.117506	1	NaN	
1246.557506	12	0	88	1	1	11.99999999	0	88.00000001													-1246.557506	1	NaN	
1243.997506	12	0	88	1	1	11.99999999	0	88.00000001													-1243.997506	1	NaN	
1241.437506	12	0	88	1	1	11.99999999	0	88.00000001													-1241.437506	1	NaN	
1238.877506	12	0	88	1	1	11.99999999	0	88.00000001													-1238.877506	1	NaN	
1236.317506	12	0	88	1	1	11.99999999	0	88.00000001													-1236.317506	1	NaN	
1233.757506	12	0	88	1	1	11.99999999	0	88.00000001													-1233.757506	1	NaN	
1231.197506	12	0	88	1	1	11.99999999	0	88.00000001													-1231.197506	1	NaN	
1228.637506	12	0	88	1	1	11.99999999	0	88.00000001													-1228.637506	1	NaN	
1226.077506	12	0	88	1	1	11.99999999	0	88.00000001													-1226.077506	1	NaN	
1223.517506	12	0	88	1	1	11.99999999	0	88.00000001													-1223.517506	1	NaN	
1220.957506	12	0	88	1	1	11.99999999	0	88.00000001													-1220.957506	1	NaN	
1218.397506	12	0	88	1	1	11.99999999	0	88.00000001													-1218.397506	1	NaN	
1215.837506	12	0	88	1	1	11.99999999	0	88.00000001													-1215.837506	1	NaN	
1213.277506	12	0	88	1	1	11.99999999	0	88.00000001													-1213.277506	1	NaN	
1210.717506	12	0	88	1	1	11.99999999	0	88.00000001													-1210.717506	1	NaN	
1208.157506	12	0	88	1	1	11.99999999	0	88.00000001													-1208.157506	1	NaN	
1205.597506	12	0	88	1	1	11.99999999	0	88.00000001													-1205.597506	1	NaN	
1203.037506	12	0	88	1	1	11.99999999	0	88.00000001													-1203.037506	1	NaN	
1200.477506	12	0	88	1	1	11.99999999	0	88.00000001													-1200.477506	1	NaN	
1197.917506	12	0	88	1	1	11.99999999	0	88.00000001													-1197.917506	1	NaN	
1195.357506	12	0	88	1	1	11.99999999	0	88.00000001													-1195.357506	1	NaN	
1192.797506	12	0	88	1	1	11.99999999	0	88.00000001													-1192.797506	1	NaN	
1190.237506	12	0	88	1	1	11.99999999	0	88.00000001													-1190.237506	1	NaN	
1187.677506	12	0	88	1	1	11.99999999	0	88.00000001													-1187.677506	1	NaN	
1185.117506	12	0	88	1	1	11.99999999	0	88.00000001													-1185.117506	1	NaN	
1182.557506	12	0	88	1	1	11.99999999	0	88.00000001													-1182.557506	1	NaN	
1179.997506	12	0	88	1	1	11.99999999	0	88.00000001													-1179.997506	1	NaN	
1177.437506	12	0	88	1	1	11.99999999	0	88.00000001													-1177.437506	1	NaN	
1176.157506	12	0	88	1	1	11.99999999	0	88.00000001													-1176.157506	1	NaN	
1175.517506	12	0	88	1	1	12	0	88													-1175.517506	1	NaN	
1175.437506	12	0	88	1	1	12	0	88													-1175.437506	1	NaN	
1175.397506	12	0	88	1	1	12	0	88													-1175.397506	1	NaN	
1175.377506	12	0	88	1	1	12	0	88													-1175.377506	1	NaN	
1175.368057	12	0	88	1	1	12	0	88				39.88926971	0	60.11073029							-1175.368057	1	0	
1175.347506	12	0	88	1	0.9999486536	11.99856842	0	88.00143158				39.88926971	0	60.11073029							-1175.347506	0.9999486536	-400.342751401027	
1175.327506	12	0	88	1	0.9998987086	11.99717565	0	88.00282435				39.88926971	0	60.11073029							-1175.327506	0.9998987086	-400.480057712183	
1175.287506	12	0	88	1	0.9997988482	11.99439049	0	88.00560951				39.88926971	0	60.11073029							-1175.287506	0.9997988482	-400.651075308796	
1175.207506	12	0	88	1	0.9995992647	11.98882191	0	88.01117809				39.88926971	0	60.11073029							-1175.207506	0.9995992647	-401.118683560063	
1175.047506	12	0	88	1	0.999200943	11.97769229	0	88.02230771				39.88926971	0	60.11073029							-1175.047506	0.999200943	-402.025371296166	
1174.727506	12	0	88	1	0.998406314	11.95546325	0	88.04453675				39.88926971	0	60.11073029							-1174.727506	0.998406314	-403.478325205491	
1174.087506	12	0	88	1	0.9968261405	11.91112554	0	88.08887446				39.88926971	0	60.11073029							-1174.087506	0.9968261405	-406.111037154895	
1172.807506	12	0	88	1	0.9936910221	11.82292858	0	88.17707142				39.88926971	0	60.11073029							-1172.807506	0.9936910221	-411.210267744688	
1170.247506	12	0	88	1	0.9875512371	11.64842516	0	88.35157484				39.88926971	0	60.11073029							-1170.247506	0.9875512371	-422.627052693955	
1167.687506	12	0	88	1	0.9815720655	11.47639888	0	88.52360112				39.88926971	0	60.11073029							-1167.687506	0.9815720655	-433.917422786375	
1165.127506	12	0	88	1	0.9757476972	11.30679934	0	88.69320066				39.88926971	0	60.11073029							-1165.127506	0.9757476972	-445.375146327786	
1162.567506	12	0	88	1	0.9700722809	11.13957797	0	88.86042203				39.88926971	0	60.11073029							-1162.567506	0.9700722809	-456.989585223048	
1160.007506	12	0	88	1	0.9645402714	10.97468802	0	89.02531198				39.88926971	0	60.11073029							-1160.007506	0.9645402714	-468.762440993337	
1157.447506	12	0	88	1	0.9591464111	10.81208439	0	89.18791561				39.88926971	0	60.11073029							-1157.447506	0.9591464111	-480.690256051534	
1154.887506	12	0	88	1	0.9538855994	10.65172018	0	89.34827982				39.88926971	0	60.11073029							-1154.887506	0.9538855994	-492.785757969811	
1152.327506	12	0	88	1	0.9487533217	10.49356024	0	89.50643976				39.88926971	0	60.11073029							-1152.327506	0.9487533217	-505.049816443304	
1149.767506	12	0	88	1	0.9437449577	10.33756048	0	89.66243952				39.88926971	0	60.11073029							-1149.767506	0.9437449577	-517.474560751463	
1147.207506	12	0	88	1	0.9388562239	10.18368171	0	89.81631829				39.88926971	0	60.11073029							-1147.207506	0.9388562239	-530.067293534997	
1144.647506	12	0	88	1	0.9340830432	10.03188603	0	89.96811397				39.88926971	0	60.11073029							-1144.647506	0.9340830432	-542.83013582836	
1142.087506	12	0	88	1	0.9294215326	9.882136802	0	90.1178632				39.88926971	0	60.11073029							-1142.087506	0.9294215326	-555.765302579851	
1139.527506	12	0	88	1	0.9248679916	9.734398544	0	90.26560146				39.88926971	0	60.11073029							-1139.527506	0.9248679916	-568.875053105087	
1136.967506	12	0	88	1	0.9204188908	9.588636916	0	90.41136308				39.88926971	0	60.11073029							-1136.967506	0.9204188908	-582.161722411736	
1134.407506	12	0	88	1	0.9160708624	9.444818645	0	90.55518135				39.88926971	0	60.11073029							-1134.407506	0.9160708624	-595.627731575267	
1131.847506	12	0	88	1	0.9118206905	9.302911486	0	90.69708851				39.88926971	0	60.11073029							-1131.847506	0.9118206905	-609.27554779597	
1129.287506	12	0	88	1	0.9076653023	9.162884167	0	90.83711583				39.88926971	0	60.11073029							-1129.287506	0.9076653023	-623.107752282324	
1126.727506	12	0	88	1	0.9036017606	9.024706353	0	90.97529365				39.88926971	0	60.11073029							-1126.727506	0.9036017606	-637.126966954181	
1124.167506	12	0	88	1	0.8996272552	8.888348599	0	91.1116514				39.88926971	0	60.11073029							-1124.167506	0.8996272552	-651.335897526926	
1121.607506	12	0	88	1	0.8957390969	8.753782315	0	91.24621768				39.88926971	0	60.11073029							-1121.607506	0.8957390969	-665.737349719881	
1119.047506	12	0	88	1	0.8919347102	8.620979727	0	91.37902027				39.88926971	0	60.11073029							-1119.047506	0.8919347102	-680.334183541976	
1116.487506	12	0	88	1	0.8882116275	8.48991384	0	91.51008616				39.88926971	0	60.11073029							-1116.487506	0.8882116275	-695.129365722259	
1113.927506	12	0	88	1	0.8845674833	8.360558409	0	91.63944159				39.88926971	0	60.11073029							-1113.927506	0.8845674833	-710.125932303326	
1111.367506	12	0	88	1	0.8810000087	8.232887905	0	91.7671121				39.88926971	0	60.11073029							-1111.367506	0.8810000087	-725.32699712283	
1108.807506	12	0	88	1	0.8775070264	8.106877487	0	91.89312251				39.88926971	0	60.11073029							-1108.807506	0.8775070264	-740.73577760099	
1106.247506	12	0	88	1	0.8740864461	7.982502972	0	92.01749703				39.88926971	0	60.11073029							-1106.247506	0.8740864461	-756.355598404451	
1103.687506	12	0	88	1	0.8707362601	7.859740808	0	92.14025919				39.88926971	0	60.11073029							-1103.687506	0.8707362601	-772.189841570209	
1101.127506	12	0	88	1	0.8674545388	7.738568051	0	92.26143195				39.88926971	0	60.11073029							-1101.127506	0.8674545388	-788.241992152647	
1098.567506	12	0	88	1	0.8642394272	7.618962338	0	92.38103766				39.88926971	0	60.11073029							-1098.567506	0.8642394272	-804.515649631804	
1096.007506	12	0	88	1	0.861089141	7.500901867	0	92.49909813				39.88926971	0	60.11073029							-1096.007506	0.861089141	-821.014492619628	
1093.447506	12	0	88	1	0.8580019632	7.384365371	0	92.61563463				39.88926971	0	60.11073029							-1093.447506	0.8580019632	-837.742313586646	
1090.887506	12	0	88	1	0.8549762409	7.269332102	0	92.7306679				39.88926971	0	60.11073029							-1090.887506	0.8549762409	-854.702995637628	
1088.327506	12	0	88	1	0.8520103821	7.155781808	0	92.84421819				39.88926971	0	60.11073029							-1088.327506	0.8520103821	-871.900566300615	
1085.767506	12	0	88	1	0.8491028532	7.043694714	0	92.95630529				39.88926971	0	60.11073029							-1085.767506	0.8491028532	-889.339130832642	
1083.207506	12	0	88	1	0.8462521757	6.933051506	0	93.06694849				39.88926971	0	60.11073029							-1083.207506	0.8462521757	-907.022877549287	
1080.647506	12	0	88	1	0.843456924	6.823833311	0	93.17616669				39.88926971	0	60.11073029							-1080.647506	0.843456924	-924.95616726753	
1078.087506	12	0	88	1	0.840715723	6.716021684	0	93.28397832				39.88926971	0	60.11073029							-1078.087506	0.840715723	-943.143448853058	
1075.527506	12	0	88	1	0.8380272456	6.60959859	0	93.39040141				39.88926971	0	60.11073029							-1075.527506	0.8380272456	-961.589304454719	
1072.967506	12	0	88	1	0.8353902108	6.504546389	0	93.49545361				39.88926971	0	60.11073029							-1072.967506	0.8353902108	-981.234247242863	
1071.687506	12	0	88	1	0.8340925301	6.452528947	0	93.54747105				39.88926971	0	60.11073029							-1071.687506	0.8340925301	-967.53380202058	
1071.607506	12	0	88	1	0.8340097428	6.449289054	0	93.55071095				39.88926971	0	60.11073029							-1071.607506	0.8340097428	-982.477106793404	
1071.567506	12	0	88	1	0.8339693532	6.447669596	0	93.5523304				39.88926971	0	60.11073029							-1071.567506	0.8339693532	-990.520744824129	
1071.547506	12	0	88	1	0.8339491635	6.446859948	0	93.55314005				39.88926971	0	60.11073029							-1071.547506	0.8339491635	-990.58013853485	
1071.536917	12	0	88	1	0	6.446431404	0	93.5535686				39.88926971	0	60.11073029	1.908591097	0	98.0914089				-1071.536917	0	-0.0126974166575912	
1071.517506	12	0	88	1								39.88926971	0	60.11073029	1.908369141	0	98.09163086				-1071.517506			
1071.497506	12	0	88	1								39.88926971	0	60.11073029	1.908140504	0	98.0918595				-1071.497506			
1071.457506	12	0	88	1								39.88926971	0	60.11073029	1.907683267	0	98.09231673				-1071.457506			
1071.377506	12	0	88	1								39.88926971	0	60.11073029	1.90676904	0	98.09323096				-1071.377506			
1071.217506	12	0	88	1								39.88926971	0	60.11073029	1.904941574	0	98.09505843				-1071.217506			
1070.897506	12	0	88	1								39.88926971	0	60.11073029	1.901290593	0	98.09870941				-1070.897506			
1070.257506	12	0	88	1								39.88926971	0	60.11073029	1.894004415	0	98.10599558				-1070.257506			
1068.977506	12	0	88	1								39.88926971	0	60.11073029	1.879495039	0	98.12050496				-1068.977506			
1066.417506	12	0	88	1								39.88926971	0	60.11073029	1.850726987	0	98.14927301				-1066.417506			
1063.857506	12	0	88	1								39.88926971	0	60.11073029	1.822290883	0	98.17770912				-1063.857506			
1061.297506	12	0	88	1								39.88926971	0	60.11073029	1.794183977	0	98.20581602				-1061.297506			
1058.737506	12	0	88	1								39.88926971	0	60.11073029	1.766403536	0	98.23359646				-1058.737506			
1056.177506	12	0	88	1								39.88926971	0	60.11073029	1.73894685	0	98.26105315				-1056.177506			
1053.617506	12	0	88	1								39.88926971	0	60.11073029	1.711811234	0	98.28818877				-1053.617506			
1051.057506	12	0	88	1								39.88926971	0	60.11073029	1.684994024	0	98.31500598				-1051.057506			
1048.497506	12	0	88	1								39.88926971	0	60.11073029	1.658492576	0	98.34150742				-1048.497506			
1045.937506	12	0	88	1								39.88926971	0	60.11073029	1.632304269	0	98.36769573				-1045.937506			
1043.377506	12	0	88	1								39.88926971	0	60.11073029	1.606426502	0	98.3935735				-1043.377506			
1040.817506	12	0	88	1								39.88926971	0	60.11073029	1.580856694	0	98.41914331				-1040.817506			
1038.257506	12	0	88	1								39.88926971	0	60.11073029	1.555592286	0	98.44440771				-1038.257506			
1035.697506	12	0	88	1								39.88926971	0	60.11073029	1.530630736	0	98.46936926				-1035.697506			
1033.137506	12	0	88	1								39.88926971	0	60.11073029	1.505969522	0	98.49403048				-1033.137506			
1030.577506	12	0	88	1								39.88926971	0	60.11073029	1.481606143	0	98.51839386				-1030.577506			
1028.017506	12	0	88	1								39.88926971	0	60.11073029	1.457538112	0	98.54246189				-1028.017506			
1025.457506	12	0	88	1								39.88926971	0	60.11073029	1.433762965	0	98.56623703				-1025.457506			
1022.897506	12	0	88	1								39.88926971	0	60.11073029	1.410278253	0	98.58972175				-1022.897506			
1020.337506	12	0	88	1								39.88926971	0	60.11073029	1.387081546	0	98.61291845				-1020.337506			
1017.777506	12	0	88	1								39.88926971	0	60.11073029	1.364170428	0	98.63582957				-1017.777506			
1015.217506	12	0	88	1								39.88926971	0	60.11073029	1.341542504	0	98.6584575				-1015.217506			
1012.657506	12	0	88	1								39.88926971	0	60.11073029	1.319195394	0	98.68080461				-1012.657506			
1010.097506	12	0	88	1								39.88926971	0	60.11073029	1.297126732	0	98.70287327				-1010.097506			
1007.537506	12	0	88	1								39.88926971	0	60.11073029	1.275334172	0	98.72466583				-1007.537506			
1004.977506	12	0	88	1								39.88926971	0	60.11073029	1.25381538	0	98.74618462				-1004.977506			
1002.417506	12	0	88	1								39.88926971	0	60.11073029	1.232568039	0	98.76743196				-1002.417506			
999.8575058	12	0	88	1								39.88926971	0	60.11073029	1.211589848	0	98.78841015				-999.8575058			
997.2975058	12	0	88	1								39.88926971	0	60.11073029	1.190878519	0	98.80912148				-997.2975058			
994.7375058	12	0	88	1								39.88926971	0	60.11073029	1.170431779	0	98.82956822				-994.7375058			
992.1775058	12	0	88	1								39.88926971	0	60.11073029	1.150247371	0	98.84975263				-992.1775058			
989.6175058	12	0	88	1								39.88926971	0	60.11073029	1.130323049	0	98.86967695				-989.6175058			
987.0575058	12	0	88	1								39.88926971	0	60.11073029	1.110656583	0	98.88934342				-987.0575058			
984.4975058	12	0	88	1								39.88926971	0	60.11073029	1.091245756	0	98.90875424				-984.4975058			
981.9375058	12	0	88	1								39.88926971	0	60.11073029	1.072088365	0	98.92791164				-981.9375058			
979.3775058	12	0	88	1								39.88926971	0	60.11073029	1.053182218	0	98.94681778				-979.3775058			
976.8175058	12	0	88	1								39.88926971	0	60.11073029	1.034525139	0	98.96547486				-976.8175058			
974.2575058	12	0	88	1								39.88926971	0	60.11073029	1.016114962	0	98.98388504				-974.2575058			
971.6975058	12	0	88	1								39.88926971	0	60.11073029	0.9979495346	0	99.00205047				-971.6975058			
969.1375058	12	0	88	1								39.88926971	0	60.11073029	0.9800267165	0	99.01997328				-969.1375058			
966.5775058	12	0	88	1								39.88926971	0	60.11073029	0.9623443793	0	99.03765562				-966.5775058			
964.0175058	12	0	88	1								39.88926971	0	60.11073029	0.9449004067	0	99.05509959				-964.0175058			
961.4575058	12	0	88	1								39.88926971	0	60.11073029	0.9276926938	0	99.07230731				-961.4575058			
958.8975058	12	0	88	1								39.88926971	0	60.11073029	0.9107191474	0	99.08928085				-958.8975058			
956.3375058	12	0	88	1								39.88926971	0	60.11073029	0.8939776855	0	99.10602231				-956.3375058			
953.7775058	12	0	88	1								39.88926971	0	60.11073029	0.8774662371	0	99.12253376				-953.7775058			
951.2175058	12	0	88	1								39.88926971	0	60.11073029	0.8611827423	0	99.13881726				-951.2175058			
948.6575058	12	0	88	1								39.88926971	0	60.11073029	0.845125152	0	99.15487485				-948.6575058			
946.0975058	12	0	88	1								39.88926971	0	60.11073029	0.8292914275	0	99.17070857				-946.0975058			
943.5375058	12	0	88	1								39.88926971	0	60.11073029	0.8136795409	0	99.18632046				-943.5375058			
940.9775058	12	0	88	1								39.88926971	0	60.11073029	0.7982874743	0	99.20171253				-940.9775058			
938.4175058	12	0	88	1								39.88926971	0	60.11073029	0.78311322	0	99.21688678				-938.4175058			
935.8575058	12	0	88	1								39.88926971	0	60.11073029	0.7681547807	0	99.23184522				-935.8575058			
933.2975058	12	0	88	1								39.88926971	0	60.11073029	0.7534101684	0	99.24658983				-933.2975058			
930.7375058	12	0	88	1								39.88926971	0	60.11073029	0.7388774054	0	99.26112259				-930.7375058			
928.1775058	12	0	88	1								39.88926971	0	60.11073029	0.7245545231	0	99.27544548				-928.1775058			
925.6175058	12	0	88	1								39.88926971	0	60.11073029	0.7104395629	0	99.28956044				-925.6175058			
923.0575058	12	0	88	1								39.88926971	0	60.11073029	0.6965305752	0	99.30346942				-923.0575058			
920.4975058	12	0	88	1								39.88926971	0	60.11073029	0.6828256198	0	99.31717438				-920.4975058			
917.9375058	12	0	88	1								39.88926971	0	60.11073029	0.6693227657	0	99.33067723				-917.9375058			
915.3775058	12	0	88	1								39.88926971	0	60.11073029	0.6560200907	0	99.34397991				-915.3775058			
912.8175058	12	0	88	1								39.88926971	0	60.11073029	0.6429156819	0	99.35708432				-912.8175058			
910.2575058	12	0	88	1								39.88926971	0	60.11073029	0.6300076348	0	99.36999237				-910.2575058			
907.6975058	12	0	88	1								39.88926971	0	60.11073029	0.6172940539	0	99.38270595				-907.6975058			
905.1375058	12	0	88	1								39.88926971	0	60.11073029	0.6047730523	0	99.39522695				-905.1375058			
902.5775058	12	0	88	1								39.88926971	0	60.11073029	0.5924427516	0	99.40755725				-902.5775058			
900.0175058	12	0	88	1								39.88926971	0	60.11073029	0.5803012818	0	99.41969872				-900.0175058			
897.4575058	12	0	88	1								39.88926971	0	60.11073029	0.5683467814	0	99.43165322				-897.4575058			
894.8975058	12	0	88	1								39.88926971	0	60.11073029	0.5565773972	0	99.4434226				-894.8975058			
892.3375058	12	0	88	1								39.88926971	0	60.11073029	0.5449912841	0	99.45500872				-892.3375058			
889.7775058	12	0	88	1								39.88926971	0	60.11073029	0.5335866052	0	99.46641339				-889.7775058			
887.2175058	12	0	88	1								39.88926971	0	60.11073029	0.5223615318	0	99.47763847				-887.2175058			
884.6575058	12	0	88	1								39.88926971	0	60.11073029	0.5113142429	0	99.48868576				-884.6575058			
882.0975058	12	0	88	1								39.88926971	0	60.11073029	0.5004429259	0	99.49955707				-882.0975058			
879.5375058	12	0	88	1								39.88926971	0	60.11073029	0.4897457757	0	99.51025422				-879.5375058			
876.9775058	12	0	88	1								39.88926971	0	60.11073029	0.4792209953	0	99.520779				-876.9775058			
874.4175058	12	0	88	1								39.88926971	0	60.11073029	0.4688667954	0	99.5311332				-874.4175058			
871.8575058	12	0	88	1								39.88926971	0	60.11073029	0.4586813944	0	99.54131861				-871.8575058			
869.2975058	12	0	88	1								39.88926971	0	60.11073029	0.4486630186	0	99.55133698				-869.2975058			
866.7375058	12	0	88	1								39.88926971	0	60.11073029	0.4388099017	0	99.5611901				-866.7375058			
864.1775058	12	0	88	1								39.88926971	0	60.11073029	0.4291202853	0	99.57087971				-864.1775058			
861.6175058	12	0	88	1								39.88926971	0	60.11073029	0.4195924183	0	99.58040758				-861.6175058			
859.0575058	12	0	88	1								39.88926971	0	60.11073029	0.4102245573	0	99.58977544				-859.0575058			
856.4975058	12	0	88	1								39.88926971	0	60.11073029	0.4010149666	0	99.59898503				-856.4975058			
853.9375058	12	0	88	1								39.88926971	0	60.11073029	0.3919619178	0	99.60803808				-853.9375058			
851.3775058	12	0	88	1								39.88926971	0	60.11073029	0.38306369	0	99.61693631				-851.3775058			
848.8175058	12	0	88	1								39.88926971	0	60.11073029	0.3743185698	0	99.62568143				-848.8175058			
846.2575058	12	0	88	1								39.88926971	0	60.11073029	0.3657248513	0	99.63427515				-846.2575058			
843.6975058	12	0	88	1								39.88926971	0	60.11073029	0.3572808361	0	99.64271916				-843.6975058			
841.1375058	12	0	88	1								39.88926971	0	60.11073029	0.348984833	0	99.65101517				-841.1375058			
838.5775058	12	0	88	1								39.88926971	0	60.11073029	0.3408351585	0	99.65916484				-838.5775058			
836.0175058	12	0	88	1								39.88926971	0	60.11073029	0.3328301363	0	99.66716986				-836.0175058			
833.4575058	12	0	88	1								39.88926971	0	60.11073029	0.3249680976	0	99.6750319				-833.4575058			
830.8975058	12	0	88	1								39.88926971	0	60.11073029	0.3172473812	0	99.68275262				-830.8975058			
828.3375058	12	0	88	1								39.88926971	0	60.11073029	0.309666333	0	99.69033367				-828.3375058			
825.7775058	12	0	88	1								39.88926971	0	60.11073029	0.3022233066	0	99.69777669				-825.7775058			
823.2175058	12	0	88	1								39.88926971	0	60.11073029	0.2949166629	0	99.70508334				-823.2175058			
820.6575058	12	0	88	1								39.88926971	0	60.11073029	0.2877447703	0	99.71225523				-820.6575058			
818.0975058	12	0	88	1								39.88926971	0	60.11073029	0.2807060048	0	99.719294				-818.0975058			
815.5375058	12	0	88	1								39.88926971	0	60.11073029	0.2737987496	0	99.72620125				-815.5375058			
812.9775058	12	0	88	1								39.88926971	0	60.11073029	0.2670213958	0	99.7329786				-812.9775058			
810.4175058	12	0	88	1								39.88926971	0	60.11073029	0.2603723416	0	99.73962766				-810.4175058			
807.8575058	12	0	88	1								39.88926971	0	60.11073029	0.2538499932	0	99.74615001				-807.8575058			
805.2975058	12	0	88	1								39.88926971	0	60.11073029	0.2474527641	0	99.75254724				-805.2975058			
802.7375058	12	0	88	1								39.88926971	0	60.11073029	0.2411790755	0	99.75882092				-802.7375058			
800.1775058	12	0	88	1								39.88926971	0	60.11073029	0.2350273562	0	99.76497264				-800.1775058			
797.6175058	12	0	88	1								39.88926971	0	60.11073029	0.2289960428	0	99.77100396				-797.6175058			
795.0575058	12	0	88	1								39.88926971	0	60.11073029	0.2230835797	0	99.77691642				-795.0575058			
792.4975058	12	0	88	1								39.88926971	0	60.11073029	0.2172884187	0	99.78271158				-792.4975058			
789.9375058	12	0	88	1								39.88926971	0	60.11073029	0.2116090198	0	99.78839098				-789.9375058			
787.3775058	12	0	88	1								39.88926971	0	60.11073029	0.2060438507	0	99.79395615				-787.3775058			
784.8175058	12	0	88	1								39.88926971	0	60.11073029	0.200591387	0	99.79940861				-784.8175058			
782.2575058	12	0	88	1								39.88926971	0	60.11073029	0.1952501122	0	99.80474989				-782.2575058			
779.6975058	12	0	88	1								39.88926971	0	60.11073029	0.1900185178	0	99.80998148				-779.6975058			
777.1375058	12	0	88	1								39.88926971	0	60.11073029	0.1848951035	0	99.8151049				-777.1375058			
774.5775058	12	0	88	1								39.88926971	0	60.11073029	0.1798783769	0	99.82012162				-774.5775058			
772.0175058	12	0	88	1								39.88926971	0	60.11073029	0.1749668539	0	99.82503315				-772.0175058			
769.4575058	12	0	88	1								39.88926971	0	60.11073029	0.1701590585	0	99.82984094				-769.4575058			
766.8975058	12	0	88	1								39.88926971	0	60.11073029	0.1654535232	0	99.83454648				-766.8975058			
764.3375058	12	0	88	1								39.88926971	0	60.11073029	0.1608487884	0	99.83915121				-764.3375058			
761.7775058	12	0	88	1								39.88926971	0	60.11073029	0.1563434034	0	99.8436566				-761.7775058			
759.2175058	12	0	88	1								39.88926971	0	60.11073029	0.1519359257	0	99.84806407				-759.2175058			
756.6575058	12	0	88	1								39.88926971	0	60.11073029	0.1476249213	0	99.85237508				-756.6575058			
754.0975058	12	0	88	1								39.88926971	0	60.11073029	0.1434089648	0	99.85659104				-754.0975058			
751.5375058	12	0	88	1								39.88926971	0	60.11073029	0.1392866397	0	99.86071336				-751.5375058			
748.9775058	12	0	88	1								39.88926971	0	60.11073029	0.1352565379	0	99.86474346				-748.9775058			
746.4175058	12	0	88	1								39.88926971	0	60.11073029	0.1313172603	0	99.86868274				-746.4175058			
743.8575058	12	0	88	1								39.88926971	0	60.11073029	0.1274674166	0	99.87253258				-743.8575058			
741.2975058	12	0	88	1								39.88926971	0	60.11073029	0.1237056255	0	99.87629437				-741.2975058			
738.7375058	12	0	88	1								39.88926971	0	60.11073029	0.1200305147	0	99.87996949				-738.7375058			
736.1775058	12	0	88	1								39.88926971	0	60.11073029	0.1164407211	0	99.88355928				-736.1775058			
733.6175058	12	0	88	1								39.88926971	0	60.11073029	0.1129348905	0	99.88706511				-733.6175058			
731.0575058	12	0	88	1								39.88926971	0	60.11073029	0.1095116783	0	99.89048832				-731.0575058			
728.4975058	12	0	88	1								39.88926971	0	60.11073029	0.1061697489	0	99.89383025				-728.4975058			
725.9375058	12	0	88	1								39.88926971	0	60.11073029	0.1029077764	0	99.89709222				-725.9375058			
723.3775058	12	0	88	1								39.88926971	0	60.11073029	0.09972444418	0	99.90027556				-723.3775058			
720.8175058	12	0	88	1								39.88926971	0	60.11073029	0.0966184453	0	99.90338155				-720.8175058			
718.2575058	12	0	88	1								39.88926971	0	60.11073029	0.09358848244	0	99.90641152				-718.2575058			
715.6975058	12	0	88	1								39.88926971	0	60.11073029	0.09063326799	0	99.90936673				-715.6975058			
713.1375058	12	0	88	1								39.88926971	0	60.11073029	0.08775152417	0	99.91224848				-713.1375058			
710.5775058	12	0	88	1								39.88926971	0	60.11073029	0.0849419831	0	99.91505802				-710.5775058			
708.0175058	12	0	88	1								39.88926971	0	60.11073029	0.08220338685	0	99.91779661				-708.0175058			
705.4575058	12	0	88	1								39.88926971	0	60.11073029	0.07953448757	0	99.92046551				-705.4575058			
702.8975058	12	0	88	1								39.88926971	0	60.11073029	0.07693404753	0	99.92306595				-702.8975058			
700.3375058	12	0	88	1								39.88926971	0	60.11073029	0.07440083924	0	99.92559916				-700.3375058			
697.7775058	12	0	88	1								39.88926971	0	60.11073029	0.07193364548	0	99.92806635				-697.7775058			
695.2175058	12	0	88	1								39.88926971	0	60.11073029	0.06953125945	0	99.93046874				-695.2175058			
692.6575058	12	0	88	1								39.88926971	0	60.11073029	0.06719248478	0	99.93280752				-692.6575058			
690.0975058	12	0	88	1								39.88926971	0	60.11073029	0.06491613566	0	99.93508386				-690.0975058			
687.5375058	12	0	88	1								39.88926971	0	60.11073029	0.06270103691	0	99.93729896				-687.5375058			
684.9775058	12	0	88	1								39.88926971	0	60.11073029	0.06054602405	0	99.93945398				-684.9775058			
682.4175058	12	0	88	1								39.88926971	0	60.11073029	0.05844994337	0	99.94155006				-682.4175058			
679.8575058	12	0	88	1								39.88926971	0	60.11073029	0.05641165204	0	99.94358835				-679.8575058			
677.2975058	12	0	88	1								39.88926971	0	60.11073029	0.05443001816	0	99.94556998				-677.2975058			
674.7375058	12	0	88	1								39.88926971	0	60.11073029	0.05250392085	0	99.94749608				-674.7375058			
672.1775058	12	0	88	1								39.88926971	0	60.11073029	0.05063225032	0	99.94936775				-672.1775058			
669.6175058	12	0	88	1								39.88926971	0	60.11073029	0.04881390794	0	99.95118609				-669.6175058			
667.0575058	12	0	88	1								39.88926971	0	60.11073029	0.04704780631	0	99.95295219				-667.0575058			
664.4975058	12	0	88	1								39.88926971	0	60.11073029	0.04533286938	0	99.95466713				-664.4975058			
661.9375058	12	0	88	1								39.88926971	0	60.11073029	0.04366803243	0	99.95633197				-661.9375058			
659.3775058	12	0	88	1								39.88926971	0	60.11073029	0.04205224223	0	99.95794776				-659.3775058			
656.8175058	12	0	88	1								39.88926971	0	60.11073029	0.04048445704	0	99.95951554				-656.8175058			
654.2575058	12	0	88	1								39.88926971	0	60.11073029	0.03896364673	0	99.96103635				-654.2575058			
651.6975058	12	0	88	1								39.88926971	0	60.11073029	0.03748879281	0	99.96251121				-651.6975058			
649.1375058	12	0	88	1								39.88926971	0	60.11073029	0.03605888848	0	99.96394111				-649.1375058			
646.5775058	12	0	88	1								39.88926971	0	60.11073029	0.03467293873	0	99.96532706				-646.5775058			
644.0175058	12	0	88	1								39.88926971	0	60.11073029	0.03332996039	0	99.96667004				-644.0175058			
641.4575058	12	0	88	1								39.88926971	0	60.11073029	0.03202898215	0	99.96797102				-641.4575058			
638.8975058	12	0	88	1								39.88926971	0	60.11073029	0.03076904466	0	99.96923096				-638.8975058			
636.3375058	12	0	88	1								39.88926971	0	60.11073029	0.02954920055	0	99.9704508				-636.3375058			
633.7775058	12	0	88	1								39.88926971	0	60.11073029	0.0283685145	0	99.97163149				-633.7775058			
631.2175058	12	0	88	1								39.88926971	0	60.11073029	0.02722606329	0	99.97277394				-631.2175058			
628.6575058	12	0	88	1								39.88926971	0	60.11073029	0.02612093581	0	99.97387906				-628.6575058			
626.0975058	12	0	88	1								39.88926971	0	60.11073029	0.02505223313	0	99.97494777				-626.0975058			
623.5375058	12	0	88	1								39.88926971	0	60.11073029	0.02401906855	0	99.97598093				-623.5375058			
620.9775058	12	0	88	1								39.88926971	0	60.11073029	0.02302056762	0	99.97697943				-620.9775058			
618.4175058	12	0	88	1								39.88926971	0	60.11073029	0.02205586815	0	99.97794413				-618.4175058			
615.8575058	12	0	88	1								39.88926971	0	60.11073029	0.02112412031	0	99.97887588				-615.8575058			
613.2975058	12	0	88	1								39.88926971	0	60.11073029	0.02022448657	0	99.97977551				-613.2975058			
610.7375058	12	0	88	1								39.88926971	0	60.11073029	0.0193561418	0	99.98064386				-610.7375058			
608.1775058	12	0	88	1								39.88926971	0	60.11073029	0.01851827325	0	99.98148173				-608.1775058			
605.6175058	12	0	88	1								39.88926971	0	60.11073029	0.01771008057	0	99.98228992				-605.6175058			
603.0575058	12	0	88	1								39.88926971	0	60.11073029	0.01693077584	0	99.98306922				-603.0575058			
600.4975058	12	0	88	1								39.88926971	0	60.11073029	0.01617958359	0	99.98382042				-600.4975058			
597.9375058	12	0	88	1								39.88926971	0	60.11073029	0.01545574077	0	99.98454426				-597.9375058			
595.3775058	12	0	88	1								39.88926971	0	60.11073029	0.01475849679	0	99.9852415				-595.3775058			
592.8175058	12	0	88	1								39.88926971	0	60.11073029	0.01408711352	0	99.98591289				-592.8175058			
590.2575058	12	0	88	1								39.88926971	0	60.11073029	0.01344086525	0	99.98655913				-590.2575058			
587.6975058	12	0	88	1								39.88926971	0	60.11073029	0.01281903873	0	99.98718096				-587.6975058			
585.1375058	12	0	88	1								39.88926971	0	60.11073029	0.01222093315	0	99.98777907				-585.1375058			
582.5775058	12	0	88	1								39.88926971	0	60.11073029	0.0116458601	0	99.98835414				-582.5775058			
580.0175058	12	0	88	1								39.88926971	0	60.11073029	0.01109314357	0	99.98890686				-580.0175058			
577.4575058	12	0	88	1								39.88926971	0	60.11073029	0.01056211994	0	99.98943788				-577.4575058			
574.8975058	12	0	88	1								39.88926971	0	60.11073029	0.01005213795	0	99.98994786				-574.8975058			
572.3375058	12	0	88	1								39.88926971	0	60.11073029	0.009562558634	0	99.99043744				-572.3375058			
569.7775058	12	0	88	1								39.88926971	0	60.11073029	0.009092755352	0	99.99090724				-569.7775058			
567.2175058	12	0	88	1								39.88926971	0	60.11073029	0.008642113703	0	99.99135789				-567.2175058			
564.6575058	12	0	88	1								39.88926971	0	60.11073029	0.008210031502	0	99.99178997				-564.6575058			
562.0975058	12	0	88	1								39.88926971	0	60.11073029	0.007795918734	0	99.99220408				-562.0975058			
559.5375058	12	0	88	1								39.88926971	0	60.11073029	0.007399197505	0	99.9926008				-559.5375058			
556.9775058	12	0	88	1								39.88926971	0	60.11073029	0.007019301985	0	99.9929807				-556.9775058			
554.4175058	12	0	88	1								39.88926971	0	60.11073029	0.006655678357	0	99.99334432				-554.4175058			
551.8575058	12	0	88	1								39.88926971	0	60.11073029	0.006307784752	0	99.99369222				-551.8575058			
549.2975058	12	0	88	1								39.88926971	0	60.11073029	0.005975091182	0	99.99402491				-549.2975058			
546.7375058	12	0	88	1								39.88926971	0	60.11073029	0.005657079477	0	99.99434292				-546.7375058			
544.1775058	12	0	88	1								39.88926971	0	60.11073029	0.005353243204	0	99.99464676				-544.1775058			
541.6175058	12	0	88	1								39.88926971	0	60.11073029	0.005063087598	0	99.99493691				-541.6175058			
539.0575058	12	0	88	1								39.88926971	0	60.11073029	0.004786129471	0	99.99521387				-539.0575058			
536.4975058	12	0	88	1								39.88926971	0	60.11073029	0.004521897135	0	99.9954781				-536.4975058			
533.9375058	12	0	88	1								39.88926971	0	60.11073029	0.00426993031	0	99.99573007				-533.9375058			
531.3775058	12	0	88	1								39.88926971	0	60.11073029	0.004029780029	0	99.99597022				-531.3775058			
528.8175058	12	0	88	1								39.88926971	0	60.11073029	0.003801008541	0	99.99619899				-528.8175058			
526.2575058	12	0	88	1								39.88926971	0	60.11073029	0.003583189214	0	99.99641681				-526.2575058			
523.6975058	12	0	88	1								39.88926971	0	60.11073029	0.003375906427	0	99.99662409				-523.6975058			
521.1375058	12	0	88	1								39.88926971	0	60.11073029	0.003178755462	0	99.99682124				-521.1375058			
518.5775058	12	0	88	1								39.88926971	0	60.11073029	0.002991342392	0	99.99700866				-518.5775058			
516.0175058	12	0	88	1								39.88926971	0	60.11073029	0.002813283967	0	99.99718672				-516.0175058			
513.4575058	12	0	88	1								39.88926971	0	60.11073029	0.002644207492	0	99.99735579				-513.4575058			
510.8975058	12	0	88	1								39.88926971	0	60.11073029	0.002483750707	0	99.99751625				-510.8975058			
508.3375058	12	0	88	1								39.88926971	0	60.11073029	0.002331561659	0	99.99766844				-508.3375058			
505.7775058	12	0	88	1								39.88926971	0	60.11073029	0.002187298576	0	99.9978127				-505.7775058			
503.2175058	12	0	88	1								39.88926971	0	60.11073029	0.002050629731	0	99.99794937				-503.2175058			
500.6575058	12	0	88	1								39.88926971	0	60.11073029	0.001921233305	0	99.99807877				-500.6575058			
498.0975058	12	0	88	1								39.88926971	0	60.11073029	0.001798797257	0	99.9982012				-498.0975058			
495.5375058	12	0	88	1								39.88926971	0	60.11073029	0.001683019171	0	99.99831698				-495.5375058			
492.9775058	12	0	88	1								39.88926971	0	60.11073029	0.001573606122	0	99.99842639				-492.9775058			
490.4175058	12	0	88	1								39.88926971	0	60.11073029	0.00147027452	0	99.99852973				-490.4175058			
487.8575058	12	0	88	1								39.88926971	0	60.11073029	0.00137274997	0	99.99862725				-487.8575058			
485.2975058	12	0	88	1								39.88926971	0	60.11073029	0.001280767112	0	99.99871923				-485.2975058			
482.7375058	12	0	88	1								39.88926971	0	60.11073029	0.001194069471	0	99.99880593				-482.7375058			
480.1775058	12	0	88	1								39.88926971	0	60.11073029	0.001112409298	0	99.99888759				-480.1775058			
477.6175058	12	0	88	1								39.88926971	0	60.11073029	0.001035547416	0	99.99896445				-477.6175058			
475.0575058	12	0	88	1								39.88926971	0	60.11073029	0.0009632530547	0	99.99903675				-475.0575058			
472.4975058	12	0	88	1								39.88926971	0	60.11073029	0.0008953036902	0	99.9991047				-472.4975058			
469.9375058	12	0	88	1								39.88926971	0	60.11073029	0.000831484882	0	99.99916852				-469.9375058			
467.3775058	12	0	88	1								39.88926971	0	60.11073029	0.0007715901071	0	99.99922841				-467.3775058			
464.8175058	12	0	88	1								39.88926971	0	60.11073029	0.0007154205929	0	99.99928458				-464.8175058			
462.2575058	12	0	88	1								39.88926971	0	60.11073029	0.0006627851503	0	99.99933721				-462.2575058			
459.6975058	12	0	88	1								39.88926971	0	60.11073029	0.0006135000041	0	99.9993865				-459.6975058			
457.1375058	12	0	88	1								39.88926971	0	60.11073029	0.0005673886237	0	99.99943261				-457.1375058			
454.5775058	12	0	88	1								39.88926971	0	60.11073029	0.0005242815527	0	99.99947572				-454.5775058			
452.0175058	12	0	88	1								39.88926971	0	60.11073029	0.0004840162376	0	99.99951598				-452.0175058			
449.4575058	12	0	88	1								39.88926971	0	60.11073029	0.0004464368567	0	99.99955356				-449.4575058			
446.8975058	12	0	88	1								39.88926971	0	60.11073029	0.0004113941482	0	99.99958861				-446.8975058			
444.3375058	12	0	88	1								39.88926971	0	60.11073029	0.0003787452387	0	99.99962125				-444.3375058			
441.7775058	12	0	88	1								39.88926971	0	60.11073029	0.0003483534715	0	99.99965165				-441.7775058			
439.2175058	12	0	88	1								39.88926971	0	60.11073029	0.0003200882351	0	99.99967991				-439.2175058			
436.6575058	12	0	88	1								39.88926971	0	60.11073029	0.0002938247923	0	99.99970618				-436.6575058			
434.0975058	12	0	88	1								39.88926971	0	60.11073029	0.0002694441095	0	99.99973056				-434.0975058			
431.5375058	12	0	88	1								39.88926971	0	60.11073029	0.0002468326877	0	99.99975317				-431.5375058			
428.9775058	12	0	88	1								39.88926971	0	60.11073029	0.0002258823926	0	99.99977412				-428.9775058			
426.4175058	12	0	88	1								39.88926971	0	60.11073029	0.0002064902879	0	99.99979351				-426.4175058			
423.8575058	12	0	88	1								39.88926971	0	60.11073029	0.0001885584678	0	99.99981144				-423.8575058			
421.2975058	12	0	88	1								39.88926971	0	60.11073029	0.0001719938923	0	99.99982801				-421.2975058			
418.7375058	12	0	88	1								39.88926971	0	60.11073029	0.0001567082231	0	99.99984329				-418.7375058			
416.1775058	12	0	88	1								39.88926971	0	60.11073029	0.0001426176619	0	99.99985738				-416.1775058			
413.6175058	12	0	88	1								39.88926971	0	60.11073029	0.0001296427895	0	99.99987036				-413.6175058			
411.0575058	12	0	88	1								39.88926971	0	60.11073029	0.0001177084079	0	99.99988229				-411.0575058			
408.4975058	12	0	88	1								39.88926971	0	60.11073029	0.0001067433834	0	99.99989326				-408.4975058			
405.9375058	12	0	88	1								39.88926971	0	60.11073029	9.668049309E-05	0	99.99990332				-405.9375058			
403.3775058	12	0	88	1								39.88926971	0	60.11073029	8.745627244E-05	0	99.99991254				-403.3775058			
400.8175058	12	0	88	1								39.88926971	0	60.11073029	7.901086616E-05	0	99.99992099				-400.8175058			
398.2575058	12	0	88	1								39.88926971	0	60.11073029	7.128788131E-05	0	99.99992871				-398.2575058			
395.6975058	12	0	88	1								39.88926971	0	60.11073029	6.423424307E-05	0	99.99993577				-395.6975058			
393.1375058	12	0	88	1								39.88926971	0	60.11073029	5.78000534E-05	0	99.9999422				-393.1375058			
390.5775058	12	0	88	1								39.88926971	0	60.11073029	5.193845244E-05	0	99.99994806				-390.5775058			
388.0175058	12	0	88	1								39.88926971	0	60.11073029	4.660548296E-05	0	99.99995339				-388.0175058			
385.4575058	12	0	88	1								39.88926971	0	60.11073029	4.175995789E-05	0	99.99995824				-385.4575058			
382.8975058	12	0	88	1								39.88926971	0	60.11073029	3.736333088E-05	0	99.99996264				-382.8975058			
380.3375058	12	0	88	1								39.88926971	0	60.11073029	3.337957019E-05	0	99.99996662				-380.3375058			
377.7775058	12	0	88	1								39.88926971	0	60.11073029	2.977503575E-05	0	99.99997022				-377.7775058			
375.2175058	12	0	88	1								39.88926971	0	60.11073029	2.651835964E-05	0	99.99997348				-375.2175058			
372.6575058	12	0	88	1								39.88926971	0	60.11073029	2.358032989E-05	0	99.99997642				-372.6575058			
370.0975058	12	0	88	1								39.88926971	0	60.11073029	2.093377779E-05	0	99.99997907				-370.0975058			
367.5375058	12	0	88	1								39.88926971	0	60.11073029	1.855346857E-05	0	99.99998145				-367.5375058			
364.9775058	12	0	88	1								39.88926971	0	60.11073029	1.64159957E-05	0	99.99998358				-364.9775058			
362.4175058	12	0	88	1								39.88926971	0	60.11073029	1.449967858E-05	0	99.9999855				-362.4175058			
359.8575058	12	0	88	1								39.88926971	0	60.11073029	1.278446393E-05	0	99.99998722				-359.8575058			
357.2975058	12	0	88	1								39.88926971	0	60.11073029	1.125183044E-05	0	99.99998875				-357.2975058			
354.7375058	12	0	88	1								39.88926971	0	60.11073029	9.884697671E-06	0	99.99999012				-354.7375058			
352.1775058	12	0	88	1								39.88926971	0	60.11073029	8.667337287E-06	0	99.99999133				-352.1775058			
349.6175058	12	0	88	1								39.88926971	0	60.11073029	7.585288984E-06	0	99.99999241				-349.6175058			
347.0575058	12	0	88	1								39.88926971	0	60.11073029	6.625279349E-06	0	99.99999337				-347.0575058			
344.4975058	12	0	88	1								39.88926971	0	60.11073029	5.775144304E-06	0	99.99999422				-344.4975058			
341.9375058	12	0	88	1								39.88926971	0	60.11073029	5.023754995E-06	0	99.99999498				-341.9375058			
339.3775058	12	0	88	1								39.88926971	0	60.11073029	4.360947082E-06	0	99.99999564				-339.3775058			
336.8175058	12	0	88	1								39.88926971	0	60.11073029	3.777453385E-06	0	99.99999622				-336.8175058			
334.2575058	12	0	88	1								39.88926971	0	60.11073029	3.26483983E-06	0	99.99999674				-334.2575058			
331.6975058	12	0	88	1								39.88926971	0	60.11073029	2.815444635E-06	0	99.99999718				-331.6975058			
329.1375058	12	0	88	1								39.88926971	0	60.11073029	2.422320671E-06	0	99.99999758				-329.1375058			
326.5775058	12	0	88	1								39.88926971	0	60.11073029	2.079180932E-06	0	99.99999792				-326.5775058			
324.0175058	12	0	88	1								39.88926971	0	60.11073029	1.780347033E-06	0	99.99999822				-324.0175058			
321.4575058	12	0	88	1								39.88926971	0	60.11073029	1.520700663E-06	0	99.99999848				-321.4575058			
318.8975058	12	0	88	1								39.88926971	0	60.11073029	1.295637904E-06	0	99.9999987				-318.8975058			
316.3375058	12	0	88	1								39.88926971	0	60.11073029	1.101026341E-06	0	99.9999989				-316.3375058			
313.7775058	12	0	88	1								39.88926971	0	60.11073029	9.331648491E-07	0	99.99999907				-313.7775058			
311.2175058	12	0	88	1								39.88926971	0	60.11073029	7.887459974E-07	0	99.99999921				-311.2175058			
308.6575058	12	0	88	1								39.88926971	0	60.11073029	6.64820945E-07	0	99.99999934				-308.6575058			
306.0975058	12	0	88	1								39.88926971	0	60.11073029	5.5876675E-07	0	99.99999944				-306.0975058			
303.5375058	12	0	88	1								39.88926971	0	60.11073029	4.682559854E-07	0	99.99999953				-303.5375058			
300.9775058	12	0	88	1								39.88926971	0	60.11073029	3.912285636E-07	0	99.99999961				-300.9775058			
300	12	0	88	1								39.88926971	0	60.11073029	3.649854803E-07	0	99.99999964				-300			
