T	w(CU)	w(FE)	w(TI)	fs	w(CU@BCC_A2)	w(FE@BCC_A2)	w(TI@BCC_A2)	w(CU@LIQUID)	w(FE@LIQUID)	w(TI@LIQUID)	dwdT_L(CU@LIQUID)	dwdT_L(FE@LIQUID)	dwdT_L(TI@LIQUID)	-T	fw(@BCC_A2)	-T//fw(@BCC_A2)	-T_1	fs_1	-T//fs	
K	%	%	%	mole/mole	%	%	%	%	%	%	SI	SI	SI		kg/kg					
1940.98	0	0	100	0	0	0	100	0	0	100			0	-1940.98	0	0.0154809999999088	-1940.98	0	0.0154809999999088	
1940.964519	0	0	100	1	0	0	100							-1940.964519	1	0.0154809999999088	-1940.964519	1	0.0154809999999088	
1940.954519	0	0	100	1	0	0	100							-1940.954519	1	NaN	-1940.954519	1	NaN	
1940.934519	0	0	100	1	0	0	100							-1940.934519	1	NaN	-1940.934519	1	NaN	
1940.894519	0	0	100	1	0	0	100							-1940.894519	1	NaN	-1940.894519	1	NaN	
1940.814519	0	0	100	1	0	0	100							-1940.814519	1	NaN	-1940.814519	1	NaN	
1940.654519	0	0	100	1	0	0	100							-1940.654519	1	NaN	-1940.654519	1	NaN	
1940.334519	0	0	100	1	0	0	100							-1940.334519	1	NaN	-1940.334519	1	NaN	
1939.694519	0	0	100	1	0	0	100							-1939.694519	1	NaN	-1939.694519	1	NaN	
1938.414519	0	0	100	1	0	0	100							-1938.414519	1	NaN	-1938.414519	1	NaN	
1935.854519	0	0	100	1	0	0	100							-1935.854519	1	NaN	-1935.854519	1	NaN	
1933.294519	0	0	100	1	0	0	100							-1933.294519	1	NaN	-1933.294519	1	NaN	
1930.734519	0	0	100	1	0	0	100							-1930.734519	1	NaN	-1930.734519	1	NaN	
1928.174519	0	0	100	1	0	0	100							-1928.174519	1	NaN	-1928.174519	1	NaN	
1925.614519	0	0	100	1	0	0	100							-1925.614519	1	NaN	-1925.614519	1	NaN	
1923.054519	0	0	100	1	0	0	100							-1923.054519	1	NaN	-1923.054519	1	NaN	
1920.494519	0	0	100	1	0	0	100							-1920.494519	1	NaN	-1920.494519	1	NaN	
1917.934519	0	0	100	1	0	0	100							-1917.934519	1	NaN	-1917.934519	1	NaN	
1915.374519	0	0	100	1	0	0	100							-1915.374519	1	NaN	-1915.374519	1	NaN	
1912.814519	0	0	100	1	0	0	100							-1912.814519	1	NaN	-1912.814519	1	NaN	
1910.254519	0	0	100	1	0	0	100							-1910.254519	1	NaN	-1910.254519	1	NaN	
1907.694519	0	0	100	1	0	0	100							-1907.694519	1	NaN	-1907.694519	1	NaN	
1905.134519	0	0	100	1	0	0	100							-1905.134519	1	NaN	-1905.134519	1	NaN	
1902.574519	0	0	100	1	0	0	100							-1902.574519	1	NaN	-1902.574519	1	NaN	
1900.014519	0	0	100	1	0	0	100							-1900.014519	1	NaN	-1900.014519	1	NaN	
1897.454519	0	0	100	1	0	0	100							-1897.454519	1	NaN	-1897.454519	1	NaN	
1894.894519	0	0	100	1	0	0	100							-1894.894519	1	NaN	-1894.894519	1	NaN	
1892.334519	0	0	100	1	0	0	100							-1892.334519	1	NaN	-1892.334519	1	NaN	
1889.774519	0	0	100	1	0	0	100							-1889.774519	1	NaN	-1889.774519	1	NaN	
1887.214519	0	0	100	1	0	0	100							-1887.214519	1	NaN	-1887.214519	1	NaN	
1884.654519	0	0	100	1	0	0	100							-1884.654519	1	NaN	-1884.654519	1	NaN	
1882.094519	0	0	100	1	0	0	100							-1882.094519	1	NaN	-1882.094519	1	NaN	
1879.534519	0	0	100	1	0	0	100							-1879.534519	1	NaN	-1879.534519	1	NaN	
1876.974519	0	0	100	1	0	0	100							-1876.974519	1	NaN	-1876.974519	1	NaN	
1874.414519	0	0	100	1	0	0	100							-1874.414519	1	NaN	-1874.414519	1	NaN	
1871.854519	0	0	100	1	0	0	100							-1871.854519	1	NaN	-1871.854519	1	NaN	
1869.294519	0	0	100	1	0	0	100							-1869.294519	1	NaN	-1869.294519	1	NaN	
1866.734519	0	0	100	1	0	0	100							-1866.734519	1	NaN	-1866.734519	1	NaN	
1864.174519	0	0	100	1	0	0	100							-1864.174519	1	NaN	-1864.174519	1	NaN	
1861.614519	0	0	100	1	0	0	100							-1861.614519	1	NaN	-1861.614519	1	NaN	
1859.054519	0	0	100	1	0	0	100							-1859.054519	1	NaN	-1859.054519	1	NaN	
1856.494519	0	0	100	1	0	0	100							-1856.494519	1	NaN	-1856.494519	1	NaN	
1853.934519	0	0	100	1	0	0	100							-1853.934519	1	NaN	-1853.934519	1	NaN	
1851.374519	0	0	100	1	0	0	100							-1851.374519	1	NaN	-1851.374519	1	NaN	
1848.814519	0	0	100	1	0	0	100							-1848.814519	1	NaN	-1848.814519	1	NaN	
1846.254519	0	0	100	1	0	0	100							-1846.254519	1	NaN	-1846.254519	1	NaN	
1843.694519	0	0	100	1	0	0	100							-1843.694519	1	NaN	-1843.694519	1	NaN	
1841.134519	0	0	100	1	0	0	100							-1841.134519	1	NaN	-1841.134519	1	NaN	
1838.574519	0	0	100	1	0	0	100							-1838.574519	1	NaN	-1838.574519	1	NaN	
1836.014519	0	0	100	1	0	0	100							-1836.014519	1	NaN	-1836.014519	1	NaN	
1833.454519	0	0	100	1	0	0	100							-1833.454519	1	NaN	-1833.454519	1	NaN	
1830.894519	0	0	100	1	0	0	100							-1830.894519	1	NaN	-1830.894519	1	NaN	
1828.334519	0	0	100	1	0	0	100							-1828.334519	1	NaN	-1828.334519	1	NaN	
1825.774519	0	0	100	1	0	0	100							-1825.774519	1	NaN	-1825.774519	1	NaN	
1823.214519	0	0	100	1	0	0	100							-1823.214519	1	NaN	-1823.214519	1	NaN	
1820.654519	0	0	100	1	0	0	100							-1820.654519	1	NaN	-1820.654519	1	NaN	
1818.094519	0	0	100	1	0	0	100							-1818.094519	1	NaN	-1818.094519	1	NaN	
1815.534519	0	0	100	1	0	0	100							-1815.534519	1	NaN	-1815.534519	1	NaN	
1812.974519	0	0	100	1	0	0	100							-1812.974519	1	NaN	-1812.974519	1	NaN	
1810.414519	0	0	100	1	0	0	100							-1810.414519	1	NaN	-1810.414519	1	NaN	
1807.854519	0	0	100	1	0	0	100							-1807.854519	1	NaN	-1807.854519	1	NaN	
1805.294519	0	0	100	1	0	0	100							-1805.294519	1	NaN	-1805.294519	1	NaN	
1802.734519	0	0	100	1	0	0	100							-1802.734519	1	NaN	-1802.734519	1	NaN	
1800.174519	0	0	100	1	0	0	100							-1800.174519	1	NaN	-1800.174519	1	NaN	
1797.614519	0	0	100	1	0	0	100							-1797.614519	1	NaN	-1797.614519	1	NaN	
1795.054519	0	0	100	1	0	0	100							-1795.054519	1	NaN	-1795.054519	1	NaN	
1792.494519	0	0	100	1	0	0	100							-1792.494519	1	NaN	-1792.494519	1	NaN	
1789.934519	0	0	100	1	0	0	100							-1789.934519	1	NaN	-1789.934519	1	NaN	
1787.374519	0	0	100	1	0	0	100							-1787.374519	1	NaN	-1787.374519	1	NaN	
1784.814519	0	0	100	1	0	0	100							-1784.814519	1	NaN	-1784.814519	1	NaN	
1782.254519	0	0	100	1	0	0	100							-1782.254519	1	NaN	-1782.254519	1	NaN	
1779.694519	0	0	100	1	0	0	100							-1779.694519	1	NaN	-1779.694519	1	NaN	
1777.134519	0	0	100	1	0	0	100							-1777.134519	1	NaN	-1777.134519	1	NaN	
1774.574519	0	0	100	1	0	0	100							-1774.574519	1	NaN	-1774.574519	1	NaN	
1772.014519	0	0	100	1	0	0	100							-1772.014519	1	NaN	-1772.014519	1	NaN	
1769.454519	0	0	100	1	0	0	100							-1769.454519	1	NaN	-1769.454519	1	NaN	
1766.894519	0	0	100	1	0	0	100							-1766.894519	1	NaN	-1766.894519	1	NaN	
1764.334519	0	0	100	1	0	0	100							-1764.334519	1	NaN	-1764.334519	1	NaN	
1761.774519	0	0	100	1	0	0	100							-1761.774519	1	NaN	-1761.774519	1	NaN	
1759.214519	0	0	100	1	0	0	100							-1759.214519	1	NaN	-1759.214519	1	NaN	
1756.654519	0	0	100	1	0	0	100							-1756.654519	1	NaN	-1756.654519	1	NaN	
1754.094519	0	0	100	1	0	0	100							-1754.094519	1	NaN	-1754.094519	1	NaN	
1751.534519	0	0	100	1	0	0	100							-1751.534519	1	NaN	-1751.534519	1	NaN	
1748.974519	0	0	100	1	0	0	100							-1748.974519	1	NaN	-1748.974519	1	NaN	
1746.414519	0	0	100	1	0	0	100							-1746.414519	1	NaN	-1746.414519	1	NaN	
1743.854519	0	0	100	1	0	0	100							-1743.854519	1	NaN	-1743.854519	1	NaN	
1741.294519	0	0	100	1	0	0	100							-1741.294519	1	NaN	-1741.294519	1	NaN	
1738.734519	0	0	100	1	0	0	100							-1738.734519	1	NaN	-1738.734519	1	NaN	
1736.174519	0	0	100	1	0	0	100							-1736.174519	1	NaN	-1736.174519	1	NaN	
1733.614519	0	0	100	1	0	0	100							-1733.614519	1	NaN	-1733.614519	1	NaN	
1731.054519	0	0	100	1	0	0	100							-1731.054519	1	NaN	-1731.054519	1	NaN	
1728.494519	0	0	100	1	0	0	100							-1728.494519	1	NaN	-1728.494519	1	NaN	
1725.934519	0	0	100	1	0	0	100							-1725.934519	1	NaN	-1725.934519	1	NaN	
1723.374519	0	0	100	1	0	0	100							-1723.374519	1	NaN	-1723.374519	1	NaN	
1720.814519	0	0	100	1	0	0	100							-1720.814519	1	NaN	-1720.814519	1	NaN	
1718.254519	0	0	100	1	0	0	100							-1718.254519	1	NaN	-1718.254519	1	NaN	
1715.694519	0	0	100	1	0	0	100							-1715.694519	1	NaN	-1715.694519	1	NaN	
1713.134519	0	0	100	1	0	0	100							-1713.134519	1	NaN	-1713.134519	1	NaN	
1710.574519	0	0	100	1	0	0	100							-1710.574519	1	NaN	-1710.574519	1	NaN	
1708.014519	0	0	100	1	0	0	100							-1708.014519	1	NaN	-1708.014519	1	NaN	
1705.454519	0	0	100	1	0	0	100							-1705.454519	1	NaN	-1705.454519	1	NaN	
1702.894519	0	0	100	1	0	0	100							-1702.894519	1	NaN	-1702.894519	1	NaN	
1700.334519	0	0	100	1	0	0	100							-1700.334519	1	NaN	-1700.334519	1	NaN	
1697.774519	0	0	100	1	0	0	100							-1697.774519	1	NaN	-1697.774519	1	NaN	
1695.214519	0	0	100	1	0	0	100							-1695.214519	1	NaN	-1695.214519	1	NaN	
1692.654519	0	0	100	1	0	0	100							-1692.654519	1	NaN	-1692.654519	1	NaN	
1690.094519	0	0	100	1	0	0	100							-1690.094519	1	NaN	-1690.094519	1	NaN	
1687.534519	0	0	100	1	0	0	100							-1687.534519	1	NaN	-1687.534519	1	NaN	
1684.974519	0	0	100	1	0	0	100							-1684.974519	1	NaN	-1684.974519	1	NaN	
1682.414519	0	0	100	1	0	0	100							-1682.414519	1	NaN	-1682.414519	1	NaN	
1679.854519	0	0	100	1	0	0	100							-1679.854519	1	NaN	-1679.854519	1	NaN	
1677.294519	0	0	100	1	0	0	100							-1677.294519	1	NaN	-1677.294519	1	NaN	
1674.734519	0	0	100	1	0	0	100							-1674.734519	1	NaN	-1674.734519	1	NaN	
1672.174519	0	0	100	1	0	0	100							-1672.174519	1	NaN	-1672.174519	1	NaN	
1669.614519	0	0	100	1	0	0	100							-1669.614519	1	NaN	-1669.614519	1	NaN	
1667.054519	0	0	100	1	0	0	100							-1667.054519	1	NaN	-1667.054519	1	NaN	
1664.494519	0	0	100	1	0	0	100							-1664.494519	1	NaN	-1664.494519	1	NaN	
1661.934519	0	0	100	1	0	0	100							-1661.934519	1	NaN	-1661.934519	1	NaN	
1659.374519	0	0	100	1	0	0	100							-1659.374519	1	NaN	-1659.374519	1	NaN	
1656.814519	0	0	100	1	0	0	100							-1656.814519	1	NaN	-1656.814519	1	NaN	
1654.254519	0	0	100	1	0	0	100							-1654.254519	1	NaN	-1654.254519	1	NaN	
1651.694519	0	0	100	1	0	0	100							-1651.694519	1	NaN	-1651.694519	1	NaN	
1649.134519	0	0	100	1	0	0	100							-1649.134519	1	NaN	-1649.134519	1	NaN	
1646.574519	0	0	100	1	0	0	100							-1646.574519	1	NaN	-1646.574519	1	NaN	
1644.014519	0	0	100	1	0	0	100							-1644.014519	1	NaN	-1644.014519	1	NaN	
1641.454519	0	0	100	1	0	0	100							-1641.454519	1	NaN	-1641.454519	1	NaN	
1638.894519	0	0	100	1	0	0	100							-1638.894519	1	NaN	-1638.894519	1	NaN	
1636.334519	0	0	100	1	0	0	100							-1636.334519	1	NaN	-1636.334519	1	NaN	
1633.774519	0	0	100	1	0	0	100							-1633.774519	1	NaN	-1633.774519	1	NaN	
1631.214519	0	0	100	1	0	0	100							-1631.214519	1	NaN	-1631.214519	1	NaN	
1628.654519	0	0	100	1	0	0	100							-1628.654519	1	NaN	-1628.654519	1	NaN	
1626.094519	0	0	100	1	0	0	100							-1626.094519	1	NaN	-1626.094519	1	NaN	
1623.534519	0	0	100	1	0	0	100							-1623.534519	1	NaN	-1623.534519	1	NaN	
1620.974519	0	0	100	1	0	0	100							-1620.974519	1	NaN	-1620.974519	1	NaN	
1618.414519	0	0	100	1	0	0	100							-1618.414519	1	NaN	-1618.414519	1	NaN	
1615.854519	0	0	100	1	0	0	100							-1615.854519	1	NaN	-1615.854519	1	NaN	
1613.294519	0	0	100	1	0	0	100							-1613.294519	1	NaN	-1613.294519	1	NaN	
1610.734519	0	0	100	1	0	0	100							-1610.734519	1	NaN	-1610.734519	1	NaN	
1608.174519	0	0	100	1	0	0	100							-1608.174519	1	NaN	-1608.174519	1	NaN	
1605.614519	0	0	100	1	0	0	100							-1605.614519	1	NaN	-1605.614519	1	NaN	
1603.054519	0	0	100	1	0	0	100							-1603.054519	1	NaN	-1603.054519	1	NaN	
1600.494519	0	0	100	1	0	0	100							-1600.494519	1	NaN	-1600.494519	1	NaN	
1597.934519	0	0	100	1	0	0	100							-1597.934519	1	NaN	-1597.934519	1	NaN	
1595.374519	0	0	100	1	0	0	100							-1595.374519	1	NaN	-1595.374519	1	NaN	
1592.814519	0	0	100	1	0	0	100							-1592.814519	1	NaN	-1592.814519	1	NaN	
1590.254519	0	0	100	1	0	0	100							-1590.254519	1	NaN	-1590.254519	1	NaN	
1587.694519	0	0	100	1	0	0	100							-1587.694519	1	NaN	-1587.694519	1	NaN	
1585.134519	0	0	100	1	0	0	100							-1585.134519	1	NaN	-1585.134519	1	NaN	
1582.574519	0	0	100	1	0	0	100							-1582.574519	1	NaN	-1582.574519	1	NaN	
1580.014519	0	0	100	1	0	0	100							-1580.014519	1	NaN	-1580.014519	1	NaN	
1577.454519	0	0	100	1	0	0	100							-1577.454519	1	NaN	-1577.454519	1	NaN	
1574.894519	0	0	100	1	0	0	100							-1574.894519	1	NaN	-1574.894519	1	NaN	
1572.334519	0	0	100	1	0	0	100							-1572.334519	1	NaN	-1572.334519	1	NaN	
1569.774519	0	0	100	1	0	0	100							-1569.774519	1	NaN	-1569.774519	1	NaN	
1567.214519	0	0	100	1	0	0	100							-1567.214519	1	NaN	-1567.214519	1	NaN	
1564.654519	0	0	100	1	0	0	100							-1564.654519	1	NaN	-1564.654519	1	NaN	
1562.094519	0	0	100	1	0	0	100							-1562.094519	1	NaN	-1562.094519	1	NaN	
1559.534519	0	0	100	1	0	0	100							-1559.534519	1	NaN	-1559.534519	1	NaN	
1556.974519	0	0	100	1	0	0	100							-1556.974519	1	NaN	-1556.974519	1	NaN	
1554.414519	0	0	100	1	0	0	100							-1554.414519	1	NaN	-1554.414519	1	NaN	
1551.854519	0	0	100	1	0	0	100							-1551.854519	1	NaN	-1551.854519	1	NaN	
1549.294519	0	0	100	1	0	0	100							-1549.294519	1	NaN	-1549.294519	1	NaN	
1546.734519	0	0	100	1	0	0	100							-1546.734519	1	NaN	-1546.734519	1	NaN	
1544.174519	0	0	100	1	0	0	100							-1544.174519	1	NaN	-1544.174519	1	NaN	
1541.614519	0	0	100	1	0	0	100							-1541.614519	1	NaN	-1541.614519	1	NaN	
1539.054519	0	0	100	1	0	0	100							-1539.054519	1	NaN	-1539.054519	1	NaN	
1536.494519	0	0	100	1	0	0	100							-1536.494519	1	NaN	-1536.494519	1	NaN	
1533.934519	0	0	100	1	0	0	100							-1533.934519	1	NaN	-1533.934519	1	NaN	
1531.374519	0	0	100	1	0	0	100							-1531.374519	1	NaN	-1531.374519	1	NaN	
1528.814519	0	0	100	1	0	0	100							-1528.814519	1	NaN	-1528.814519	1	NaN	
1526.254519	0	0	100	1	0	0	100							-1526.254519	1	NaN	-1526.254519	1	NaN	
1523.694519	0	0	100	1	0	0	100							-1523.694519	1	NaN	-1523.694519	1	NaN	
1521.134519	0	0	100	1	0	0	100							-1521.134519	1	NaN	-1521.134519	1	NaN	
1518.574519	0	0	100	1	0	0	100							-1518.574519	1	NaN	-1518.574519	1	NaN	
1516.014519	0	0	100	1	0	0	100							-1516.014519	1	NaN	-1516.014519	1	NaN	
1513.454519	0	0	100	1	0	0	100							-1513.454519	1	NaN	-1513.454519	1	NaN	
1510.894519	0	0	100	1	0	0	100							-1510.894519	1	NaN	-1510.894519	1	NaN	
1508.334519	0	0	100	1	0	0	100							-1508.334519	1	NaN	-1508.334519	1	NaN	
1505.774519	0	0	100	1	0	0	100							-1505.774519	1	NaN	-1505.774519	1	NaN	
1503.214519	0	0	100	1	0	0	100							-1503.214519	1	NaN	-1503.214519	1	NaN	
1500.654519	0	0	100	1	0	0	100							-1500.654519	1	NaN	-1500.654519	1	NaN	
1498.094519	0	0	100	1	0	0	100							-1498.094519	1	NaN	-1498.094519	1	NaN	
1495.534519	0	0	100	1	0	0	100							-1495.534519	1	NaN	-1495.534519	1	NaN	
1492.974519	0	0	100	1	0	0	100							-1492.974519	1	NaN	-1492.974519	1	NaN	
1490.414519	0	0	100	1	0	0	100							-1490.414519	1	NaN	-1490.414519	1	NaN	
1487.854519	0	0	100	1	0	0	100							-1487.854519	1	NaN	-1487.854519	1	NaN	
1485.294519	0	0	100	1	0	0	100							-1485.294519	1	NaN	-1485.294519	1	NaN	
1482.734519	0	0	100	1	0	0	100							-1482.734519	1	NaN	-1482.734519	1	NaN	
1480.174519	0	0	100	1	0	0	100							-1480.174519	1	NaN	-1480.174519	1	NaN	
1477.614519	0	0	100	1	0	0	100							-1477.614519	1	NaN	-1477.614519	1	NaN	
1475.054519	0	0	100	1	0	0	100							-1475.054519	1	NaN	-1475.054519	1	NaN	
1472.494519	0	0	100	1	0	0	100							-1472.494519	1	NaN	-1472.494519	1	NaN	
1469.934519	0	0	100	1	0	0	100							-1469.934519	1	NaN	-1469.934519	1	NaN	
1467.374519	0	0	100	1	0	0	100							-1467.374519	1	NaN	-1467.374519	1	NaN	
1464.814519	0	0	100	1	0	0	100							-1464.814519	1	NaN	-1464.814519	1	NaN	
1462.254519	0	0	100	1	0	0	100							-1462.254519	1	NaN	-1462.254519	1	NaN	
1459.694519	0	0	100	1	0	0	100							-1459.694519	1	NaN	-1459.694519	1	NaN	
1457.134519	0	0	100	1	0	0	100							-1457.134519	1	NaN	-1457.134519	1	NaN	
1454.574519	0	0	100	1	0	0	100							-1454.574519	1	NaN	-1454.574519	1	NaN	
1452.014519	0	0	100	1	0	0	100							-1452.014519	1	NaN	-1452.014519	1	NaN	
1449.454519	0	0	100	1	0	0	100							-1449.454519	1	NaN	-1449.454519	1	NaN	
1446.894519	0	0	100	1	0	0	100							-1446.894519	1	NaN	-1446.894519	1	NaN	
1444.334519	0	0	100	1	0	0	100							-1444.334519	1	NaN	-1444.334519	1	NaN	
1441.774519	0	0	100	1	0	0	100							-1441.774519	1	NaN	-1441.774519	1	NaN	
1439.214519	0	0	100	1	0	0	100							-1439.214519	1	NaN	-1439.214519	1	NaN	
1436.654519	0	0	100	1	0	0	100							-1436.654519	1	NaN	-1436.654519	1	NaN	
1434.094519	0	0	100	1	0	0	100							-1434.094519	1	NaN	-1434.094519	1	NaN	
1431.534519	0	0	100	1	0	0	100							-1431.534519	1	NaN	-1431.534519	1	NaN	
1428.974519	0	0	100	1	0	0	100							-1428.974519	1	NaN	-1428.974519	1	NaN	
1426.414519	0	0	100	1	0	0	100							-1426.414519	1	NaN	-1426.414519	1	NaN	
1423.854519	0	0	100	1	0	0	100							-1423.854519	1	NaN	-1423.854519	1	NaN	
1421.294519	0	0	100	1	0	0	100							-1421.294519	1	NaN	-1421.294519	1	NaN	
1418.734519	0	0	100	1	0	0	100							-1418.734519	1	NaN	-1418.734519	1	NaN	
1416.174519	0	0	100	1	0	0	100							-1416.174519	1	NaN	-1416.174519	1	NaN	
1413.614519	0	0	100	1	0	0	100							-1413.614519	1	NaN	-1413.614519	1	NaN	
1411.054519	0	0	100	1	0	0	100							-1411.054519	1	NaN	-1411.054519	1	NaN	
1408.494519	0	0	100	1	0	0	100							-1408.494519	1	NaN	-1408.494519	1	NaN	
1405.934519	0	0	100	1	0	0	100							-1405.934519	1	NaN	-1405.934519	1	NaN	
1403.374519	0	0	100	1	0	0	100							-1403.374519	1	NaN	-1403.374519	1	NaN	
1400.814519	0	0	100	1	0	0	100							-1400.814519	1	NaN	-1400.814519	1	NaN	
1398.254519	0	0	100	1	0	0	100							-1398.254519	1	NaN	-1398.254519	1	NaN	
1395.694519	0	0	100	1	0	0	100							-1395.694519	1	NaN	-1395.694519	1	NaN	
1393.134519	0	0	100	1	0	0	100							-1393.134519	1	NaN	-1393.134519	1	NaN	
1390.574519	0	0	100	1	0	0	100							-1390.574519	1	NaN	-1390.574519	1	NaN	
1388.014519	0	0	100	1	0	0	100							-1388.014519	1	NaN	-1388.014519	1	NaN	
1385.454519	0	0	100	1	0	0	100							-1385.454519	1	NaN	-1385.454519	1	NaN	
1382.894519	0	0	100	1	0	0	100							-1382.894519	1	NaN	-1382.894519	1	NaN	
1380.334519	0	0	100	1	0	0	100							-1380.334519	1	NaN	-1380.334519	1	NaN	
1377.774519	0	0	100	1	0	0	100							-1377.774519	1	NaN	-1377.774519	1	NaN	
1375.214519	0	0	100	1	0	0	100							-1375.214519	1	NaN	-1375.214519	1	NaN	
1372.654519	0	0	100	1	0	0	100							-1372.654519	1	NaN	-1372.654519	1	NaN	
1370.094519	0	0	100	1	0	0	100							-1370.094519	1	NaN	-1370.094519	1	NaN	
1367.534519	0	0	100	1	0	0	100							-1367.534519	1	NaN	-1367.534519	1	NaN	
1364.974519	0	0	100	1	0	0	100							-1364.974519	1	NaN	-1364.974519	1	NaN	
1362.414519	0	0	100	1	0	0	100							-1362.414519	1	NaN	-1362.414519	1	NaN	
1359.854519	0	0	100	1	0	0	100							-1359.854519	1	NaN	-1359.854519	1	NaN	
1357.294519	0	0	100	1	0	0	100							-1357.294519	1	NaN	-1357.294519	1	NaN	
1354.734519	0	0	100	1	0	0	100							-1354.734519	1	NaN	-1354.734519	1	NaN	
1352.174519	0	0	100	1	0	0	100							-1352.174519	1	NaN	-1352.174519	1	NaN	
1349.614519	0	0	100	1	0	0	100							-1349.614519	1	NaN	-1349.614519	1	NaN	
1347.054519	0	0	100	1	0	0	100							-1347.054519	1	NaN	-1347.054519	1	NaN	
1344.494519	0	0	100	1	0	0	100							-1344.494519	1	NaN	-1344.494519	1	NaN	
1341.934519	0	0	100	1	0	0	100							-1341.934519	1	NaN	-1341.934519	1	NaN	
1339.374519	0	0	100	1	0	0	100							-1339.374519	1	NaN	-1339.374519	1	NaN	
1336.814519	0	0	100	1	0	0	100							-1336.814519	1	NaN	-1336.814519	1	NaN	
1334.254519	0	0	100	1	0	0	100							-1334.254519	1	NaN	-1334.254519	1	NaN	
1331.694519	0	0	100	1	0	0	100							-1331.694519	1	NaN	-1331.694519	1	NaN	
1329.134519	0	0	100	1	0	0	100							-1329.134519	1	NaN	-1329.134519	1	NaN	
1326.574519	0	0	100	1	0	0	100							-1326.574519	1	NaN	-1326.574519	1	NaN	
1324.014519	0	0	100	1	0	0	100							-1324.014519	1	NaN	-1324.014519	1	NaN	
1321.454519	0	0	100	1	0	0	100							-1321.454519	1	NaN	-1321.454519	1	NaN	
1318.894519	0	0	100	1	0	0	100							-1318.894519	1	NaN	-1318.894519	1	NaN	
1316.334519	0	0	100	1	0	0	100							-1316.334519	1	NaN	-1316.334519	1	NaN	
1313.774519	0	0	100	1	0	0	100							-1313.774519	1	NaN	-1313.774519	1	NaN	
1311.214519	0	0	100	1	0	0	100							-1311.214519	1	NaN	-1311.214519	1	NaN	
1308.654519	0	0	100	1	0	0	100							-1308.654519	1	NaN	-1308.654519	1	NaN	
1306.094519	0	0	100	1	0	0	100							-1306.094519	1	NaN	-1306.094519	1	NaN	
1303.534519	0	0	100	1	0	0	100							-1303.534519	1	NaN	-1303.534519	1	NaN	
1300.974519	0	0	100	1	0	0	100							-1300.974519	1	NaN	-1300.974519	1	NaN	
1298.414519	0	0	100	1	0	0	100							-1298.414519	1	NaN	-1298.414519	1	NaN	
1295.854519	0	0	100	1	0	0	100							-1295.854519	1	NaN	-1295.854519	1	NaN	
1293.294519	0	0	100	1	0	0	100							-1293.294519	1	NaN	-1293.294519	1	NaN	
1290.734519	0	0	100	1	0	0	100							-1290.734519	1	NaN	-1290.734519	1	NaN	
1288.174519	0	0	100	1	0	0	100							-1288.174519	1	NaN	-1288.174519	1	NaN	
1285.614519	0	0	100	1	0	0	100							-1285.614519	1	NaN	-1285.614519	1	NaN	
1283.054519	0	0	100	1	0	0	100							-1283.054519	1	NaN	-1283.054519	1	NaN	
1280.494519	0	0	100	1	0	0	100							-1280.494519	1	NaN	-1280.494519	1	NaN	
1277.934519	0	0	100	1	0	0	100							-1277.934519	1	NaN	-1277.934519	1	NaN	
1275.374519	0	0	100	1	0	0	100							-1275.374519	1	NaN	-1275.374519	1	NaN	
1272.814519	0	0	100	1	0	0	100							-1272.814519	1	NaN	-1272.814519	1	NaN	
1270.254519	0	0	100	1	0	0	100							-1270.254519	1	NaN	-1270.254519	1	NaN	
1267.694519	0	0	100	1	0	0	100							-1267.694519	1	NaN	-1267.694519	1	NaN	
1265.134519	0	0	100	1	0	0	100							-1265.134519	1	NaN	-1265.134519	1	NaN	
1262.574519	0	0	100	1	0	0	100							-1262.574519	1	NaN	-1262.574519	1	NaN	
1260.014519	0	0	100	1	0	0	100							-1260.014519	1	NaN	-1260.014519	1	NaN	
1257.454519	0	0	100	1	0	0	100							-1257.454519	1	NaN	-1257.454519	1	NaN	
1254.894519	0	0	100	1	0	0	100							-1254.894519	1	NaN	-1254.894519	1	NaN	
1252.334519	0	0	100	1	0	0	100							-1252.334519	1	NaN	-1252.334519	1	NaN	
1249.774519	0	0	100	1	0	0	100							-1249.774519	1	NaN	-1249.774519	1	NaN	
1247.214519	0	0	100	1	0	0	100							-1247.214519	1	NaN	-1247.214519	1	NaN	
1244.654519	0	0	100	1	0	0	100							-1244.654519	1	NaN	-1244.654519	1	NaN	
1242.094519	0	0	100	1	0	0	100							-1242.094519	1	NaN	-1242.094519	1	NaN	
1239.534519	0	0	100	1	0	0	100							-1239.534519	1	NaN	-1239.534519	1	NaN	
1236.974519	0	0	100	1	0	0	100							-1236.974519	1	NaN	-1236.974519	1	NaN	
1234.414519	0	0	100	1	0	0	100							-1234.414519	1	NaN	-1234.414519	1	NaN	
1231.854519	0	0	100	1	0	0	100							-1231.854519	1	NaN	-1231.854519	1	NaN	
1229.294519	0	0	100	1	0	0	100							-1229.294519	1	NaN	-1229.294519	1	NaN	
1226.734519	0	0	100	1	0	0	100							-1226.734519	1	NaN	-1226.734519	1	NaN	
1224.174519	0	0	100	1	0	0	100							-1224.174519	1	NaN	-1224.174519	1	NaN	
1221.614519	0	0	100	1	0	0	100							-1221.614519	1	NaN	-1221.614519	1	NaN	
1219.054519	0	0	100	1	0	0	100							-1219.054519	1	NaN	-1219.054519	1	NaN	
1216.494519	0	0	100	1	0	0	100							-1216.494519	1	NaN	-1216.494519	1	NaN	
1213.934519	0	0	100	1	0	0	100							-1213.934519	1	NaN	-1213.934519	1	NaN	
1211.374519	0	0	100	1	0	0	100							-1211.374519	1	NaN	-1211.374519	1	NaN	
1208.814519	0	0	100	1	0	0	100							-1208.814519	1	NaN	-1208.814519	1	NaN	
1206.254519	0	0	100	1	0	0	100							-1206.254519	1	NaN	-1206.254519	1	NaN	
1203.694519	0	0	100	1	0	0	100							-1203.694519	1	NaN	-1203.694519	1	NaN	
1201.134519	0	0	100	1	0	0	100							-1201.134519	1	NaN	-1201.134519	1	NaN	
1198.574519	0	0	100	1	0	0	100							-1198.574519	1	NaN	-1198.574519	1	NaN	
1196.014519	0	0	100	1	0	0	100							-1196.014519	1	NaN	-1196.014519	1	NaN	
1193.454519	0	0	100	1	0	0	100							-1193.454519	1	NaN	-1193.454519	1	NaN	
1190.894519	0	0	100	1	0	0	100							-1190.894519	1	NaN	-1190.894519	1	NaN	
1188.334519	0	0	100	1	0	0	100							-1188.334519	1	NaN	-1188.334519	1	NaN	
1185.774519	0	0	100	1	0	0	100							-1185.774519	1	NaN	-1185.774519	1	NaN	
1183.214519	0	0	100	1	0	0	100							-1183.214519	1	NaN	-1183.214519	1	NaN	
1180.654519	0	0	100	1	0	0	100							-1180.654519	1	NaN	-1180.654519	1	NaN	
1178.094519	0	0	100	1	0	0	100							-1178.094519	1	NaN	-1178.094519	1	NaN	
1175.534519	0	0	100	1	0	0	100							-1175.534519	1	NaN	-1175.534519	1	NaN	
1172.974519	0	0	100	1	0	0	100							-1172.974519	1	NaN	-1172.974519	1	NaN	
1170.414519	0	0	100	1	0	0	100							-1170.414519	1	NaN	-1170.414519	1	NaN	
1167.854519	0	0	100	1	0	0	100							-1167.854519	1	NaN	-1167.854519	1	NaN	
1165.294519	0	0	100	1	0	0	100							-1165.294519	1	NaN	-1165.294519	1	NaN	
1162.734519	0	0	100	1	0	0	100							-1162.734519	1	NaN	-1162.734519	1	NaN	
1160.174519	0	0	100	1	0	0	100							-1160.174519	1	NaN	-1160.174519	1	NaN	
1157.614519	0	0	100	1	0	0	100							-1157.614519	1	NaN	-1157.614519	1	NaN	
1155.054519	0	0	100	1	0	0	100							-1155.054519	1	NaN	-1155.054519	1	NaN	
1152.494519	0	0	100	1	0	0	100							-1152.494519	1	NaN	-1152.494519	1	NaN	
1149.934519	0	0	100	1	0	0	100							-1149.934519	1	NaN	-1149.934519	1	NaN	
1147.374519	0	0	100	1	0	0	100							-1147.374519	1	NaN	-1147.374519	1	NaN	
1144.814519	0	0	100	1	0	0	100							-1144.814519	1	NaN	-1144.814519	1	NaN	
1142.254519	0	0	100	1	0	0	100							-1142.254519	1	NaN	-1142.254519	1	NaN	
1139.694519	0	0	100	1	0	0	100							-1139.694519	1	NaN	-1139.694519	1	NaN	
1137.134519	0	0	100	1	0	0	100							-1137.134519	1	NaN	-1137.134519	1	NaN	
1134.574519	0	0	100	1	0	0	100							-1134.574519	1	NaN	-1134.574519	1	NaN	
1132.014519	0	0	100	1	0	0	100							-1132.014519	1	NaN	-1132.014519	1	NaN	
1129.454519	0	0	100	1	0	0	100							-1129.454519	1	NaN	-1129.454519	1	NaN	
1126.894519	0	0	100	1	0	0	100							-1126.894519	1	NaN	-1126.894519	1	NaN	
1124.334519	0	0	100	1	0	0	100							-1124.334519	1	NaN	-1124.334519	1	NaN	
1121.774519	0	0	100	1	0	0	100							-1121.774519	1	NaN	-1121.774519	1	NaN	
1119.214519	0	0	100	1	0	0	100							-1119.214519	1	NaN	-1119.214519	1	NaN	
1116.654519	0	0	100	1	0	0	100							-1116.654519	1	NaN	-1116.654519	1	NaN	
1114.094519	0	0	100	1	0	0	100							-1114.094519	1	NaN	-1114.094519	1	NaN	
1111.534519	0	0	100	1	0	0	100							-1111.534519	1	NaN	-1111.534519	1	NaN	
1108.974519	0	0	100	1	0	0	100							-1108.974519	1	NaN	-1108.974519	1	NaN	
1106.414519	0	0	100	1	0	0	100							-1106.414519	1	NaN	-1106.414519	1	NaN	
1103.854519	0	0	100	1	0	0	100							-1103.854519	1	NaN	-1103.854519	1	NaN	
1101.294519	0	0	100	1	0	0	100							-1101.294519	1	NaN	-1101.294519	1	NaN	
1098.734519	0	0	100	1	0	0	100							-1098.734519	1	NaN	-1098.734519	1	NaN	
1096.174519	0	0	100	1	0	0	100							-1096.174519	1	NaN	-1096.174519	1	NaN	
1093.614519	0	0	100	1	0	0	100							-1093.614519	1	NaN	-1093.614519	1	NaN	
1091.054519	0	0	100	1	0	0	100							-1091.054519	1	NaN	-1091.054519	1	NaN	
1088.494519	0	0	100	1	0	0	100							-1088.494519	1	NaN	-1088.494519	1	NaN	
1085.934519	0	0	100	1	0	0	100							-1085.934519	1	NaN	-1085.934519	1	NaN	
1083.374519	0	0	100	1	0	0	100							-1083.374519	1	NaN	-1083.374519	1	NaN	
1080.814519	0	0	100	1	0	0	100							-1080.814519	1	NaN	-1080.814519	1	NaN	
1078.254519	0	0	100	1	0	0	100							-1078.254519	1	NaN	-1078.254519	1	NaN	
1075.694519	0	0	100	1	0	0	100							-1075.694519	1	NaN	-1075.694519	1	NaN	
1073.134519	0	0	100	1	0	0	100							-1073.134519	1	NaN	-1073.134519	1	NaN	
1070.574519	0	0	100	1	0	0	100							-1070.574519	1	NaN	-1070.574519	1	NaN	
1068.014519	0	0	100	1	0	0	100							-1068.014519	1	NaN	-1068.014519	1	NaN	
1065.454519	0	0	100	1	0	0	100							-1065.454519	1	NaN	-1065.454519	1	NaN	
1062.894519	0	0	100	1	0	0	100							-1062.894519	1	NaN	-1062.894519	1	NaN	
1060.334519	0	0	100	1	0	0	100							-1060.334519	1	NaN	-1060.334519	1	NaN	
1057.774519	0	0	100	1	0	0	100							-1057.774519	1	NaN	-1057.774519	1	NaN	
1055.214519	0	0	100	1	0	0	100							-1055.214519	1	NaN	-1055.214519	1	NaN	
1052.654519	0	0	100	1	0	0	100							-1052.654519	1	NaN	-1052.654519	1	NaN	
1050.094519	0	0	100	1	0	0	100							-1050.094519	1	NaN	-1050.094519	1	NaN	
1047.534519	0	0	100	1	0	0	100							-1047.534519	1	NaN	-1047.534519	1	NaN	
1044.974519	0	0	100	1	0	0	100							-1044.974519	1	NaN	-1044.974519	1	NaN	
1042.414519	0	0	100	1	0	0	100							-1042.414519	1	NaN	-1042.414519	1	NaN	
1039.854519	0	0	100	1	0	0	100							-1039.854519	1	NaN	-1039.854519	1	NaN	
1037.294519	0	0	100	1	0	0	100							-1037.294519	1	NaN	-1037.294519	1	NaN	
1034.734519	0	0	100	1	0	0	100							-1034.734519	1	NaN	-1034.734519	1	NaN	
1032.174519	0	0	100	1	0	0	100							-1032.174519	1	NaN	-1032.174519	1	NaN	
1029.614519	0	0	100	1	0	0	100							-1029.614519	1	NaN	-1029.614519	1	NaN	
1027.054519	0	0	100	1	0	0	100							-1027.054519	1	NaN	-1027.054519	1	NaN	
1024.494519	0	0	100	1	0	0	100							-1024.494519	1	NaN	-1024.494519	1	NaN	
1021.934519	0	0	100	1	0	0	100							-1021.934519	1	NaN	-1021.934519	1	NaN	
1019.374519	0	0	100	1	0	0	100							-1019.374519	1	NaN	-1019.374519	1	NaN	
1016.814519	0	0	100	1	0	0	100							-1016.814519	1	NaN	-1016.814519	1	NaN	
1014.254519	0	0	100	1	0	0	100							-1014.254519	1	NaN	-1014.254519	1	NaN	
1011.694519	0	0	100	1	0	0	100							-1011.694519	1	NaN	-1011.694519	1	NaN	
1009.134519	0	0	100	1	0	0	100							-1009.134519	1	NaN	-1009.134519	1	NaN	
1006.574519	0	0	100	1	0	0	100							-1006.574519	1	NaN	-1006.574519	1	NaN	
1004.014519	0	0	100	1	0	0	100							-1004.014519	1	NaN	-1004.014519	1	NaN	
1001.454519	0	0	100	1	0	0	100							-1001.454519	1	NaN	-1001.454519	1	NaN	
998.8945187	0	0	100	1	0	0	100							-998.8945187	1	NaN	-998.8945187	1	NaN	
996.3345187	0	0	100	1	0	0	100							-996.3345187	1	NaN	-996.3345187	1	NaN	
993.7745187	0	0	100	1	0	0	100							-993.7745187	1	NaN	-993.7745187	1	NaN	
991.2145187	0	0	100	1	0	0	100							-991.2145187	1	NaN	-991.2145187	1	NaN	
988.6545187	0	0	100	1	0	0	100							-988.6545187	1	NaN	-988.6545187	1	NaN	
986.0945187	0	0	100	1	0	0	100							-986.0945187	1	NaN	-986.0945187	1	NaN	
983.5345187	0	0	100	1	0	0	100							-983.5345187	1	NaN	-983.5345187	1	NaN	
980.9745187	0	0	100	1	0	0	100							-980.9745187	1	NaN	-980.9745187	1	NaN	
978.4145187	0	0	100	1	0	0	100							-978.4145187	1	NaN	-978.4145187	1	NaN	
975.8545187	0	0	100	1	0	0	100							-975.8545187	1	NaN	-975.8545187	1	NaN	
973.2945187	0	0	100	1	0	0	100							-973.2945187	1	NaN	-973.2945187	1	NaN	
970.7345187	0	0	100	1	0	0	100							-970.7345187	1	NaN	-970.7345187	1	NaN	
968.1745187	0	0	100	1	0	0	100							-968.1745187	1	NaN	-968.1745187	1	NaN	
965.6145187	0	0	100	1	0	0	100							-965.6145187	1	NaN	-965.6145187	1	NaN	
963.0545187	0	0	100	1	0	0	100							-963.0545187	1	NaN	-963.0545187	1	NaN	
960.4945187	0	0	100	1	0	0	100							-960.4945187	1	NaN	-960.4945187	1	NaN	
957.9345187	0	0	100	1	0	0	100							-957.9345187	1	NaN	-957.9345187	1	NaN	
955.3745187	0	0	100	1	0	0	100							-955.3745187	1	NaN	-955.3745187	1	NaN	
952.8145187	0	0	100	1	0	0	100							-952.8145187	1	NaN	-952.8145187	1	NaN	
950.2545187	0	0	100	1	0	0	100							-950.2545187	1	NaN	-950.2545187	1	NaN	
947.6945187	0	0	100	1	0	0	100							-947.6945187	1	NaN	-947.6945187	1	NaN	
945.1345187	0	0	100	1	0	0	100							-945.1345187	1	NaN	-945.1345187	1	NaN	
942.5745187	0	0	100	1	0	0	100							-942.5745187	1	NaN	-942.5745187	1	NaN	
940.0145187	0	0	100	1	0	0	100							-940.0145187	1	NaN	-940.0145187	1	NaN	
937.4545187	0	0	100	1	0	0	100							-937.4545187	1	NaN	-937.4545187	1	NaN	
934.8945187	0	0	100	1	0	0	100							-934.8945187	1	NaN	-934.8945187	1	NaN	
932.3345187	0	0	100	1	0	0	100							-932.3345187	1	NaN	-932.3345187	1	NaN	
929.7745187	0	0	100	1	0	0	100							-929.7745187	1	NaN	-929.7745187	1	NaN	
927.2145187	0	0	100	1	0	0	100							-927.2145187	1	NaN	-927.2145187	1	NaN	
924.6545187	0	0	100	1	0	0	100							-924.6545187	1	NaN	-924.6545187	1	NaN	
922.0945187	0	0	100	1	0	0	100							-922.0945187	1	NaN	-922.0945187	1	NaN	
919.5345187	0	0	100	1	0	0	100							-919.5345187	1	NaN	-919.5345187	1	NaN	
916.9745187	0	0	100	1	0	0	100							-916.9745187	1	NaN	-916.9745187	1	NaN	
914.4145187	0	0	100	1	0	0	100							-914.4145187	1	NaN	-914.4145187	1	NaN	
911.8545187	0	0	100	1	0	0	100							-911.8545187	1	NaN	-911.8545187	1	NaN	
909.2945187	0	0	100	1	0	0	100							-909.2945187	1	NaN	-909.2945187	1	NaN	
906.7345187	0	0	100	1	0	0	100							-906.7345187	1	NaN	-906.7345187	1	NaN	
904.1745187	0	0	100	1	0	0	100							-904.1745187	1	NaN	-904.1745187	1	NaN	
901.6145187	0	0	100	1	0	0	100							-901.6145187	1	NaN	-901.6145187	1	NaN	
899.0545187	0	0	100	1	0	0	100							-899.0545187	1	NaN	-899.0545187	1	NaN	
896.4945187	0	0	100	1	0	0	100							-896.4945187	1	NaN	-896.4945187	1	NaN	
893.9345187	0	0	100	1	0	0	100							-893.9345187	1	NaN	-893.9345187	1	NaN	
891.3745187	0	0	100	1	0	0	100							-891.3745187	1	NaN	-891.3745187	1	NaN	
888.8145187	0	0	100	1	0	0	100							-888.8145187	1	NaN	-888.8145187	1	NaN	
886.2545187	0	0	100	1	0	0	100							-886.2545187	1	NaN	-886.2545187	1	NaN	
883.6945187	0	0	100	1	0	0	100							-883.6945187	1	NaN	-883.6945187	1	NaN	
881.1345187	0	0	100	1	0	0	100							-881.1345187	1	NaN	-881.1345187	1	NaN	
878.5745187	0	0	100	1	0	0	100							-878.5745187	1	NaN	-878.5745187	1	NaN	
876.0145187	0	0	100	1	0	0	100							-876.0145187	1	NaN	-876.0145187	1	NaN	
873.4545187	0	0	100	1	0	0	100							-873.4545187	1	NaN	-873.4545187	1	NaN	
870.8945187	0	0	100	1	0	0	100							-870.8945187	1	NaN	-870.8945187	1	NaN	
868.3345187	0	0	100	1	0	0	100							-868.3345187	1	NaN	-868.3345187	1	NaN	
865.7745187	0	0	100	1	0	0	100							-865.7745187	1	NaN	-865.7745187	1	NaN	
863.2145187	0	0	100	1	0	0	100							-863.2145187	1	NaN	-863.2145187	1	NaN	
860.6545187	0	0	100	1	0	0	100							-860.6545187	1	NaN	-860.6545187	1	NaN	
858.0945187	0	0	100	1	0	0	100							-858.0945187	1	NaN	-858.0945187	1	NaN	
855.5345187	0	0	100	1	0	0	100							-855.5345187	1	NaN	-855.5345187	1	NaN	
852.9745187	0	0	100	1	0	0	100							-852.9745187	1	NaN	-852.9745187	1	NaN	
850.4145187	0	0	100	1	0	0	100							-850.4145187	1	NaN	-850.4145187	1	NaN	
847.8545187	0	0	100	1	0	0	100							-847.8545187	1	NaN	-847.8545187	1	NaN	
845.2945187	0	0	100	1	0	0	100							-845.2945187	1	NaN	-845.2945187	1	NaN	
842.7345187	0	0	100	1	0	0	100							-842.7345187	1	NaN	-842.7345187	1	NaN	
840.1745187	0	0	100	1	0	0	100							-840.1745187	1	NaN	-840.1745187	1	NaN	
837.6145187	0	0	100	1	0	0	100							-837.6145187	1	NaN	-837.6145187	1	NaN	
835.0545187	0	0	100	1	0	0	100							-835.0545187	1	NaN	-835.0545187	1	NaN	
832.4945187	0	0	100	1	0	0	100							-832.4945187	1	NaN	-832.4945187	1	NaN	
829.9345187	0	0	100	1	0	0	100							-829.9345187	1	NaN	-829.9345187	1	NaN	
827.3745187	0	0	100	1	0	0	100							-827.3745187	1	NaN	-827.3745187	1	NaN	
824.8145187	0	0	100	1	0	0	100							-824.8145187	1	NaN	-824.8145187	1	NaN	
822.2545187	0	0	100	1	0	0	100							-822.2545187	1	NaN	-822.2545187	1	NaN	
819.6945187	0	0	100	1	0	0	100							-819.6945187	1	NaN	-819.6945187	1	NaN	
817.1345187	0	0	100	1	0	0	100							-817.1345187	1	NaN	-817.1345187	1	NaN	
814.5745187	0	0	100	1	0	0	100							-814.5745187	1	NaN	-814.5745187	1	NaN	
812.0145187	0	0	100	1	0	0	100							-812.0145187	1	NaN	-812.0145187	1	NaN	
809.4545187	0	0	100	1	0	0	100							-809.4545187	1	NaN	-809.4545187	1	NaN	
806.8945187	0	0	100	1	0	0	100							-806.8945187	1	NaN	-806.8945187	1	NaN	
804.3345187	0	0	100	1	0	0	100							-804.3345187	1	NaN	-804.3345187	1	NaN	
801.7745187	0	0	100	1	0	0	100							-801.7745187	1	NaN	-801.7745187	1	NaN	
799.2145187	0	0	100	1	0	0	100							-799.2145187	1	NaN	-799.2145187	1	NaN	
796.6545187	0	0	100	1	0	0	100							-796.6545187	1	NaN	-796.6545187	1	NaN	
794.0945187	0	0	100	1	0	0	100							-794.0945187	1	NaN	-794.0945187	1	NaN	
791.5345187	0	0	100	1	0	0	100							-791.5345187	1	NaN	-791.5345187	1	NaN	
788.9745187	0	0	100	1	0	0	100							-788.9745187	1	NaN	-788.9745187	1	NaN	
786.4145187	0	0	100	1	0	0	100							-786.4145187	1	NaN	-786.4145187	1	NaN	
783.8545187	0	0	100	1	0	0	100							-783.8545187	1	NaN	-783.8545187	1	NaN	
781.2945187	0	0	100	1	0	0	100							-781.2945187	1	NaN	-781.2945187	1	NaN	
778.7345187	0	0	100	1	0	0	100							-778.7345187	1	NaN	-778.7345187	1	NaN	
776.1745187	0	0	100	1	0	0	100							-776.1745187	1	NaN	-776.1745187	1	NaN	
773.6145187	0	0	100	1	0	0	100							-773.6145187	1	NaN	-773.6145187	1	NaN	
771.0545187	0	0	100	1	0	0	100							-771.0545187	1	NaN	-771.0545187	1	NaN	
768.4945187	0	0	100	1	0	0	100							-768.4945187	1	NaN	-768.4945187	1	NaN	
765.9345187	0	0	100	1	0	0	100							-765.9345187	1	NaN	-765.9345187	1	NaN	
763.3745187	0	0	100	1	0	0	100							-763.3745187	1	NaN	-763.3745187	1	NaN	
760.8145187	0	0	100	1	0	0	100							-760.8145187	1	NaN	-760.8145187	1	NaN	
758.2545187	0	0	100	1	0	0	100							-758.2545187	1	NaN	-758.2545187	1	NaN	
755.6945187	0	0	100	1	0	0	100							-755.6945187	1	NaN	-755.6945187	1	NaN	
753.1345187	0	0	100	1	0	0	100							-753.1345187	1	NaN	-753.1345187	1	NaN	
750.5745187	0	0	100	1	0	0	100							-750.5745187	1	NaN	-750.5745187	1	NaN	
748.0145187	0	0	100	1	0	0	100							-748.0145187	1	NaN	-748.0145187	1	NaN	
745.4545187	0	0	100	1	0	0	100							-745.4545187	1	NaN	-745.4545187	1	NaN	
742.8945187	0	0	100	1	0	0	100							-742.8945187	1	NaN	-742.8945187	1	NaN	
740.3345187	0	0	100	1	0	0	100							-740.3345187	1	NaN	-740.3345187	1	NaN	
737.7745187	0	0	100	1	0	0	100							-737.7745187	1	NaN	-737.7745187	1	NaN	
735.2145187	0	0	100	1	0	0	100							-735.2145187	1	NaN	-735.2145187	1	NaN	
732.6545187	0	0	100	1	0	0	100							-732.6545187	1	NaN	-732.6545187	1	NaN	
730.0945187	0	0	100	1	0	0	100							-730.0945187	1	NaN	-730.0945187	1	NaN	
727.5345187	0	0	100	1	0	0	100							-727.5345187	1	NaN	-727.5345187	1	NaN	
724.9745187	0	0	100	1	0	0	100							-724.9745187	1	NaN	-724.9745187	1	NaN	
722.4145187	0	0	100	1	0	0	100							-722.4145187	1	NaN	-722.4145187	1	NaN	
719.8545187	0	0	100	1	0	0	100							-719.8545187	1	NaN	-719.8545187	1	NaN	
717.2945187	0	0	100	1	0	0	100							-717.2945187	1	NaN	-717.2945187	1	NaN	
714.7345187	0	0	100	1	0	0	100							-714.7345187	1	NaN	-714.7345187	1	NaN	
712.1745187	0	0	100	1	0	0	100							-712.1745187	1	NaN	-712.1745187	1	NaN	
709.6145187	0	0	100	1	0	0	100							-709.6145187	1	NaN	-709.6145187	1	NaN	
707.0545187	0	0	100	1	0	0	100							-707.0545187	1	NaN	-707.0545187	1	NaN	
704.4945187	0	0	100	1	0	0	100							-704.4945187	1	NaN	-704.4945187	1	NaN	
701.9345187	0	0	100	1	0	0	100							-701.9345187	1	NaN	-701.9345187	1	NaN	
699.3745187	0	0	100	1	0	0	100							-699.3745187	1	NaN	-699.3745187	1	NaN	
696.8145187	0	0	100	1	0	0	100							-696.8145187	1	NaN	-696.8145187	1	NaN	
694.2545187	0	0	100	1	0	0	100							-694.2545187	1	NaN	-694.2545187	1	NaN	
691.6945187	0	0	100	1	0	0	100							-691.6945187	1	NaN	-691.6945187	1	NaN	
689.1345187	0	0	100	1	0	0	100							-689.1345187	1	NaN	-689.1345187	1	NaN	
686.5745187	0	0	100	1	0	0	100							-686.5745187	1	NaN	-686.5745187	1	NaN	
684.0145187	0	0	100	1	0	0	100							-684.0145187	1	NaN	-684.0145187	1	NaN	
681.4545187	0	0	100	1	0	0	100							-681.4545187	1	NaN	-681.4545187	1	NaN	
678.8945187	0	0	100	1	0	0	100							-678.8945187	1	NaN	-678.8945187	1	NaN	
676.3345187	0	0	100	1	0	0	100							-676.3345187	1	NaN	-676.3345187	1	NaN	
673.7745187	0	0	100	1	0	0	100							-673.7745187	1	NaN	-673.7745187	1	NaN	
671.2145187	0	0	100	1	0	0	100							-671.2145187	1	NaN	-671.2145187	1	NaN	
668.6545187	0	0	100	1	0	0	100							-668.6545187	1	NaN	-668.6545187	1	NaN	
666.0945187	0	0	100	1	0	0	100							-666.0945187	1	NaN	-666.0945187	1	NaN	
663.5345187	0	0	100	1	0	0	100							-663.5345187	1	NaN	-663.5345187	1	NaN	
660.9745187	0	0	100	1	0	0	100							-660.9745187	1	NaN	-660.9745187	1	NaN	
658.4145187	0	0	100	1	0	0	100							-658.4145187	1	NaN	-658.4145187	1	NaN	
655.8545187	0	0	100	1	0	0	100							-655.8545187	1	NaN	-655.8545187	1	NaN	
653.2945187	0	0	100	1	0	0	100							-653.2945187	1	NaN	-653.2945187	1	NaN	
650.7345187	0	0	100	1	0	0	100							-650.7345187	1	NaN	-650.7345187	1	NaN	
648.1745187	0	0	100	1	0	0	100							-648.1745187	1	NaN	-648.1745187	1	NaN	
645.6145187	0	0	100	1	0	0	100							-645.6145187	1	NaN	-645.6145187	1	NaN	
643.0545187	0	0	100	1	0	0	100							-643.0545187	1	NaN	-643.0545187	1	NaN	
640.4945187	0	0	100	1	0	0	100							-640.4945187	1	NaN	-640.4945187	1	NaN	
637.9345187	0	0	100	1	0	0	100							-637.9345187	1	NaN	-637.9345187	1	NaN	
635.3745187	0	0	100	1	0	0	100							-635.3745187	1	NaN	-635.3745187	1	NaN	
632.8145187	0	0	100	1	0	0	100							-632.8145187	1	NaN	-632.8145187	1	NaN	
630.2545187	0	0	100	1	0	0	100							-630.2545187	1	NaN	-630.2545187	1	NaN	
627.6945187	0	0	100	1	0	0	100							-627.6945187	1	NaN	-627.6945187	1	NaN	
625.1345187	0	0	100	1	0	0	100							-625.1345187	1	NaN	-625.1345187	1	NaN	
622.5745187	0	0	100	1	0	0	100							-622.5745187	1	NaN	-622.5745187	1	NaN	
620.0145187	0	0	100	1	0	0	100							-620.0145187	1	NaN	-620.0145187	1	NaN	
617.4545187	0	0	100	1	0	0	100							-617.4545187	1	NaN	-617.4545187	1	NaN	
614.8945187	0	0	100	1	0	0	100							-614.8945187	1	NaN	-614.8945187	1	NaN	
612.3345187	0	0	100	1	0	0	100							-612.3345187	1	NaN	-612.3345187	1	NaN	
609.7745187	0	0	100	1	0	0	100							-609.7745187	1	NaN	-609.7745187	1	NaN	
607.2145187	0	0	100	1	0	0	100							-607.2145187	1	NaN	-607.2145187	1	NaN	
604.6545187	0	0	100	1	0	0	100							-604.6545187	1	NaN	-604.6545187	1	NaN	
602.0945187	0	0	100	1	0	0	100							-602.0945187	1	NaN	-602.0945187	1	NaN	
599.5345187	0	0	100	1	0	0	100							-599.5345187	1	NaN	-599.5345187	1	NaN	
596.9745187	0	0	100	1	0	0	100							-596.9745187	1	NaN	-596.9745187	1	NaN	
594.4145187	0	0	100	1	0	0	100							-594.4145187	1	NaN	-594.4145187	1	NaN	
591.8545187	0	0	100	1	0	0	100							-591.8545187	1	NaN	-591.8545187	1	NaN	
589.2945187	0	0	100	1	0	0	100							-589.2945187	1	NaN	-589.2945187	1	NaN	
586.7345187	0	0	100	1	0	0	100							-586.7345187	1	NaN	-586.7345187	1	NaN	
584.1745187	0	0	100	1	0	0	100							-584.1745187	1	NaN	-584.1745187	1	NaN	
581.6145187	0	0	100	1	0	0	100							-581.6145187	1	NaN	-581.6145187	1	NaN	
579.0545187	0	0	100	1	0	0	100							-579.0545187	1	NaN	-579.0545187	1	NaN	
576.4945187	0	0	100	1	0	0	100							-576.4945187	1	NaN	-576.4945187	1	NaN	
573.9345187	0	0	100	1	0	0	100							-573.9345187	1	NaN	-573.9345187	1	NaN	
571.3745187	0	0	100	1	0	0	100							-571.3745187	1	NaN	-571.3745187	1	NaN	
568.8145187	0	0	100	1	0	0	100							-568.8145187	1	NaN	-568.8145187	1	NaN	
566.2545187	0	0	100	1	0	0	100							-566.2545187	1	NaN	-566.2545187	1	NaN	
563.6945187	0	0	100	1	0	0	100							-563.6945187	1	NaN	-563.6945187	1	NaN	
561.1345187	0	0	100	1	0	0	100							-561.1345187	1	NaN	-561.1345187	1	NaN	
558.5745187	0	0	100	1	0	0	100							-558.5745187	1	NaN	-558.5745187	1	NaN	
556.0145187	0	0	100	1	0	0	100							-556.0145187	1	NaN	-556.0145187	1	NaN	
553.4545187	0	0	100	1	0	0	100							-553.4545187	1	NaN	-553.4545187	1	NaN	
550.8945187	0	0	100	1	0	0	100							-550.8945187	1	NaN	-550.8945187	1	NaN	
548.3345187	0	0	100	1	0	0	100							-548.3345187	1	NaN	-548.3345187	1	NaN	
545.7745187	0	0	100	1	0	0	100							-545.7745187	1	NaN	-545.7745187	1	NaN	
543.2145187	0	0	100	1	0	0	100							-543.2145187	1	NaN	-543.2145187	1	NaN	
540.6545187	0	0	100	1	0	0	100							-540.6545187	1	NaN	-540.6545187	1	NaN	
538.0945187	0	0	100	1	0	0	100							-538.0945187	1	NaN	-538.0945187	1	NaN	
535.5345187	0	0	100	1	0	0	100							-535.5345187	1	NaN	-535.5345187	1	NaN	
532.9745187	0	0	100	1	0	0	100							-532.9745187	1	NaN	-532.9745187	1	NaN	
530.4145187	0	0	100	1	0	0	100							-530.4145187	1	NaN	-530.4145187	1	NaN	
527.8545187	0	0	100	1	0	0	100							-527.8545187	1	NaN	-527.8545187	1	NaN	
525.2945187	0	0	100	1	0	0	100							-525.2945187	1	NaN	-525.2945187	1	NaN	
522.7345187	0	0	100	1	0	0	100							-522.7345187	1	NaN	-522.7345187	1	NaN	
520.1745187	0	0	100	1	0	0	100							-520.1745187	1	NaN	-520.1745187	1	NaN	
517.6145187	0	0	100	1	0	0	100							-517.6145187	1	NaN	-517.6145187	1	NaN	
515.0545187	0	0	100	1	0	0	100							-515.0545187	1	NaN	-515.0545187	1	NaN	
512.4945187	0	0	100	1	0	0	100							-512.4945187	1	NaN	-512.4945187	1	NaN	
509.9345187	0	0	100	1	0	0	100							-509.9345187	1	NaN	-509.9345187	1	NaN	
507.3745187	0	0	100	1	0	0	100							-507.3745187	1	NaN	-507.3745187	1	NaN	
504.8145187	0	0	100	1	0	0	100							-504.8145187	1	NaN	-504.8145187	1	NaN	
502.2545187	0	0	100	1	0	0	100							-502.2545187	1	NaN	-502.2545187	1	NaN	
499.6945187	0	0	100	1	0	0	100							-499.6945187	1	NaN	-499.6945187	1	NaN	
497.1345187	0	0	100	1	0	0	100							-497.1345187	1	NaN	-497.1345187	1	NaN	
494.5745187	0	0	100	1	0	0	100							-494.5745187	1	NaN	-494.5745187	1	NaN	
492.0145187	0	0	100	1	0	0	100							-492.0145187	1	NaN	-492.0145187	1	NaN	
489.4545187	0	0	100	1	0	0	100							-489.4545187	1	NaN	-489.4545187	1	NaN	
486.8945187	0	0	100	1	0	0	100							-486.8945187	1	NaN	-486.8945187	1	NaN	
484.3345187	0	0	100	1	0	0	100							-484.3345187	1	NaN	-484.3345187	1	NaN	
481.7745187	0	0	100	1	0	0	100							-481.7745187	1	NaN	-481.7745187	1	NaN	
479.2145187	0	0	100	1	0	0	100							-479.2145187	1	NaN	-479.2145187	1	NaN	
476.6545187	0	0	100	1	0	0	100							-476.6545187	1	NaN	-476.6545187	1	NaN	
474.0945187	0	0	100	1	0	0	100							-474.0945187	1	NaN	-474.0945187	1	NaN	
471.5345187	0	0	100	1	0	0	100							-471.5345187	1	NaN	-471.5345187	1	NaN	
468.9745187	0	0	100	1	0	0	100							-468.9745187	1	NaN	-468.9745187	1	NaN	
466.4145187	0	0	100	1	0	0	100							-466.4145187	1	NaN	-466.4145187	1	NaN	
463.8545187	0	0	100	1	0	0	100							-463.8545187	1	NaN	-463.8545187	1	NaN	
461.2945187	0	0	100	1	0	0	100							-461.2945187	1	NaN	-461.2945187	1	NaN	
458.7345187	0	0	100	1	0	0	100							-458.7345187	1	NaN	-458.7345187	1	NaN	
456.1745187	0	0	100	1	0	0	100							-456.1745187	1	NaN	-456.1745187	1	NaN	
453.6145187	0	0	100	1	0	0	100							-453.6145187	1	NaN	-453.6145187	1	NaN	
451.0545187	0	0	100	1	0	0	100							-451.0545187	1	NaN	-451.0545187	1	NaN	
448.4945187	0	0	100	1	0	0	100							-448.4945187	1	NaN	-448.4945187	1	NaN	
445.9345187	0	0	100	1	0	0	100							-445.9345187	1	NaN	-445.9345187	1	NaN	
443.3745187	0	0	100	1	0	0	100							-443.3745187	1	NaN	-443.3745187	1	NaN	
440.8145187	0	0	100	1	0	0	100							-440.8145187	1	NaN	-440.8145187	1	NaN	
438.2545187	0	0	100	1	0	0	100							-438.2545187	1	NaN	-438.2545187	1	NaN	
435.6945187	0	0	100	1	0	0	100							-435.6945187	1	NaN	-435.6945187	1	NaN	
433.1345187	0	0	100	1	0	0	100							-433.1345187	1	NaN	-433.1345187	1	NaN	
430.5745187	0	0	100	1	0	0	100							-430.5745187	1	NaN	-430.5745187	1	NaN	
428.0145187	0	0	100	1	0	0	100							-428.0145187	1	NaN	-428.0145187	1	NaN	
425.4545187	0	0	100	1	0	0	100							-425.4545187	1	NaN	-425.4545187	1	NaN	
422.8945187	0	0	100	1	0	0	100							-422.8945187	1	NaN	-422.8945187	1	NaN	
420.3345187	0	0	100	1	0	0	100							-420.3345187	1	NaN	-420.3345187	1	NaN	
417.7745187	0	0	100	1	0	0	100							-417.7745187	1	NaN	-417.7745187	1	NaN	
415.2145187	0	0	100	1	0	0	100							-415.2145187	1	NaN	-415.2145187	1	NaN	
412.6545187	0	0	100	1	0	0	100							-412.6545187	1	NaN	-412.6545187	1	NaN	
410.0945187	0	0	100	1	0	0	100							-410.0945187	1	NaN	-410.0945187	1	NaN	
407.5345187	0	0	100	1	0	0	100							-407.5345187	1	NaN	-407.5345187	1	NaN	
404.9745187	0	0	100	1	0	0	100							-404.9745187	1	NaN	-404.9745187	1	NaN	
402.4145187	0	0	100	1	0	0	100							-402.4145187	1	NaN	-402.4145187	1	NaN	
399.8545187	0	0	100	1	0	0	100							-399.8545187	1	NaN	-399.8545187	1	NaN	
397.2945187	0	0	100	1	0	0	100							-397.2945187	1	NaN	-397.2945187	1	NaN	
394.7345187	0	0	100	1	0	0	100							-394.7345187	1	NaN	-394.7345187	1	NaN	
392.1745187	0	0	100	1	0	0	100							-392.1745187	1	NaN	-392.1745187	1	NaN	
389.6145187	0	0	100	1	0	0	100							-389.6145187	1	NaN	-389.6145187	1	NaN	
387.0545187	0	0	100	1	0	0	100							-387.0545187	1	NaN	-387.0545187	1	NaN	
384.4945187	0	0	100	1	0	0	100							-384.4945187	1	NaN	-384.4945187	1	NaN	
381.9345187	0	0	100	1	0	0	100							-381.9345187	1	NaN	-381.9345187	1	NaN	
379.3745187	0	0	100	1	0	0	100							-379.3745187	1	NaN	-379.3745187	1	NaN	
376.8145187	0	0	100	1	0	0	100							-376.8145187	1	NaN	-376.8145187	1	NaN	
374.2545187	0	0	100	1	0	0	100							-374.2545187	1	NaN	-374.2545187	1	NaN	
371.6945187	0	0	100	1	0	0	100							-371.6945187	1	NaN	-371.6945187	1	NaN	
369.1345187	0	0	100	1	0	0	100							-369.1345187	1	NaN	-369.1345187	1	NaN	
366.5745187	0	0	100	1	0	0	100							-366.5745187	1	NaN	-366.5745187	1	NaN	
364.0145187	0	0	100	1	0	0	100							-364.0145187	1	NaN	-364.0145187	1	NaN	
361.4545187	0	0	100	1	0	0	100							-361.4545187	1	NaN	-361.4545187	1	NaN	
358.8945187	0	0	100	1	0	0	100							-358.8945187	1	NaN	-358.8945187	1	NaN	
356.3345187	0	0	100	1	0	0	100							-356.3345187	1	NaN	-356.3345187	1	NaN	
353.7745187	0	0	100	1	0	0	100							-353.7745187	1	NaN	-353.7745187	1	NaN	
351.2145187	0	0	100	1	0	0	100							-351.2145187	1	NaN	-351.2145187	1	NaN	
348.6545187	0	0	100	1	0	0	100							-348.6545187	1	NaN	-348.6545187	1	NaN	
346.0945187	0	0	100	1	0	0	100							-346.0945187	1	NaN	-346.0945187	1	NaN	
343.5345187	0	0	100	1	0	0	100							-343.5345187	1	NaN	-343.5345187	1	NaN	
340.9745187	0	0	100	1	0	0	100							-340.9745187	1	NaN	-340.9745187	1	NaN	
338.4145187	0	0	100	1	0	0	100							-338.4145187	1	NaN	-338.4145187	1	NaN	
335.8545187	0	0	100	1	0	0	100							-335.8545187	1	NaN	-335.8545187	1	NaN	
333.2945187	0	0	100	1	0	0	100							-333.2945187	1	NaN	-333.2945187	1	NaN	
330.7345187	0	0	100	1	0	0	100							-330.7345187	1	NaN	-330.7345187	1	NaN	
328.1745187	0	0	100	1	0	0	100							-328.1745187	1	NaN	-328.1745187	1	NaN	
325.6145187	0	0	100	1	0	0	100							-325.6145187	1	NaN	-325.6145187	1	NaN	
323.0545187	0	0	100	1	0	0	100							-323.0545187	1	NaN	-323.0545187	1	NaN	
320.4945187	0	0	100	1	0	0	100							-320.4945187	1	NaN	-320.4945187	1	NaN	
317.9345187	0	0	100	1	0	0	100							-317.9345187	1	NaN	-317.9345187	1	NaN	
315.3745187	0	0	100	1	0	0	100							-315.3745187	1	NaN	-315.3745187	1	NaN	
312.8145187	0	0	100	1	0	0	100							-312.8145187	1	NaN	-312.8145187	1	NaN	
310.2545187	0	0	100	1	0	0	100							-310.2545187	1	NaN	-310.2545187	1	NaN	
307.6945187	0	0	100	1	0	0	100							-307.6945187	1	NaN	-307.6945187	1	NaN	
305.1345187	0	0	100	1	0	0	100							-305.1345187	1	NaN	-305.1345187	1	NaN	
302.5745187	0	0	100	1	0	0	100							-302.5745187	1	NaN	-302.5745187	1	NaN	
300.0145187	0	0	100	1	0	0	100							-300.0145187	1	NaN	-300.0145187	1	NaN	
300	0	0	100	1	0	0	100							-300	1	NaN	-300	1	NaN	
