T	w(CU)	w(FE)	w(TI)	fs	fw(@BCC_A2)	w(CU@BCC_A2)	w(FE@BCC_A2)	w(TI@BCC_A2)	w(CU@LIQUID)	w(FE@LIQUID)	w(TI@LIQUID)	w(CU@CUTI2)	w(FE@CUTI2)	w(TI@CUTI2)	w(CU@HCP_A3)	w(FE@HCP_A3)	w(TI@HCP_A3)	w(CU@BCC_B2)	w(FE@BCC_B2)	w(TI@BCC_B2)	dwdT_L(CU@LIQUID)	dwdT_L(FE@LIQUID)	dwdT_L(TI@LIQUID)	-T	fw(@BCC_A2)_1	-T//fw(@BCC_A2)	
K	%	%	%	mole/mole	kg/kg	%	%	%	%	%	%	%	%	%	%	%	%	%	%	%	SI	SI	SI				
1789.940626	7	4	89	0	0	2.910598866	1.414620781	95.67478035	7	4	89										-0.0003778813985	-0.0002389030339	0.0006167844324	-1789.940626	0	108.148588961584	
1789.920626	7	4	89	0.0001874670587	0.0001848619299	2.910950587	1.414822914	95.6742265	7.000755774	4.000477792	88.99876643										0	0	0	-1789.920626	0.0001848619299	108.22911531534	
1789.900626	7	4	89	0.0003747943019	0.0003695864181	2.911302281	1.41502506	95.67367266	7.001511473	4.000955592	88.99753294										0	0	0	-1789.900626	0.0003695864181	108.279787494832	
1789.860626	7	4	89	0.0007493391614	0.0007389285832	2.912005665	1.415429352	95.67256498	7.00302282	4.001911118	88.99506606										0	0	0	-1789.860626	0.0007389285832	108.320017027405	
1789.780626	7	4	89	0.001498022319	0.001477217169	2.913412324	1.416237983	95.67034969	7.006045109	4.003821996	88.99013289										0	0	0	-1789.780626	0.001477217169	108.405695960976	
1789.620626	7	4	89	0.002993424116	0.002951877764	2.916225223	1.417855423	95.66591935	7.012088098	4.007643029	88.98026887										0	0	0	-1789.620626	0.002951877764	108.593658271272	
1789.300626	7	4	89	0.005976394613	0.005893557079	2.921849346	1.421091018	95.65705964	7.02416772	4.015282202	88.96055008										0	0	0	-1789.300626	0.005893557079	109.031967326711	
1788.660626	7	4	89	0.01190124579	0.01173672244	2.933089914	1.427565642	95.63934444	7.048299166	4.030550577	88.92115026										0	0	0	-1788.660626	0.01173672244	109.940726036413	
1787.380626	7	4	89	0.02361866319	0.02329389391	2.955543339	1.440526875	95.60392979	7.096458733	4.061042485	88.84249878										0	0	0	-1787.380626	0.02329389391	111.618646910841	
1784.820626	7	4	89	0.04651973327	0.0458868926	3.000337777	1.466498291	95.53316393	7.192364104	4.121849292	88.6857866										0	0	0	-1784.820626	0.0458868926	115.052930714019	
1782.260626	7	4	89	0.06874004583	0.0678150052	3.044983447	1.49253454	95.46248201	7.287726438	4.182417768	88.52985579										0	0	0	-1782.260626	0.0678150052	118.509201107438	
1779.700626	7	4	89	0.09031099965	0.08910889758	3.089481371	1.518635243	95.39188339	7.382555679	4.242745637	88.37469868										0	0	0	-1779.700626	0.08910889758	122.003506776451	
1777.140626	7	4	89	0.1112631361	0.1097984094	3.133832759	1.544799938	95.3213673	7.476862043	4.302830367	88.22030759										0	0	0	-1777.140626	0.1097984094	125.532105075446	
1774.580626	7	4	89	0.1316251294	0.1299115563	3.178038891	1.571028126	95.25093298	7.570655829	4.362669324	88.06667485										0	0	0	-1774.580626	0.1299115563	129.094043138268	
1772.020626	7	4	89	0.1514239257	0.1494746659	3.222101119	1.59731927	95.18057961	7.663947423	4.422259778	87.9137928										0	0	0	-1772.020626	0.1494746659	132.68836280005	
1769.460626	7	4	89	0.1706848721	0.1685125036	3.266020865	1.623672799	95.11030634	7.756747303	4.481598898	87.7616538										0	0	0	-1769.460626	0.1685125036	136.314094398859	
1766.900626	7	4	89	0.1894318336	0.1870483875	3.309799622	1.6500881	95.04011228	7.84906604	4.540683756	87.6102502										0	0	0	-1766.900626	0.1870483875	139.970259442393	
1764.340626	7	4	89	0.2076873005	0.2051042925	3.353438955	1.676564523	94.96999652	7.9409143	4.599511326	87.45957437										0	0	0	-1764.340626	0.2051042925	143.655871283461	
1761.780626	7	4	89	0.2254724862	0.2227009462	3.396940498	1.70310138	94.89995812	8.032302845	4.658078484	87.30961867										0	0	0	-1761.780626	0.2227009462	147.369932843922	
1759.220626	7	4	89	0.2428074169	0.2398579167	3.440305953	1.729697939	94.82999611	8.123242535	4.716382009	87.16037546										0	0	0	-1759.220626	0.2398579167	151.111439046145	
1756.660626	7	4	89	0.2597110137	0.2565936926	3.483537096	1.756353428	94.76010948	8.21374433	4.77441858	87.01183709										0	0	0	-1756.660626	0.2565936926	154.879377195069	
1754.100626	7	4	89	0.2762011682	0.2729257569	3.52663577	1.783067035	94.6902972	8.303819292	4.832184781	86.86399593										0	0	0	-1754.100626	0.2729257569	158.672727952328	
1751.540626	7	4	89	0.2922948116	0.2888706544	3.569603887	1.809837901	94.62055821	8.393478587	4.889677094	86.71684432										0	0	0	-1751.540626	0.2888706544	162.490464751219	
1748.980626	7	4	89	0.3080079783	0.3044440544	3.612443429	1.836665125	94.55089145	8.482733485	4.946891904	86.57037461										0	0	0	-1748.980626	0.3044440544	166.33155441928	
1746.420626	7	4	89	0.3233558652	0.3196608078	3.655156446	1.86354776	94.48129579	8.571595365	5.003825499	86.42457914										0	0	0	-1746.420626	0.3196608078	170.194961517472	
1743.860626	7	4	89	0.3383528852	0.3345349997	3.697745059	1.890484814	94.41177013	8.660075714	5.060474064	86.27945022										0	0	0	-1743.860626	0.3345349997	174.079643288738	
1741.300626	7	4	89	0.3530127176	0.349079999	3.740211456	1.917475246	94.3423133	8.74818613	5.116833687	86.13498018										0	0	0	-1741.300626	0.349079999	177.98455365902	
1738.740626	7	4	89	0.3673483539	0.3633085027	3.782557895	1.944517968	94.27292414	8.835938326	5.172900355	85.99116132										0	0	0	-1738.740626	0.3633085027	181.908645254986	
1736.180626	7	4	89	0.3813721408	0.3772325781	3.8247867	1.971611842	94.20360146	8.923344126	5.228669953	85.84798592										0	0	0	-1736.180626	0.3772325781	185.850867283807	
1733.620626	7	4	89	0.3950958196	0.3908637012	3.866900268	1.99875568	94.13434405	9.010415476	5.284138266	85.70544626										0	0	0	-1733.620626	0.3908637012	189.810169131742	
1731.060626	7	4	89	0.4085305629	0.4042127925	3.908901062	2.025948242	94.0651507	9.097164437	5.339300977	85.56353459										0	0	0	-1731.060626	0.4042127925	193.785499249887	
1728.500626	7	4	89	0.4216870084	0.4172902503	3.950791613	2.053188233	93.99602015	9.183603192	5.394153667	85.42224314										0	0	0	-1728.500626	0.4172902503	197.775807039538	
1725.940626	7	4	89	0.4345752906	0.4301059814	3.992574523	2.080474309	93.92695117	9.269744049	5.448691811	85.28156414										0	0	0	-1725.940626	0.4301059814	201.780044913858	
1723.380626	7	4	89	0.4472050702	0.4426694297	4.034252461	2.107805065	93.85794247	9.355599439	5.502910783	85.14148978										0	0	0	-1723.380626	0.4426694297	205.797167180376	
1720.820626	7	4	89	0.4595855609	0.454989603	4.075828166	2.135179043	93.78899279	9.441181921	5.55680585	85.00201223										0	0	0	-1720.820626	0.454989603	209.826131513326	
1718.260626	7	4	89	0.4717255554	0.4670750977	4.117304447	2.162594726	93.72010083	9.526504184	5.610372174	84.86312364										0	0	0	-1718.260626	0.4670750977	213.865902184031	
1715.700626	7	4	89	0.4836334486	0.4789341218	4.15868418	2.190050538	93.65126528	9.611579049	5.663604812	84.72481614										0	0	0	-1715.700626	0.4789341218	217.915450931051	
1713.140626	7	4	89	0.4953172598	0.4905745164	4.199970311	2.217544841	93.58248485	9.696419469	5.71649871	84.58708182										0	0	0	-1713.140626	0.4905745164	221.973756350384	
1710.580626	7	4	89	0.5067846531	0.5020037759	4.241165856	2.245075938	93.51375821	9.781038534	5.769048709	84.44991276										0	0	0	-1710.580626	0.5020037759	226.039803276232	
1708.020626	7	4	89	0.5180429568	0.5132290669	4.282273902	2.272642066	93.44508403	9.865449474	5.82124954	84.31330099										0	0	0	-1708.020626	0.5132290669	230.1125904235	
1705.460626	7	4	89	0.5290991813	0.5242572452	4.323297603	2.300241397	93.376461	9.949665656	5.873095823	84.17723852										0	0	0	-1705.460626	0.5242572452	234.191127795113	
1702.900626	7	4	89	0.5399600357	0.5350948727	4.364240185	2.32787204	93.30788778	10.03370059	5.924582067	84.04171734										0	0	0	-1702.900626	0.5350948727	238.274434286632	
1700.340626	7	4	89	0.5506319435	0.5457482326	4.405104944	2.355532032	93.23936302	10.11756794	5.975702669	83.90672939										0	0	0	-1700.340626	0.5457482326	242.36154933742	
1697.780626	7	4	89	0.5611210575	0.5562233433	4.445895248	2.383219344	93.17088541	10.2012815	6.026451914	83.77226659										0	0	0	-1697.780626	0.5562233433	246.451525609466	
1695.220626	7	4	89	0.5714332734	0.5665259725	4.486614532	2.410931874	93.10245359	10.28485523	6.076823971	83.6383208										0	0	0	-1695.220626	0.5665259725	250.543430295062	
1692.660626	7	4	89	0.5815742427	0.5766616494	4.527266307	2.43866745	93.03406624	10.36830323	6.126812894	83.50488387										0	0	0	-1692.660626	0.5766616494	254.636352810471	
1690.100626	7	4	89	0.591549385	0.5866356766	4.567854152	2.466423823	92.96572203	10.45163977	6.176412624	83.37194761										0	0	0	-1690.100626	0.5866356766	258.729400486832	
1687.540626	7	4	89	0.601363899	0.5964531413	4.608381718	2.494198672	92.89741961	10.53487925	6.22561698	83.23950377										0	0	0	-1687.540626	0.5964531413	262.821705283072	
1684.980626	7	4	89	0.6110227734	0.6061189254	4.64885273	2.521989597	92.82915767	10.61803625	6.274419668	83.10754409										0	0	0	-1684.980626	0.6061189254	266.912419632874	
1682.420626	7	4	89	0.6205307968	0.6156377158	4.689270983	2.549794119	92.7609349	10.7011255	6.32281427	82.97606023										0	0	0	-1682.420626	0.6156377158	271.000723994631	
1679.860626	7	4	89	0.6298925675	0.6250140129	4.729640346	2.577609679	92.69274997	10.78416191	6.370794253	82.84504384										0	0	0	-1679.860626	0.6250140129	275.085825816329	
1677.300626	7	4	89	0.6391125017	0.6342521399	4.769964759	2.605433638	92.6246016	10.86716052	6.418352959	82.71448652										0	0	0	-1677.300626	0.6342521399	279.16695215981	
1674.740626	7	4	89	0.6481948424	0.6433562509	4.810248238	2.633263271	92.55648849	10.95013658	6.46548361	82.58437981										0	0	0	-1674.740626	0.6433562509	283.243372197938	
1672.180626	7	4	89	0.657143667	0.6523303378	4.85049487	2.661095768	92.48840936	11.03310548	6.512179306	82.45471522										0	0	0	-1672.180626	0.6523303378	287.314379799115	
1669.620626	7	4	89	0.6659628949	0.6611782387	4.890708815	2.688928234	92.42036295	11.11608278	6.558433022	82.32548419										0	0	0	-1669.620626	0.6611782387	291.379301798783	
1667.060626	7	4	89	0.6746562941	0.6699036436	4.930894308	2.716757684	92.35234801	11.19908424	6.604237611	82.19667815										0	0	0	-1667.060626	0.6699036436	295.437506107189	
1664.500626	7	4	89	0.6832274882	0.6785101015	4.971055659	2.744581044	92.2843633	11.28212575	6.6495858	82.06828845										0	0	0	-1664.500626	0.6785101015	299.488387074725	
1661.940626	7	4	89	0.6916799623	0.6870010264	5.01119725	2.772395147	92.2164076	11.36522343	6.69447019	81.94030638										0	0	0	-1661.940626	0.6870010264	303.531385236665	
1659.380626	7	4	89	0.700017069	0.6953797026	5.051323538	2.800196733	92.14847973	11.44839353	6.738883258	81.81272321										0	0	0	-1659.380626	0.6953797026	307.565982924269	
1656.820626	7	4	89	0.708242034	0.7036492904	5.091439057	2.827982448	92.0805785	11.53165251	6.782817353	81.68553014										0	0	0	-1656.820626	0.7036492904	311.591694848748	
1654.260626	7	4	89	0.7163579609	0.7118128314	5.131548411	2.85574884	92.01270275	11.61501699	6.826264697	81.55871831										0	0	0	-1654.260626	0.7118128314	315.608084775372	
1651.700626	7	4	89	0.7243678369	0.7198732528	5.171656282	2.883492362	91.94485136	11.6985038	6.869217387	81.43227881										0	0	0	-1651.700626	0.7198732528	319.614764274939	
1649.140626	7	4	89	0.7322745366	0.7278333723	5.211767425	2.911209363	91.87702321	11.78212992	6.911667392	81.30620268										0	0	0	-1649.140626	0.7278333723	323.611387014063	
1646.580626	7	4	89	0.740080827	0.7356959023	5.251886672	2.938896095	91.80921723	11.86591255	6.953606553	81.1804809										0	0	0	-1646.580626	0.7356959023	327.597658338483	
1644.020626	7	4	89	0.7477893715	0.7434634539	5.292018927	2.966548706	91.74143237	11.94986903	6.995026586	81.05510438										0	0	0	-1644.020626	0.7434634539	331.573331844107	
1641.460626	7	4	89	0.7554027338	0.7511385409	5.332169169	2.994163239	91.67366759	12.03401693	7.035919078	80.93006399										0	0	0	-1641.460626	0.7511385409	335.53821271695	
1638.900626	7	4	89	0.7629233817	0.7587235833	5.372342452	3.021735634	91.60592191	12.11837399	7.076275492	80.80535052										0	0	0	-1638.900626	0.7587235833	339.492159044438	
1636.340626	7	4	89	0.7703536904	0.7662209109	5.412543903	3.049261723	91.53819437	12.20295812	7.116087164	80.68095472										0	0	0	-1636.340626	0.7662209109	343.435086630814	
1633.780626	7	4	89	0.7776959464	0.7736327663	5.452778725	3.076737231	91.47048404	12.28778744	7.155345306	80.55686725										0	0	0	-1633.780626	0.7736327663	347.367022188728	
1631.220626	7	4	89	0.7849523477	0.780961306	5.493052201	3.104157767	91.40279003	12.37288013	7.194040989	80.43307888										0	0	0	-1631.220626	0.780961306	351.287879177583	
1628.660626	7	4	89	0.7921250168	0.7882086124	5.533369658	3.131518853	91.33511149	12.45825491	7.232165213	80.30957988										0	0	0	-1628.660626	0.7882086124	355.197754007733	
1626.100626	7	4	89	0.7992159889	0.7953766826	5.573736526	3.158815877	91.2674476	12.54393031	7.269708803	80.18636088										0	0	0	-1626.100626	0.7953766826	359.096903329113	
1623.540626	7	4	89	0.8062272243	0.8024674406	5.614158297	3.186044124	91.19979758	12.6299252	7.306662483	80.06341231										0	0	0	-1623.540626	0.8024674406	362.985489252532	
1620.980626	7	4	89	0.8131606087	0.809482737	5.65464053	3.213198764	91.13216071	12.71625861	7.34301686	79.94072453										0	0	0	-1620.980626	0.809482737	366.863783480542	
1618.420626	7	4	89	0.8200179553	0.8164243522	5.695188859	3.240274859	91.06453628	12.80294975	7.378762424	79.81828783										0	0	0	-1618.420626	0.8164243522	370.732130316847	
1615.860626	7	4	89	0.8268010078	0.8232939976	5.735808982	3.267267352	90.99692367	12.890018	7.413889553	79.69609245										0	0	0	-1615.860626	0.8232939976	374.590942991017	
1613.300626	7	4	89	0.8335114418	0.8300933187	5.776506668	3.294171078	90.92932225	12.97748294	7.448388513	79.57412855										0	0	0	-1613.300626	0.8300933187	378.440692821091	
1610.740626	7	4	89	0.8401508675	0.8368238966	5.817287751	3.320980753	90.8617315	13.06536429	7.482249465	79.45238624										0	0	0	-1610.740626	0.8368238966	382.281930888263	
1608.180626	7	4	89	0.8467208313	0.8434872501	5.858158129	3.347690982	90.79415089	13.15368198	7.515462463	79.33085556										0	0	0	-1608.180626	0.8434872501	386.11527663345	
1605.620626	7	4	89	0.8532228182	0.8500848375	5.899123766	3.374296256	90.72657998	13.24245606	7.548017463	79.20952648										0	0	0	-1605.620626	0.8500848375	389.941419202123	
1603.060626	7	4	89	0.8596582531	0.8566180585	5.940190685	3.400790951	90.65901836	13.33170676	7.579904324	79.08838891										0	0	0	-1603.060626	0.8566180585	393.761122701949	
1600.500626	7	4	89	0.8660285029	0.8630882557	5.98136497	3.427169332	90.5914657	13.42145448	7.611112813	78.96743271										0	0	0	-1600.500626	0.8630882557	397.575222195069	
1597.940626	7	4	89	0.8723348779	0.8694967165	6.022652762	3.45342555	90.52392169	13.51171975	7.64163261	78.84664764										0	0	0	-1597.940626	0.8694967165	401.384633171833	
1595.380626	7	4	89	0.8785786336	0.8758446742	6.064060258	3.479553647	90.45638609	13.60252324	7.671453313	78.72602345										0	0	0	-1595.380626	0.8758446742	405.190350988744	
1592.820626	7	4	89	0.8847609723	0.8821333098	6.105593709	3.505547551	90.38885874	13.69388577	7.700564445	78.60554979										0	0	0	-1592.820626	0.8821333098	408.99343558255	
1590.260626	7	4	89	0.8908830441	0.8883637535	6.147259414	3.531401086	90.3213395	13.78582828	7.728955458	78.48521626										0	0	0	-1590.260626	0.8883637535	412.795027217516	
1587.700626	7	4	89	0.8969459491	0.8945370859	6.189063721	3.557107965	90.25382831	13.87837184	7.756615742	78.36501242										0	0	0	-1587.700626	0.8945370859	416.596360773529	
1585.140626	7	4	89	0.9029507378	0.900654339	6.231013023	3.582661797	90.18632518	13.97153763	7.78353463	78.24492774										0	0	0	-1585.140626	0.900654339	420.398658851051	
1582.580626	7	4	89	0.9088984155	0.9067165004	6.27311378	3.608056095	90.11883012	14.06534684	7.809701456	78.1249517										0	0	0	-1582.580626	0.9067165004	424.20345770798	
1580.020626	7	4	89	0.914789934	0.912724505	6.315372409	3.633284254	90.05134334	14.159821	7.835105367	78.00507364										0	0	0	-1580.020626	0.912724505	428.01222769076	
1577.460626	7	4	89	0.9206262067	0.9186792497	6.357795443	3.658339586	89.98386497	14.25498148	7.859735623	77.8852829										0	0	0	-1577.460626	0.9186792497	431.826357715898	
1574.900626	7	4	89	0.9264081004	0.9245815859	6.400389416	3.683215307	89.91639528	14.35084981	7.883581414	77.76556878										0	0	0	-1574.900626	0.9245815859	435.647550632715	
1572.340626	7	4	89	0.9321364392	0.9304323225	6.44316089	3.707904539	89.84893457	14.44744756	7.906631918	77.64592052										0	0	0	-1572.340626	0.9304323225	439.477514978775	
1569.780626	7	4	89	0.9378120054	0.9362322273	6.486116442	3.73240032	89.78148324	14.54479647	7.928876266	77.52632726										0	0	0	-1569.780626	0.9362322273	443.318063360678	
1567.220626	7	4	89	0.9434355397	0.9419820272	6.529262681	3.756695596	89.71404172	14.64291796	7.950303725	77.40677831										0	0	0	-1567.220626	0.9419820272	447.171067390279	
1564.660626	7	4	89	0.9490077441	0.9476824107	6.572606213	3.780783243	89.64661054	14.74183381	7.970903458	77.28726273										0	0	0	-1564.660626	0.9476824107	451.038469385476	
1562.100626	7	4	89	0.9545292817	0.9533340278	6.616153653	3.804656062	89.57919028	14.84156567	7.990664701	77.16776963										0	0	0	-1562.100626	0.9533340278	454.922329817446	
1559.540626	7	4	89	0.9600007778	0.9589374912	6.659911618	3.828306785	89.5117816	14.94213518	8.009576733	77.04828809										0	0	0	-1559.540626	0.9589374912	458.824768327815	
1556.980626	7	4	89	0.9654228213	0.9644933777	6.703886722	3.85172808	89.4443852	15.04356394	8.027628895	76.92880716										0	0	0	-1556.980626	0.9644933777	462.747994876357	
1554.420626	7	4	89	0.9707959656	0.9700022286	6.748085563	3.874912559	89.37700188	15.14587349	8.044810597	76.80931591										0	0	0	-1554.420626	0.9700022286	466.694308016306	
1551.860626	7	4	89	0.9761207294	0.9754645511	6.792514725	3.897852784	89.30963249	15.24908529	8.061111338	76.68980337										0	0	0	-1551.860626	0.9754645511	470.666082860789	
1549.300626	7	4	89	0.9813975981	0.980880819	6.837180767	3.920541272	89.24227796	15.3532207	8.076520718	76.57025859										0	0	0	-1549.300626	0.980880819	474.66577777277	
1546.740626	7	4	89	0.9866270242	0.9862514739	6.882090214	3.942970507	89.17493928	15.45830095	8.091028456	76.45067059										0	0	0	-1546.740626	0.9862514739	478.695930090778	
1544.180626	7	4	89	0.991809429	0.991576926	6.927249554	3.965132941	89.1076175	15.56434714	8.104624406	76.33102845										0	0	0	-1544.180626	0.991576926	482.759164061897	
1541.620626	7	4	89	0.9969452032	0.9968575551	6.972665229	3.987021009	89.04031376	15.67138019	8.117298575	76.21132123										0	0	0	-1541.620626	0.9968575551	486.376478992557	
1540.340626	7	4	89	0.9994994378	0.999484999	6.995468839	3.997862011	89.00666915	15.72526771	8.123290997	76.1514413										0	0	0	-1540.340626	0.999484999	493.841230103652	
1540.180626	7	4	89	0.9998138253	0.9998084515	6.99832653	3.999209696	89.00246377	15.7320276	8.124019136	76.14395327										0	0	0	-1540.180626	0.9998084515	490.984448836532	
1540.100626	7	4	89	0.9999727946	0.9999720091	6.999754623	3.999884186	89.00036119	15.73540633	8.124383796	76.14020987										0	0	0	-1540.100626	0.9999720091	681.581260955072	
1540.080626	7	4	89	1	1	6.999999995	3.999999946	89.00000006																-1540.080626	1	714.517932611831	
1540.070626	7	4	89	1	1	6.999999992	3.999999944	89.00000006																-1540.070626	1	NaN	
1540.050626	7	4	89	1	1	7	4	89																-1540.050626	1	NaN	
1540.010626	7	4	89	1	1	7	4	89																-1540.010626	1	NaN	
1539.930626	7	4	89	1	1	7	4	89																-1539.930626	1	NaN	
1539.770626	7	4	89	1	1	7	4	89																-1539.770626	1	NaN	
1539.450626	7	4	89	1	1	7	3.999999999	89																-1539.450626	1	NaN	
1538.810626	7	4	89	1	1	6.999999998	3.999999998	89																-1538.810626	1	NaN	
1537.530626	7	4	89	1	1	6.999999992	3.999999991	89.00000002																-1537.530626	1	NaN	
1534.970626	7	4	89	1	1	6.999999969	3.999999965	89.00000007																-1534.970626	1	NaN	
1532.410626	7	4	89	1	1	6.999999958	3.999999953	89.00000009																-1532.410626	1	NaN	
1529.850626	7	4	89	1	1	6.999999958	3.999999953	89.00000009																-1529.850626	1	NaN	
1527.290626	7	4	89	1	1	6.999999957	3.999999953	89.00000009																-1527.290626	1	NaN	
1524.730626	7	4	89	1	1	6.999999957	3.999999952	89.00000009																-1524.730626	1	NaN	
1522.170626	7	4	89	1	1	6.999999957	3.999999952	89.00000009																-1522.170626	1	NaN	
1519.610626	7	4	89	1	1	6.999999957	3.999999952	89.00000009																-1519.610626	1	NaN	
1517.050626	7	4	89	1	1	6.999999957	3.999999952	89.00000009																-1517.050626	1	NaN	
1514.490626	7	4	89	1	1	6.999999956	3.999999952	89.00000009																-1514.490626	1	NaN	
1511.930626	7	4	89	1	1	6.999999956	3.999999951	89.00000009																-1511.930626	1	NaN	
1509.370626	7	4	89	1	1	6.999999956	3.999999951	89.00000009																-1509.370626	1	NaN	
1506.810626	7	4	89	1	1	6.999999956	3.999999951	89.00000009																-1506.810626	1	NaN	
1504.250626	7	4	89	1	1	6.999999956	3.999999951	89.00000009																-1504.250626	1	NaN	
1501.690626	7	4	89	1	1	6.999999955	3.99999995	89.00000009																-1501.690626	1	NaN	
1499.130626	7	4	89	1	1	6.999999955	3.99999995	89.00000009																-1499.130626	1	NaN	
1496.570626	7	4	89	1	1	6.999999955	3.99999995	89.0000001																-1496.570626	1	NaN	
1494.010626	7	4	89	1	1	6.999999955	3.99999995	89.0000001																-1494.010626	1	NaN	
1491.450626	7	4	89	1	1	6.999999955	3.99999995	89.0000001																-1491.450626	1	NaN	
1488.890626	7	4	89	1	1	6.999999954	3.999999949	89.0000001																-1488.890626	1	NaN	
1486.330626	7	4	89	1	1	6.999999954	3.999999949	89.0000001																-1486.330626	1	NaN	
1483.770626	7	4	89	1	1	6.999999954	3.999999949	89.0000001																-1483.770626	1	NaN	
1481.210626	7	4	89	1	1	6.999999954	3.999999949	89.0000001																-1481.210626	1	NaN	
1478.650626	7	4	89	1	1	6.999999953	3.999999948	89.0000001																-1478.650626	1	NaN	
1476.090626	7	4	89	1	1	6.999999953	3.999999948	89.0000001																-1476.090626	1	NaN	
1473.530626	7	4	89	1	1	6.999999953	3.999999948	89.0000001																-1473.530626	1	NaN	
1470.970626	7	4	89	1	1	6.999999953	3.999999948	89.0000001																-1470.970626	1	NaN	
1468.410626	7	4	89	1	1	6.999999952	3.999999947	89.0000001																-1468.410626	1	NaN	
1465.850626	7	4	89	1	1	6.999999952	3.999999947	89.0000001																-1465.850626	1	NaN	
1463.290626	7	4	89	1	1	6.999999952	3.999999947	89.0000001																-1463.290626	1	NaN	
1460.730626	7	4	89	1	1	6.999999952	3.999999947	89.0000001																-1460.730626	1	NaN	
1458.170626	7	4	89	1	1	6.999999951	3.999999946	89.0000001																-1458.170626	1	NaN	
1455.610626	7	4	89	1	1	6.999999951	3.999999946	89.0000001																-1455.610626	1	NaN	
1453.050626	7	4	89	1	1	6.999999951	3.999999946	89.0000001																-1453.050626	1	NaN	
1450.490626	7	4	89	1	1	6.999999951	3.999999946	89.0000001																-1450.490626	1	NaN	
1447.930626	7	4	89	1	1	6.99999995	3.999999945	89.0000001																-1447.930626	1	NaN	
1445.370626	7	4	89	1	1	6.99999995	3.999999945	89.0000001																-1445.370626	1	NaN	
1442.810626	7	4	89	1	1	6.99999995	3.999999945	89.00000011																-1442.810626	1	NaN	
1440.250626	7	4	89	1	1	6.99999995	3.999999944	89.00000011																-1440.250626	1	NaN	
1437.690626	7	4	89	1	1	6.999999949	3.999999944	89.00000011																-1437.690626	1	NaN	
1435.130626	7	4	89	1	1	6.999999949	3.999999944	89.00000011																-1435.130626	1	NaN	
1432.570626	7	4	89	1	1	6.999999949	3.999999944	89.00000011																-1432.570626	1	NaN	
1430.010626	7	4	89	1	1	6.999999948	3.999999943	89.00000011																-1430.010626	1	NaN	
1427.450626	7	4	89	1	1	6.999999948	3.999999943	89.00000011																-1427.450626	1	NaN	
1424.890626	7	4	89	1	1	6.999999948	3.999999943	89.00000011																-1424.890626	1	NaN	
1422.330626	7	4	89	1	1	6.999999948	3.999999943	89.00000011																-1422.330626	1	NaN	
1419.770626	7	4	89	1	1	6.999999947	3.999999942	89.00000011																-1419.770626	1	NaN	
1417.210626	7	4	89	1	1	6.999999947	3.999999942	89.00000011																-1417.210626	1	NaN	
1414.650626	7	4	89	1	1	6.999999947	3.999999942	89.00000011																-1414.650626	1	NaN	
1412.090626	7	4	89	1	1	6.999999946	3.999999941	89.00000011																-1412.090626	1	NaN	
1409.530626	7	4	89	1	1	6.999999946	3.999999941	89.00000011																-1409.530626	1	NaN	
1406.970626	7	4	89	1	1	6.999999946	3.999999941	89.00000011																-1406.970626	1	NaN	
1404.410626	7	4	89	1	1	6.999999945	3.999999941	89.00000011																-1404.410626	1	NaN	
1401.850626	7	4	89	1	1	6.999999945	3.99999994	89.00000011																-1401.850626	1	NaN	
1399.290626	7	4	89	1	1	6.999999945	3.99999994	89.00000012																-1399.290626	1	NaN	
1396.730626	7	4	89	1	1	6.999999944	3.99999994	89.00000012																-1396.730626	1	NaN	
1394.170626	7	4	89	1	1	6.999999944	3.999999939	89.00000012																-1394.170626	1	NaN	
1391.610626	7	4	89	1	1	6.999999944	3.999999939	89.00000012																-1391.610626	1	NaN	
1389.050626	7	4	89	1	1	6.999999943	3.999999939	89.00000012																-1389.050626	1	NaN	
1386.490626	7	4	89	1	1	6.999999943	3.999999938	89.00000012																-1386.490626	1	NaN	
1383.930626	7	4	89	1	1	6.999999943	3.999999938	89.00000012																-1383.930626	1	NaN	
1381.370626	7	4	89	1	1	6.999999942	3.999999938	89.00000012																-1381.370626	1	NaN	
1378.810626	7	4	89	1	1	6.999999942	3.999999938	89.00000012																-1378.810626	1	NaN	
1376.250626	7	4	89	1	1	6.999999941	3.999999937	89.00000012																-1376.250626	1	NaN	
1373.690626	7	4	89	1	1	6.999999941	3.999999937	89.00000012																-1373.690626	1	NaN	
1371.130626	7	4	89	1	1	6.999999941	3.999999937	89.00000012																-1371.130626	1	NaN	
1368.570626	7	4	89	1	1	6.99999994	3.999999936	89.00000012																-1368.570626	1	NaN	
1366.010626	7	4	89	1	1	6.99999994	3.999999936	89.00000012																-1366.010626	1	NaN	
1363.450626	7	4	89	1	1	6.99999994	3.999999936	89.00000012																-1363.450626	1	NaN	
1360.890626	7	4	89	1	1	6.999999939	3.999999935	89.00000013																-1360.890626	1	NaN	
1358.330626	7	4	89	1	1	6.999999939	3.999999935	89.00000013																-1358.330626	1	NaN	
1355.770626	7	4	89	1	1	6.999999938	3.999999935	89.00000013																-1355.770626	1	NaN	
1353.210626	7	4	89	1	1	6.999999938	3.999999934	89.00000013																-1353.210626	1	NaN	
1350.650626	7	4	89	1	1	6.999999938	3.999999934	89.00000013																-1350.650626	1	NaN	
1348.090626	7	4	89	1	1	6.999999937	3.999999934	89.00000013																-1348.090626	1	NaN	
1345.530626	7	4	89	1	1	6.999999937	3.999999933	89.00000013																-1345.530626	1	NaN	
1342.970626	7	4	89	1	1	6.999999936	3.999999933	89.00000013																-1342.970626	1	NaN	
1340.410626	7	4	89	1	1	6.999999936	3.999999932	89.00000013																-1340.410626	1	NaN	
1337.850626	7	4	89	1	1	6.999999936	3.999999932	89.00000013																-1337.850626	1	NaN	
1335.290626	7	4	89	1	1	6.999999935	3.999999932	89.00000013																-1335.290626	1	NaN	
1332.730626	7	4	89	1	1	6.999999935	3.999999931	89.00000013																-1332.730626	1	NaN	
1330.170626	7	4	89	1	1	6.999999934	3.999999931	89.00000013																-1330.170626	1	NaN	
1327.610626	7	4	89	1	1	6.999999934	3.99999993	89.00000014																-1327.610626	1	NaN	
1325.050626	7	4	89	1	1	6.999999933	3.99999993	89.00000014																-1325.050626	1	NaN	
1322.490626	7	4	89	1	1	6.999999933	3.99999993	89.00000014																-1322.490626	1	NaN	
1319.930626	7	4	89	1	1	6.999999932	3.999999929	89.00000014																-1319.930626	1	NaN	
1317.370626	7	4	89	1	1	6.999999932	3.999999929	89.00000014																-1317.370626	1	NaN	
1314.810626	7	4	89	1	1	6.999999932	3.999999928	89.00000014																-1314.810626	1	NaN	
1312.250626	7	4	89	1	1	6.999999931	3.999999928	89.00000014																-1312.250626	1	NaN	
1309.690626	7	4	89	1	1	6.999999931	3.999999928	89.00000014																-1309.690626	1	NaN	
1307.130626	7	4	89	1	1	6.99999993	3.999999927	89.00000014																-1307.130626	1	NaN	
1304.570626	7	4	89	1	1	6.99999993	3.999999927	89.00000014																-1304.570626	1	NaN	
1302.010626	7	4	89	1	1	6.999999929	3.999999926	89.00000014																-1302.010626	1	NaN	
1299.450626	7	4	89	1	1	6.999999929	3.999999926	89.00000015																-1299.450626	1	NaN	
1296.890626	7	4	89	1	1	6.999999928	3.999999925	89.00000015																-1296.890626	1	NaN	
1294.330626	7	4	89	1	1	6.999999928	3.999999925	89.00000015																-1294.330626	1	NaN	
1291.770626	7	4	89	1	1	6.999999927	3.999999925	89.00000015																-1291.770626	1	NaN	
1289.210626	7	4	89	1	1	6.999999927	3.999999924	89.00000015																-1289.210626	1	NaN	
1286.650626	7	4	89	1	1	6.999999926	3.999999924	89.00000015																-1286.650626	1	NaN	
1284.090626	7	4	89	1	1	6.999999926	3.999999923	89.00000015																-1284.090626	1	NaN	
1281.530626	7	4	89	1	1	6.999999925	3.999999923	89.00000015																-1281.530626	1	NaN	
1278.970626	7	4	89	1	1	6.999999924	3.999999922	89.00000015																-1278.970626	1	NaN	
1276.410626	7	4	89	1	1	6.999999924	3.999999922	89.00000015																-1276.410626	1	NaN	
1273.850626	7	4	89	1	1	6.999999923	3.999999921	89.00000016																-1273.850626	1	NaN	
1271.290626	7	4	89	1	1	6.999999923	3.999999921	89.00000016																-1271.290626	1	NaN	
1268.730626	7	4	89	1	1	6.999999922	3.99999992	89.00000016																-1268.730626	1	NaN	
1266.170626	7	4	89	1	1	6.999999922	3.99999992	89.00000016																-1266.170626	1	NaN	
1263.610626	7	4	89	1	1	6.999999921	3.999999919	89.00000016																-1263.610626	1	NaN	
1261.050626	7	4	89	1	1	6.99999992	3.999999919	89.00000016																-1261.050626	1	NaN	
1258.490626	7	4	89	1	1	6.99999992	3.999999918	89.00000016																-1258.490626	1	NaN	
1255.930626	7	4	89	1	1	6.999999919	3.999999918	89.00000016																-1255.930626	1	NaN	
1253.370626	7	4	89	1	1	6.999999919	3.999999917	89.00000016																-1253.370626	1	NaN	
1250.810626	7	4	89	1	1	6.999999918	3.999999917	89.00000017																-1250.810626	1	NaN	
1248.250626	7	4	89	1	1	6.999999917	3.999999916	89.00000017																-1248.250626	1	NaN	
1245.690626	7	4	89	1	1	6.999999917	3.999999916	89.00000017																-1245.690626	1	NaN	
1243.130626	7	4	89	1	1	6.999999916	3.999999915	89.00000017																-1243.130626	1	NaN	
1240.570626	7	4	89	1	1	6.999999915	3.999999915	89.00000017																-1240.570626	1	NaN	
1238.010626	7	4	89	1	1	6.999999915	3.999999914	89.00000017																-1238.010626	1	NaN	
1235.450626	7	4	89	1	1	6.999999914	3.999999914	89.00000017																-1235.450626	1	NaN	
1232.890626	7	4	89	1	1	6.999999913	3.999999913	89.00000017																-1232.890626	1	NaN	
1230.330626	7	4	89	1	1	6.999999913	3.999999912	89.00000017																-1230.330626	1	NaN	
1227.770626	7	4	89	1	1	6.999999912	3.999999912	89.00000018																-1227.770626	1	NaN	
1225.210626	7	4	89	1	1	6.999999911	3.999999911	89.00000018																-1225.210626	1	NaN	
1222.650626	7	4	89	1	1	6.999999911	3.999999911	89.00000018																-1222.650626	1	NaN	
1220.090626	7	4	89	1	1	6.99999991	3.99999991	89.00000018																-1220.090626	1	NaN	
1217.530626	7	4	89	1	1	6.999999909	3.999999909	89.00000018																-1217.530626	1	NaN	
1214.970626	7	4	89	1	1	6.999999908	3.999999909	89.00000018																-1214.970626	1	NaN	
1212.410626	7	4	89	1	1	6.999999907	3.999999908	89.00000018																-1212.410626	1	NaN	
1209.850626	7	4	89	1	1	6.999999907	3.999999908	89.00000019																-1209.850626	1	NaN	
1207.290626	7	4	89	1	1	6.999999906	3.999999907	89.00000019																-1207.290626	1	NaN	
1204.730626	7	4	89	1	1	6.999999905	3.999999906	89.00000019																-1204.730626	1	NaN	
1202.170626	7	4	89	1	1	6.999999904	3.999999906	89.00000019																-1202.170626	1	NaN	
1199.610626	7	4	89	1	1	6.999999903	3.999999905	89.00000019																-1199.610626	1	NaN	
1197.050626	7	4	89	1	1	6.999999903	3.999999904	89.00000019																-1197.050626	1	NaN	
1194.490626	7	4	89	1	1	6.999999902	3.999999904	89.00000019																-1194.490626	1	NaN	
1191.930626	7	4	89	1	1	6.999999901	3.999999903	89.0000002																-1191.930626	1	NaN	
1189.370626	7	4	89	1	1	6.9999999	3.999999902	89.0000002																-1189.370626	1	NaN	
1186.810626	7	4	89	1	1	6.999999899	3.999999902	89.0000002																-1186.810626	1	NaN	
1184.250626	7	4	89	1	1	6.999999898	3.999999901	89.0000002																-1184.250626	1	NaN	
1181.690626	7	4	89	1	1	6.999999897	3.9999999	89.0000002																-1181.690626	1	NaN	
1179.130626	7	4	89	1	1	6.999999896	3.9999999	89.0000002																-1179.130626	1	NaN	
1176.570626	7	4	89	1	1	6.999999896	3.999999899	89.00000021																-1176.570626	1	NaN	
1174.010626	7	4	89	1	1	6.999999895	3.999999898	89.00000021																-1174.010626	1	NaN	
1171.450626	7	4	89	1	1	6.999999894	3.999999898	89.00000021																-1171.450626	1	NaN	
1168.890626	7	4	89	1	1	6.999999893	3.999999897	89.00000021																-1168.890626	1	NaN	
1166.330626	7	4	89	1	1	6.999999892	3.999999896	89.00000021																-1166.330626	1	NaN	
1163.770626	7	4	89	1	1	6.999999891	3.999999895	89.00000021																-1163.770626	1	NaN	
1161.210626	7	4	89	1	1	6.99999989	3.999999895	89.00000022																-1161.210626	1	NaN	
1158.650626	7	4	89	1	1	6.999999889	3.999999894	89.00000022																-1158.650626	1	NaN	
1156.090626	7	4	89	1	1	6.999999887	3.999999893	89.00000022																-1156.090626	1	NaN	
1153.530626	7	4	89	1	1	6.999999887	3.999999893	89.00000022																-1153.530626	1	NaN	
1150.970626	7	4	89	1	1	6.999999885	3.999999891	89.00000022																-1150.970626	1	NaN	
1148.410626	7	4	89	1	1	6.999999884	3.999999891	89.00000023																-1148.410626	1	NaN	
1145.850626	7	4	89	1	1	6.999999883	3.99999989	89.00000023																-1145.850626	1	NaN	
1143.290626	7	4	89	1	1	6.999999882	3.999999889	89.00000023																-1143.290626	1	NaN	
1140.730626	7	4	89	1	1	6.999999881	3.999999888	89.00000023																-1140.730626	1	NaN	
1138.170626	7	4	89	1	1	6.99999988	3.999999887	89.00000023																-1138.170626	1	NaN	
1136.890626	7	4	89	1	1	6.999999955	3.999999958	89.00000009																-1136.890626	1	NaN	
1136.570626	7	4	89	1	1	6.999999995	3.999999996	89.00000001																-1136.570626	1	NaN	
1136.550626	7	4	89	1	1	7	4	89																-1136.550626	1	NaN	
1136.532907	7	4	89	1	1	7	4	89				38.82462149	0.9831745822	60.19220393										-1136.532907	1	0	
1136.520626	7	4	89	1	0.9999819243	6.999425181	4.000054274	89.00052055				38.82465439	0.9831441986	60.19220141										-1136.520626	0.9999819243	-679.5307448506	
1136.500626	7	4	89	1	0.9999525	6.998489189	4.000143261	89.00136755				38.82470787	0.9830948124	60.19219732										-1136.500626	0.9999525	-679.791592106875	
1136.460626	7	4	89	1	0.9998936725	6.996617534	4.000320731	89.00306174				38.82481489	0.9829959801	60.19218913										-1136.460626	0.9998936725	-680.103370586124	
1136.380626	7	4	89	1	0.9997760949	6.99287563	4.000675547	89.00644882				38.82502887	0.9827983774	60.19217276										-1136.380626	0.9997760949	-680.700481608965	
1136.220626	7	4	89	1	0.9995412488	6.985397446	4.001384681	89.01321787				38.82545665	0.9824033325	60.19214002										-1136.220626	0.9995412488	-682.145376109033	
1135.900626	7	4	89	1	0.9990732999	6.97046395	4.002800221	89.02673583				38.82631158	0.9816138208	60.1920746										-1135.900626	0.9990732999	-684.913447641007	
1135.260626	7	4	89	1	0.998141794	6.940686125	4.0056241	89.05368978				38.82801824	0.9800377665	60.19194399										-1135.260626	0.998141794	-688.505032584253	
1133.980626	7	4	89	1	0.9962904189	6.881477897	4.011256234	89.10726587				38.83141625	0.9768997996	60.19168395										-1133.980626	0.9962904189	-695.809417559006	
1131.420626	7	4	89	1	0.9926566727	6.764463046	4.022410251	89.2131267				38.83816108	0.9706711204	60.1911678										-1131.420626	0.9926566727	-712.937168142023	
1128.860626	7	4	89	1	0.9891068975	6.649281771	4.033430416	89.31728781				38.84483662	0.9645064415	60.19065694										-1128.860626	0.9891068975	-729.760797227256	
1126.300626	7	4	89	1	0.9856387753	6.535900979	4.044317791	89.41978123				38.85144438	0.9584043448	60.19015127										-1126.300626	0.9856387753	-746.872555727058	
1123.740626	7	4	89	1	0.9822498173	6.424288178	4.055073954	89.52063787				38.85798576	0.9523635548	60.18965069										-1123.740626	0.9822498173	-764.250134050461	
1121.180626	7	4	89	1	0.9789376388	6.314411769	4.065700456	89.61988777				38.86446209	0.9463828361	60.18915508										-1121.180626	0.9789376388	-781.897970620623	
1118.620626	7	4	89	1	0.9756999541	6.20624101	4.07619882	89.71756017				38.87087466	0.9404609923	60.18866435										-1118.620626	0.9756999541	-799.820641418733	
1116.060626	7	4	89	1	0.972534571	6.099745982	4.086570542	89.81368348				38.87722474	0.9345968634	60.1881784										-1116.060626	0.972534571	-818.022795654977	
1113.500626	7	4	89	1	0.9694393858	5.994897563	4.096817094	89.90828534				38.88351354	0.9287893251	60.18769714										-1113.500626	0.9694393858	-836.509239601974	
1110.940626	7	4	89	1	0.9664123791	5.891667387	4.106939922	90.00139269				38.88974223	0.9230372868	60.18722048										-1110.940626	0.9664123791	-855.284957660877	
1108.380626	7	4	89	1	0.9634516115	5.790027825	4.116940447	90.09303173				38.89591198	0.9173396902	60.18674833										-1108.380626	0.9634516115	-874.355030919692	
1105.820626	7	4	89	1	0.9605552193	5.689951953	4.126820068	90.18322798				38.90202388	0.9116955081	60.18628061										-1105.820626	0.9605552193	-893.724666382879	
1103.260626	7	4	89	1	0.9577214109	5.591413524	4.13658016	90.27200632				38.90807903	0.9061037432	60.18581723										-1103.260626	0.9577214109	-913.399264380795	
1100.700626	7	4	89	1	0.9549484634	5.494386949	4.146222075	90.35939098				38.91407846	0.9005634267	60.18535812										-1100.700626	0.9549484634	-933.384339012733	
1098.140626	7	4	89	1	0.9522347189	5.398847266	4.155747144	90.44540559				38.9200232	0.895073617	60.18490319										-1098.140626	0.9522347189	-953.685539332642	
1095.580626	7	4	89	1	0.9495785816	5.304770124	4.165156678	90.5300732				38.92591423	0.8896333991	60.18445237										-1095.580626	0.9495785816	-974.308741169122	
1093.020626	7	4	89	1	0.946978515	5.212131755	4.174451965	90.61341628				38.93175253	0.8842418832	60.18400558										-1093.020626	0.946978515	-995.259937086442	
1090.460626	7	4	89	1	0.9444330387	5.120908959	4.183634274	90.69545677				38.93753903	0.8788982038	60.18356276										-1090.460626	0.9444330387	-1016.54525524201	
1087.900626	7	4	89	1	0.941940726	5.031079081	4.192704855	90.77621606				38.94327464	0.8736015187	60.18312384										-1087.900626	0.941940726	-1038.17107634356	
1085.340626	7	4	89	1	0.9395002016	4.942619993	4.20166494	90.85571507				38.94896025	0.8683510083	60.18268874										-1085.340626	0.9395002016	-1060.14390064461	
1082.780626	7	4	89	1	0.9371101388	4.855510075	4.210515738	90.93397419				38.95459672	0.8631458744	60.1822574										-1082.780626	0.9371101388	-1082.47040776096	
1080.220626	7	4	89	1	0.9347692577	4.769728198	4.219258446	91.01101336				38.9601849	0.8579853399	60.18182976										-1080.220626	0.9347692577	-1105.15750645892	
1077.660626	7	4	89	1	0.9324763229	4.68525371	4.227894239	91.08685205				38.9657256	0.8528686476	60.18140575										-1077.660626	0.9324763229	-1128.21222394228	
1075.100626	7	4	89	1	0.9302301414	4.602066417	4.236424277	91.16150931				38.97121963	0.8477950595	60.18098531										-1075.100626	0.9302301414	-1151.64187721668	
1072.540626	7	4	89	1	0.9280295612	4.520146567	4.244849702	91.23500373				38.97666776	0.8427638563	60.18056839										-1072.540626	0.9280295612	-1175.45394382272	
1069.980626	7	4	89	1	0.9258734689	4.439474839	4.25317164	91.30735352				38.98207075	0.8377743367	60.18015492										-1069.980626	0.9258734689	-1199.65608555178	
1067.420626	7	4	89	1	0.9237607885	4.360032327	4.261391203	91.37857647				38.98742934	0.8328258165	60.17974484										-1067.420626	0.9237607885	-1224.25618965944	
1064.860626	7	4	89	1	0.9216904794	4.281800528	4.269509486	91.44868999				38.99274426	0.8279176284	60.17933811										-1064.860626	0.9216904794	-1249.26237768023	
1062.300626	7	4	89	1	0.9196615353	4.204761325	4.277527568	91.51771111				38.99801621	0.823049121	60.17893467										-1062.300626	0.9196615353	-1274.68307315424	
1059.740626	7	4	89	1	0.9176729826	4.128896981	4.285446515	91.5856565				39.00324588	0.8182196585	60.17853446										-1059.740626	0.9176729826	-1300.52681558415	
1057.180626	7	4	89	1	0.9157238788	4.054190122	4.293267379	91.6525425				39.00843394	0.81342862	60.17813744										-1057.180626	0.9157238788	-1326.80244371341	
1054.620626	7	4	89	1	0.9138133116	3.980623727	4.300991196	91.71838508				39.01358105	0.8086753994	60.17774355										-1054.620626	0.9138133116	-1353.51904775057	
1052.060626	7	4	89	1	0.9119403973	3.908181118	4.30861899	91.78319989				39.01868785	0.803959404	60.17735274										-1052.060626	0.9119403973	-1380.68591277068	
1049.500626	7	4	89	1	0.9101042798	3.836845951	4.316151772	91.84700228				39.02375497	0.7992800552	60.17696497										-1049.500626	0.9101042798	-1408.31273157614	
1046.940626	7	4	89	1	0.9083041297	3.766602199	4.323590539	91.90980726				39.02878302	0.7946367872	60.1765802										-1046.940626	0.9083041297	-1436.40938507774	
1044.380626	7	4	89	1	0.9065391428	3.697434153	4.330936276	91.97162957				39.03377259	0.7900290467	60.17619836										-1044.380626	0.9065391428	-1464.98599519401	
1041.820626	7	4	89	1	0.9048085394	3.629326402	4.338189954	92.03248364				39.03872428	0.7854562928	60.17581943										-1041.820626	0.9048085394	-1494.05303600586	
1039.260626	7	4	89	1	0.9031115632	3.562263831	4.345352536	92.09238363				39.04363866	0.7809179965	60.17544335										-1039.260626	0.9031115632	-1523.62128064759	
1036.700626	7	4	89	1	0.9014474805	3.49623161	4.35242497	92.15134342				39.04851628	0.7764136399	60.17507008										-1036.700626	0.9014474805	-1553.70185548136	
1034.140626	7	4	89	1	0.8998155793	3.431215185	4.359408192	92.20937662				39.0533577	0.7719427164	60.17469959										-1034.140626	0.8998155793	-1584.30606840214	
1031.580626	7	4	89	1	0.8982151682	3.36720027	4.366303129	92.2664966				39.05816345	0.7675047302	60.17433182										-1031.580626	0.8982151682	-1615.44562319926	
1029.020626	7	4	89	1	0.896645576	3.304172843	4.373110696	92.32271646				39.06293406	0.7630991956	60.17396674										-1029.020626	0.896645576	-1647.13274124974	
1026.460626	7	4	89	1	0.8951061509	3.24211913	4.379831798	92.37804907				39.06767005	0.7587256371	60.17360431										-1026.460626	0.8951061509	-1679.3797853567	
1023.900626	7	4	89	1	0.8935962594	3.181025609	4.38646733	92.43250706				39.07237191	0.7543835889	60.1732445										-1023.900626	0.8935962594	-1712.19949944515	
1021.340626	7	4	89	1	0.892115286	3.120878993	4.393018174	92.48610283				39.07704015	0.7500725947	60.17288725										-1021.340626	0.892115286	-1745.60507383804	
1018.780626	7	4	89	1	0.8906626323	3.061666229	4.399485205	92.53884857				39.08167525	0.7457922072	60.17253255										-1018.780626	0.8906626323	-1781.45856829865	
1017.500626	7	4	89	1	0.8899479034	3.032407025	4.402684084	92.56490889				39.08398102	0.7436628812	60.17235609										-1017.500626	0.8899479034	-1788.17303788079	
1017.180626	7	4	89	1	0.8897688817	3.025126806	4.403484782	92.57138841				39.08455558	0.7431322931	60.17231213										-1017.180626	0.8897688817	-1796.55458231755	
1017.020626	7	4	89	1	0.8896800447	3.021492481	4.403883136	92.57462438				39.08484289	0.7428669692	60.17229014										-1017.020626	0.8896800447	-1801.57416333444	
1017.000626	7	4	89	1	0.8896689437	3.021038435	4.40393293	92.57502863				39.0848788	0.7428338122	60.17228739										-1017.000626	0.8896689437	-1802.80392806547	
1016.986022	7	4	89	1	0.8896608468	3.020706922	4.403969256	92.57532382				39.08490501	0.7428096016	60.17228538	1.326262404	0.02529546424	98.64844213							-1016.986022	0.8896608468	-1753.24283109431	
1016.970626	7	4	89	1	0.8893883155	3.020001138	4.405269179	92.57472968				39.08474811	0.742954498	60.17229739	1.326123074	0.02530054059	98.64857639							-1016.970626	0.8893883155	-56.4664988757358	
1016.950626	7	4	89	1	0.8890339102	3.019083518	4.406960609	92.57395587				39.08454389	0.7431430916	60.17231302	1.325942086	0.02530714846	98.64875077							-1016.950626	0.8890339102	-56.4684309946815	
1016.910626	7	4	89	1	0.8883264468	3.01724983	4.410341062	92.57240911				39.08413596	0.743519805	60.17234424	1.325580174	0.02532034738	98.64909948							-1016.910626	0.8883264468	-56.5782388656403	
1016.830626	7	4	89	1	0.8869143791	3.013585354	4.417101769	92.56931288				39.08332066	0.7442727138	60.17240663	1.324856597	0.02534672804	98.64979668							-1016.830626	0.8869143791	-56.7336226771459	
1016.670626	7	4	89	1	0.8841019931	3.006267955	4.430622469	92.56310958				39.08169228	0.745776477	60.17253124	1.323410421	0.02539942133	98.65119016							-1016.670626	0.8841019931	-57.1067551651528	
1016.350626	7	4	89	1	0.8785399742	2.991679448	4.457660545	92.55066001				39.07844444	0.7487757695	60.17277979	1.32052206	0.02550453457	98.65397341							-1016.350626	0.8785399742	-57.8838294920142	
1015.710626	7	4	89	1	0.8676134199	2.962686886	4.511723185	92.52558993				39.07198408	0.7547417471	60.17327418	1.314761142	0.02571367912	98.65952518							-1015.710626	0.8676134199	-59.3244019035049	
1014.430626	7	4	89	1	0.8465514315	2.905436516	4.619785376	92.47477811				39.05920281	0.7665449054	60.17425228	1.303302253	0.02612768984	98.67057006							-1014.430626	0.8465514315	-62.3479636499192	
1011.870626	7	4	89	1	0.8073359957	2.793847892	4.835590087	92.37056202				39.03418383	0.7896492819	60.17616689	1.280633832	0.02693900407	98.69242716							-1011.870626	0.8073359957	-68.611792113755	
1009.310626	7	4	89	1	0.7716053272	2.686086365	5.050845705	92.26306793				39.00986302	0.8121089015	60.17802807	1.258293357	0.02772879871	98.71397784							-1009.310626	0.7716053272	-75.1540007213361	
1006.750626	7	4	89	1	0.7389357758	2.582080206	5.265411065	92.15250873				38.98621001	0.8339518333	60.17983815	1.236275568	0.02849794481	98.73522649							-1006.750626	0.7389357758	-82.0488545068925	
1004.190626	7	4	89	1	0.7089704148	2.481752252	5.479153365	92.03909438				38.96319591	0.8552047528	60.18159934	1.214575383	0.02924727537	98.75617734							-1004.190626	0.7089704148	-89.3052215516569	
1001.630626	7	4	89	1	0.6814045023	2.385020614	5.691948561	91.92303083				38.94079327	0.8758929976	60.18331373	1.19318789	0.02997758614	98.77683452							-1001.630626	0.6814045023	-96.9294365036001	
999.0706265	7	4	89	1	0.6559763043	2.29179935	5.903681695	91.80451895				38.91897605	0.8960406274	60.18498332	1.172108338	0.03068963683	98.79720203							-999.0706265	0.6559763043	-104.927480801304	
996.5106265	7	4	89	1	0.6324597944	2.201999135	6.114247086	91.68375378				38.89771952	0.9156704751	60.18661001	1.15133213	0.03138415237	98.81728372							-996.5106265	0.6324597944	-113.322393264064	
993.9506265	7	4	89	1	0.6106648435	2.115527831	6.32354874	91.56092343				38.87700013	0.9348042861	60.18819559	1.130854814	0.0320618259	98.83708336							-993.9506265	0.6106648435	-122.078957436684	
991.3906265	7	4	89	1	0.5904074408	2.032291514	6.531498817	91.43620967				38.85679572	0.9534625211	60.18974176	1.110672072	0.0327233126	98.85660461							-991.3906265	0.5904074408	-131.212424874043	
988.8306265	7	4	89	1	0.5715448165	1.952194488	6.738019757	91.30978575				38.83708511	0.971664754	60.19125014	1.09077972	0.03336924244	98.87585104							-988.8306265	0.5715448165	-140.756748469373	
986.2706265	7	4	89	1	0.5539452328	1.875140268	6.94304246	91.18181727				38.81784823	0.9894295016	60.19272226	1.071173691	0.03400021348	98.8948261							-986.2706265	0.5539452328	-150.6979745745	
983.7106265	7	4	89	1	0.5374924237	1.801032001	7.146506379	91.05246162				38.79906608	1.006774329	60.19415959	1.051850038	0.03461679517	98.91353317							-983.7106265	0.5374924237	-161.039267848752	
981.1506265	7	4	89	1	0.5220834265	1.729772953	7.348359138	90.92186791				38.7807206	1.023715896	60.19556351	1.032804921	0.03521952955	98.93197555							-981.1506265	0.5220834265	-171.783327552677	
978.5906265	7	4	89	1	0.5076267629	1.661266942	7.548556117	90.79017694				38.76279468	1.040270005	60.19693531	1.014034606	0.03580893245	98.95015646							-978.5906265	0.5076267629	-182.932382167757	
976.0306265	7	4	89	1	0.4940409117	1.59541872	7.747060001	90.65752128				38.7452721	1.056451647	60.19827625	0.9955354532	0.03638549469	98.96807905							-976.0306265	0.4940409117	-194.488201708564	
973.4706265	7	4	89	1	0.4812530172	1.532134316	7.943840308	90.52402538				38.72813746	1.072275039	60.1995875	0.977303919	0.03694968322	98.9857464							-973.4706265	0.4812530172	-206.452113875671	
970.9106265	7	4	89	1	0.4691977937	1.471321324	8.138872907	90.38980577				38.71137614	1.087753671	60.20087018	0.9593365456	0.03750194222	99.00316151							-970.9106265	0.4691977937	-218.825025244527	
968.3506265	7	4	89	1	0.4578165907	1.41288915	8.332139539	90.25497131				38.6949743	1.10290034	60.20212536	0.9416299586	0.03804269421	99.02032735							-968.3506265	0.4578165907	-231.607440836642	
965.7906265	7	4	89	1	0.4470565925	1.35674922	8.523627335	90.11962345				38.67891878	1.11772719	60.20335403	0.9241808619	0.03857234109	99.0372468							-965.7906265	0.4470565925	-244.799485049054	
963.2306265	7	4	89	1	0.4368701296	1.30281514	8.713328352	89.98385651				38.6631971	1.132245748	60.20455715	0.9069860341	0.03909126519	99.0539227							-963.2306265	0.4368701296	-258.400932588883	
960.6706265	7	4	89	1	0.4272140851	1.251002836	8.901239123	89.84775804				38.64779741	1.146466957	60.20573563	0.890042324	0.03959983021	99.07035785							-960.6706265	0.4272140851	-272.411226701181	
958.1106265	7	4	89	1	0.4180493793	1.201230647	9.087360221	89.71140913				38.63270846	1.160401208	60.20689034	0.8733466474	0.04009838218	99.08655497							-958.1106265	0.4180493793	-286.829551920183	
955.5506265	7	4	89	1	0.4093405254	1.1534194	9.271695793	89.57488481				38.61791956	1.174058369	60.20802208	0.8568959834	0.04058725036	99.10251677							-955.5506265	0.4093405254	-301.65465979772	
952.9906265	7	4	89	1	0.401055228	1.107492456	9.45425342	89.43825412				38.60342055	1.187447817	60.20913163	0.8406873712	0.0410667481	99.11824588							-952.9906265	0.401055228	-316.885178844797	
950.4306265	7	4	89	1	0.3931640595	1.063375732	9.635043367	89.3015809				38.5892018	1.200578463	60.21021974	0.8247179072	0.04153717366	99.13374492							-950.4306265	0.3931640595	-332.519575869615	
947.8706265	7	4	89	1	0.3856401487	1.020997707	9.814078515	89.16492378				38.57525411	1.213458781	60.21128711	0.808984742	0.041998811	99.14901645							-947.8706265	0.3856401487	-348.555960896613	
945.3106265	7	4	89	1	0.3784589203	0.9802894132	9.991373977	89.02833661				38.56156878	1.226096826	60.2123344	0.7934850779	0.04245193053	99.16406299							-945.3106265	0.3784589203	-364.992314769685	
942.7506265	7	4	89	1	0.3715978635	0.9411844104	10.16694681	88.89186878				38.54813749	1.238500266	60.21336224	0.7782161662	0.04289678979	99.17888704							-942.7506265	0.3715978635	-381.826465077643	
940.1906265	7	4	89	1	0.3650363267	0.9036187472	10.34081575	88.75556551				38.53495235	1.250676394	60.21437125	0.763175305	0.04333363418	99.19349106							-940.1906265	0.3650363267	-399.056079833376	
937.6306265	7	4	89	1	0.3587553354	0.8675309169	10.51300096	88.61946812				38.52200584	1.262632157	60.215362	0.7483598369	0.04376269754	99.20787747							-937.6306265	0.3587553354	-416.678712641473	
935.0706265	7	4	89	1	0.3527374316	0.8328618029	10.68352384	88.48361436				38.50929079	1.274374171	60.21633504	0.7337671472	0.04418420278	99.22204865							-935.0706265	0.3527374316	-434.691814856202	
932.5106265	7	4	89	1	0.3469665298	0.7995546191	10.85240679	88.34803859				38.49680038	1.28590874	60.21729088	0.7193946614	0.04459836245	99.23600698							-932.5106265	0.3469665298	-453.092745366024	
929.9506265	7	4	89	1	0.3414277894	0.767554845	11.01967305	88.2127721				38.48452809	1.297241873	60.21823004	0.705239844	0.04500537929	99.24975478							-929.9506265	0.3414277894	-471.878789701983	
927.3906265	7	4	89	1	0.3361075002	0.7368101578	11.18534654	88.07784331				38.47246773	1.308379298	60.21915297	0.6913001965	0.04540544673	99.26329436							-927.3906265	0.3361075002	-491.047173840309	
924.8306265	7	4	89	1	0.3309929804	0.7072703613	11.34945168	87.94327796				38.46061337	1.319326484	60.22006014	0.6775732557	0.04579874936	99.27662799							-924.8306265	0.3309929804	-510.595093837835	
922.2706265	7	4	89	1	0.3260724851	0.6788873142	11.51201332	87.80909937				38.44895937	1.330088647	60.22095198	0.6640565925	0.04618546343	99.28975794							-922.2706265	0.3260724851	-530.519701931754	
919.7106265	7	4	89	1	0.3213351237	0.6516148567	11.67305656	87.67532859				38.43750033	1.340670768	60.2218289	0.65074781	0.04656575724	99.30268643							-919.7106265	0.3213351237	-550.818139151649	
917.1506265	7	4	89	1	0.3167707864	0.6254087374	11.83260668	87.54198458				38.4262311	1.351077605	60.22269129	0.637644543	0.04693979155	99.31541567							-917.1506265	0.3167707864	-571.487532440396	
914.5906265	7	4	89	1	0.3123700771	0.6002265409	11.99068907	87.40908439				38.41514676	1.361313705	60.22353954	0.6247444556	0.04730771999	99.32794782							-914.5906265	0.3123700771	-592.525013850402	
912.0306265	7	4	89	1	0.3081242538	0.5760276154	12.14732908	87.27664331				38.40424259	1.371383413	60.22437399	0.6120452412	0.04766968941	99.34028507							-912.0306265	0.3081242538	-613.927741505902	
909.4706265	7	4	89	1	0.3040251741	0.5527730024	12.30255201	87.14467498				38.39351411	1.381290887	60.22519501	0.5995446205	0.0480258402	99.35242954							-909.4706265	0.3040251741	-635.692863688767	
906.9106265	7	4	89	1	0.3000652459	0.530425367	12.45638304	87.01319159				38.382957	1.391040102	60.2260029	0.5872403409	0.04837630665	99.36438335							-906.9106265	0.3000652459	-657.817569174	
904.3506265	7	4	89	1	0.2962373833	0.5089489309	12.60884714	86.88220393				38.37256714	1.400634864	60.226798	0.5751301755	0.04872121723	99.37614861							-904.3506265	0.2962373833	-680.299087292397	
901.7906265	7	4	89	1	0.292534966	0.4883094063	12.75996906	86.75172154				38.36234058	1.410078818	60.2275806	0.5632119221	0.04906069489	99.38772738							-901.7906265	0.292534966	-703.143039229799	
899.2306265	7	4	89	1	0.288951884	0.468474137	12.90976999	86.62175588				38.35227406	1.419374984	60.22835096	0.5514834108	0.0493948393	99.39912175							-899.2306265	0.288951884	-726.328431930257	
896.6706265	7	4	89	1	0.2854821697	0.4494111914	13.05828099	86.49230782				38.34236289	1.428527692	60.22910942	0.5399424681	0.04972380093	99.41033373							-896.6706265	0.2854821697	-749.85393317955	
894.1106265	7	4	89	1	0.2821204725	0.4310905862	13.20552277	86.36338664				38.33260407	1.437539705	60.22985623	0.5285869692	0.05004767075	99.42136536							-894.1106265	0.2821204725	-773.732684431574	
891.5506265	7	4	89	1	0.2788616979	0.4134833783	13.35151892	86.2349977				38.32299425	1.446414115	60.23059163	0.5174148022	0.05036655291	99.43221864							-891.5506265	0.2788616979	-797.954191675512	
888.9906265	7	4	89	1	0.275701064	0.3965618197	13.49629264	86.10714554				38.31353023	1.455153893	60.23131588	0.506423876	0.05068054726	99.44289558							-888.9906265	0.275701064	-822.515959839274	
886.4306265	7	4	89	1	0.2726340788	0.3802993054	13.63986671	85.97983398				38.30420891	1.463761884	60.23202921	0.49561212	0.05098974951	99.45339813							-886.4306265	0.2726340788	-847.415546257169	
883.8706265	7	4	89	1	0.2696565186	0.3646703221	13.78226353	85.85306615				38.29502734	1.472240826	60.23273184	0.4849774828	0.05129425145	99.46372827							-883.8706265	0.2696565186	-872.650566387936	
881.3106265	7	4	89	1	0.266764409	0.3496504003	13.92350503	85.72684457				38.28598266	1.480593344	60.23342399	0.4745179324	0.05159414113	99.47388793							-881.3106265	0.266764409	-897.274751857727	
880.9906265	7	4	89	1	0.266408365	0.3478145495	13.94108019	85.71110526				38.28486155	1.481628663	60.23350979	0.4732226987	0.05163130798	99.47514599							-880.9906265	0.266408365	-901.626105746725	
880.8306265	7	4	89	1	0.2662311876	0.3469000491	13.94986097	85.70323898				38.2843018	1.482145574	60.23355262	0.4725760947	0.05164986389	99.47577404							-880.8306265	0.2662311876	-904.245154884002	
880.7906265	7	4	89	1	0.2661869664	0.3466717779	13.95205547	85.70127276				38.28416194	1.482274728	60.23356333	0.4724145465	0.05165450035	99.47593095							-880.7906265	0.2661869664	-903.933424523276	
880.7706265	7	4	89	1	0.2661648334	0.3465576954	13.95315262	85.70028969				38.28409202	1.482339304	60.23356868	0.472333791	0.05165681806	99.47600939							-880.7706265	0.2661648334	-903.552937776804	
880.7506265	7	4	89	1								38.36126884	1.411068544	60.22766262	0.4733859791	0.04891362418	99.4777004	10.87097338	42.36031849	46.76870813				-880.7506265			
880.7406265	7	4	89	1								38.36131657	1.411024468	60.22765897	0.4733467159	0.04891184762	99.47774144	10.8705299	42.36081808	46.76865202				-880.7406265			
880.7206265	7	4	89	1								38.36141158	1.410936727	60.22765169	0.4732682205	0.04890831296	99.47782347	10.86964052	42.36182012	46.76853936				-880.7206265			
880.6806265	7	4	89	1								38.36160187	1.410760993	60.22763713	0.4731112432	0.04890123127	99.47798753	10.86786348	42.36382214	46.76831438				-880.6806265			
880.6006265	7	4	89	1								38.36198252	1.41040948	60.227608	0.4727974109	0.0488870674	99.47831552	10.86430979	42.36782554	46.76786467				-880.6006265			
880.4406265	7	4	89	1								38.36274389	1.409706369	60.22754974	0.4721702029	0.04885873912	99.47897106	10.85720392	42.37582989	46.76696619				-880.4406265			
880.1206265	7	4	89	1								38.36426702	1.408299806	60.22743318	0.4709176373	0.04880207933	99.48028028	10.84299822	42.39182877	46.765173				-880.1206265			
879.4806265	7	4	89	1								38.36731471	1.405485336	60.22719995	0.4684198972	0.0486887474	99.48289136	10.81461103	42.4237873	46.76160166				-879.4806265			
878.2006265	7	4	89	1								38.37341585	1.399851098	60.22673305	0.4634538964	0.04846203762	99.48808407	10.75793353	42.48754778	46.7545187				-878.2006265			
875.6406265	7	4	89	1								38.38564034	1.388562107	60.22579756	0.4536391307	0.04800846297	99.49835241	10.64496663	42.61444519	46.74058818				-875.6406265			
873.0806265	7	4	89	1								38.39789307	1.377247032	60.2248599	0.443979384	0.04755473465	99.50846588	10.5325185	42.74051628	46.72696522				-873.0806265			
870.5206265	7	4	89	1								38.41017237	1.365907419	60.22392021	0.4344731104	0.04710091714	99.51842597	10.4205905	42.86576712	46.71364238				-870.5206265			
867.9606265	7	4	89	1								38.42247658	1.354544808	60.22297861	0.4251187706	0.04664707464	99.52823415	10.30918398	42.99020355	46.70061246				-867.9606265			
865.4006265	7	4	89	1								38.43480404	1.343160724	60.22203524	0.415914832	0.04619327043	99.5378919	10.19830034	43.11383113	46.68786853				-865.4006265			
862.8406265	7	4	89	1								38.44715311	1.331756685	60.22109021	0.4068597687	0.04573956728	99.54740066	10.08794099	43.23665519	46.67540382				-862.8406265			
860.2806265	7	4	89	1								38.45952215	1.320334201	60.22014365	0.397952061	0.04528602742	99.55676191	9.97810735	43.35868082	46.66321183				-860.2806265			
857.7206265	7	4	89	1								38.47190954	1.308894775	60.21919569	0.3891901962	0.04483271256	99.56597709	9.868800856	43.47991294	46.65128621				-857.7206265			
855.1606265	7	4	89	1								38.48431365	1.297439901	60.21824645	0.3805726677	0.04437968387	99.57504765	9.760022959	43.60035622	46.63962082				-855.1606265			
852.6006265	7	4	89	1								38.49673288	1.285971069	60.21729605	0.3720979753	0.04392700199	99.58397502	9.651775129	43.72001514	46.62820973				-852.6006265			
850.0406265	7	4	89	1								38.50916562	1.274489759	60.21634462	0.363764625	0.04347472707	99.59276065	9.54405885	43.83889401	46.61704714				-850.0406265			
847.4806265	7	4	89	1								38.52161028	1.262997444	60.21539227	0.3555711289	0.04302291871	99.60140595	9.436875626	43.95699693	46.60612744				-847.4806265			
844.9206265	7	4	89	1								38.53406527	1.251495593	60.21443914	0.3475160053	0.04257163602	99.60991236	9.33022698	44.07432782	46.5954452				-844.9206265			
842.3606265	7	4	89	1								38.546529	1.239985666	60.21348533	0.3395977784	0.04212093757	99.61828128	9.224114456	44.19089043	46.58499512				-842.3606265			
839.8006265	7	4	89	1								38.5589999	1.228469117	60.21253098	0.3318149783	0.04167088143	99.62651414	9.118539618	44.30668833	46.57477205				-839.8006265			
837.2406265	7	4	89	1								38.57147641	1.216947393	60.2115762	0.3241661412	0.04122152516	99.63461233	9.013504052	44.42172494	46.56477101				-837.2406265			
834.6806265	7	4	89	1								38.58395696	1.205421934	60.21062111	0.3166498089	0.0407729258	99.64257727	8.909009366	44.5360035	46.55498713				-834.6806265			
832.1206265	7	4	89	1								38.59644	1.193894176	60.20966583	0.3092645291	0.04032513987	99.65041033	8.805057192	44.64952712	46.54541569				-832.1206265			
829.5606265	7	4	89	1								38.60892398	1.182365546	60.20871047	0.3020088553	0.03987822339	99.65811292	8.701649182	44.76229873	46.53605209				-829.5606265			
827.0006265	7	4	89	1								38.62140737	1.170837465	60.20775517	0.2948813465	0.03943223186	99.66568642	8.598787014	44.87432113	46.52689185				-827.0006265			
824.4406265	7	4	89	1								38.63388863	1.159311349	60.20680002	0.2878805676	0.03898722025	99.67313221	8.496472389	44.98559698	46.51793063				-824.4406265			
821.8806265	7	4	89	1								38.64636624	1.147788607	60.20584516	0.2810050889	0.03854324303	99.68045167	8.394707032	45.0961288	46.50916417				-821.8806265			
819.3206265	7	4	89	1								38.65883867	1.13627064	60.20489069	0.2742534865	0.03810035416	99.68764616	8.29349269	45.20591896	46.50058835				-819.3206265			
816.7606265	7	4	89	1								38.67130443	1.124758847	60.20393673	0.2676243421	0.03765860705	99.69471705	8.192831137	45.31496972	46.49219914				-816.7606265			
814.2006265	7	4	89	1								38.68376199	1.113254615	60.20298339	0.2611162428	0.03721805462	99.7016657	8.092724169	45.4232832	46.48399263				-814.2006265			
811.6406265	7	4	89	1								38.69620987	1.101759329	60.2020308	0.2547277814	0.03677874923	99.70849347	7.993173606	45.53086142	46.47596498				-811.6406265			
809.0806265	7	4	89	1								38.70864656	1.090274366	60.20107907	0.2484575562	0.03634074276	99.7152017	7.894181292	45.63770624	46.46811247				-809.0806265			
806.5206265	7	4	89	1								38.7210706	1.078801097	60.2001283	0.242304171	0.03590408651	99.72179174	7.795749096	45.74381944	46.46043146				-806.5206265			
803.9606265	7	4	89	1								38.73348049	1.067340887	60.19917862	0.2362662354	0.03546883129	99.72826493	7.697878908	45.84920268	46.45291841				-803.9606265			
801.4006265	7	4	89	1								38.74587478	1.055895093	60.19823013	0.2303423641	0.03503502734	99.73462261	7.600572644	45.9538575	46.44556986				-801.4006265			
798.8406265	7	4	89	1								38.75825199	1.044465067	60.19728295	0.2245311778	0.03460272439	99.7408661	7.503832241	46.05778534	46.43838242				-798.8406265			
796.2806265	7	4	89	1								38.77061066	1.033052154	60.19633718	0.2188313025	0.0341719716	99.74699673	7.407659659	46.16098754	46.43135281				-796.2806265			
793.7206265	7	4	89	1								38.78294936	1.021657693	60.19539295	0.2132413699	0.03374281761	99.75301581	7.31205688	46.26346533	46.42447779				-793.7206265			
791.1606265	7	4	89	1								38.79526663	1.010283014	60.19445035	0.2077600172	0.0333153105	99.75892467	7.217025908	46.36521987	46.41775422				-791.1606265			
788.6006265	7	4	89	1								38.80756105	0.9989294433	60.1935095	0.2023858874	0.03288949778	99.76472461	7.122568768	46.46625219	46.41117904				-788.6006265			
786.0406265	7	4	89	1								38.81983118	0.9875982987	60.19257052	0.1971176289	0.03246542643	99.77041694	7.028687506	46.56656325	46.40474924				-786.0406265			
783.4806265	7	4	89	1								38.83207561	0.9762908912	60.1916335	0.1919538959	0.03204314285	99.77600296	6.935384188	46.66615393	46.39846188				-783.4806265			
780.9206265	7	4	89	1								38.84429293	0.9650085249	60.19069855	0.1868933484	0.03162269288	99.78148396	6.842660898	46.765025	46.3923141				-780.9206265			
778.3606265	7	4	89	1								38.85648172	0.9537524969	60.18976579	0.181934652	0.03120412178	99.78686123	6.75051974	46.86317717	46.38630309				-778.3606265			
775.8006265	7	4	89	1								38.86864059	0.9425240969	60.18883531	0.1770764781	0.03078747423	99.79213605	6.658962836	46.96061106	46.3804261				-775.8006265			
773.2406265	7	4	89	1								38.88076816	0.9313246072	60.18790723	0.172317504	0.03037279436	99.7973097	6.567992325	47.05732721	46.37468047				-773.2406265			
770.6806265	7	4	89	1								38.89286304	0.9201553027	60.18698166	0.1676564129	0.02996012568	99.80238346	6.477610363	47.15332609	46.36906355				-770.6806265			
768.1206265	7	4	89	1								38.90492386	0.9090174506	60.18605868	0.1630918938	0.02954951112	99.8073586	6.387819121	47.24860809	46.36357279				-768.1206265			
765.5606265	7	4	89	1								38.91694927	0.8979123104	60.18513842	0.1586226416	0.02914099303	99.81223637	6.298620783	47.34317356	46.35820566				-765.5606265			
763.0006265	7	4	89	1								38.92893789	0.8868411338	60.18422098	0.1542473574	0.02873461312	99.81701803	6.21001755	47.43702274	46.35295971				-763.0006265			
760.4406265	7	4	89	1								38.94088838	0.8758051642	60.18330645	0.1499647483	0.02833041254	99.82170484	6.122011633	47.53015584	46.34783253				-760.4406265			
757.8806265	7	4	89	1								38.95279942	0.864805637	60.18239494	0.1457735275	0.02792843179	99.82629804	6.034605257	47.62257299	46.34282175				-757.8806265			
755.3206265	7	4	89	1								38.96466966	0.8538437793	60.18148656	0.1416724146	0.02752871078	99.83079887	5.947800656	47.71427427	46.33792507				-755.3206265			
752.7606265	7	4	89	1								38.9764978	0.8429208094	60.18058139	0.137660135	0.02713128878	99.83520858	5.861600073	47.8052597	46.33314023				-752.7606265			
750.2006265	7	4	89	1								38.98828251	0.8320379372	60.17967955	0.133735421	0.02673620444	99.83952837	5.776005761	47.89552924	46.328465				-750.2006265			
747.6406265	7	4	89	1								39.0000225	0.8211963635	60.17878113	0.1298970109	0.02634349578	99.84375949	5.69101998	47.98508281	46.32389721				-747.6406265			
745.0806265	7	4	89	1								39.01171648	0.8103972801	60.17788624	0.1261436495	0.02595320015	99.84790315	5.606644994	48.07392028	46.31943473				-745.0806265			
742.5206265	7	4	89	1								39.02336317	0.7996418697	60.17699496	0.1224740883	0.0255653543	99.85196056	5.522883075	48.16204145	46.31507547				-742.5206265			
739.9606265	7	4	89	1								39.0349613	0.7889313054	60.17610739	0.1188870854	0.0251799943	99.85593292	5.439736494	48.24944612	46.31081739				-739.9606265			
737.4006265	7	4	89	1								39.0465096	0.7782667506	60.17522365	0.1153814055	0.02479715558	99.85982144	5.357207529	48.33613399	46.30665848				-737.4006265			
734.8406265	7	4	89	1								39.05800684	0.7676493591	60.1743438	0.1119558201	0.02441687288	99.86362731	5.275298454	48.42210478	46.30259676				-734.8406265			
732.2806265	7	4	89	1								39.06945176	0.7570802744	60.17346797	0.1086091076	0.02403918029	99.86735171	5.194011545	48.50735814	46.29863032				-732.2806265			
729.7206265	7	4	89	1								39.08084315	0.74656063	60.17259622	0.1053400533	0.02366411125	99.87099584	5.113349074	48.59189368	46.29475724				-729.7206265			
727.1606265	7	4	89	1								39.09217978	0.7360915486	60.17172867	0.1021474495	0.02329169847	99.87456085	5.033313311	48.675711	46.29097569				-727.1606265			
724.6006265	7	4	89	1								39.10346045	0.7256741423	60.1708654	0.09903009573	0.02292197401	99.87804793	4.953906517	48.75880966	46.28728382				-724.6006265			
722.0406265	7	4	89	1								39.11468398	0.7153095125	60.17000651	0.09598679859	0.02255496923	99.88145823	4.875130949	48.84118919	46.28367986				-722.0406265			
719.4806265	7	4	89	1								39.12584917	0.7049987491	60.16915208	0.09301637204	0.0221907148	99.88479291	4.796988854	48.9228491	46.28016204				-719.4806265			
716.9206265	7	4	89	1								39.13695487	0.6947429308	60.1683022	0.09011763741	0.02182924066	99.88805312	4.719482469	49.00378888	46.27672865				-716.9206265			
714.3606265	7	4	89	1								39.14799991	0.6845431245	60.16745696	0.08728942352	0.02147057608	99.89124	4.642614018	49.08400799	46.27337799				-714.3606265			
711.8006265	7	4	89	1								39.15898316	0.6744003854	60.16661645	0.08453056674	0.0211147496	99.89435468	4.566385711	49.16350589	46.2701084				-711.8006265			
709.2406265	7	4	89	1								39.16990348	0.6643157564	60.16578076	0.08183991112	0.02076178903	99.8973983	4.490799743	49.24228202	46.26691824				-709.2406265			
706.6806265	7	4	89	1								39.18075976	0.654290268	60.16494997	0.07921630846	0.02041172147	99.90037197	4.415858291	49.32033579	46.26380592				-706.6806265			
704.1206265	7	4	89	1								39.1915509	0.6443249382	60.16412416	0.07665861841	0.02006457328	99.90327681	4.34156351	49.39766663	46.26076986				-704.1206265			
701.5606265	7	4	89	1								39.2022758	0.634420772	60.16330343	0.07416570861	0.01972037009	99.90611392	4.267917537	49.47427394	46.25780852				-701.5606265			
699.0006265	7	4	89	1								39.2129334	0.6245787613	60.16248784	0.07173645471	0.01937913681	99.90888441	4.194922482	49.55015713	46.25492038				-699.0006265			
696.4406265	7	4	89	1								39.22352263	0.6147998844	60.16167748	0.06936974056	0.01904089756	99.91158936	4.122580431	49.62531562	46.25210395				-696.4406265			
693.8806265	7	4	89	1								39.23404245	0.605085106	60.16087244	0.06706445821	0.01870567575	99.91422987	4.050893443	49.69974879	46.24935777				-693.8806265			
691.3206265	7	4	89	1								39.24449184	0.5954353768	60.16007279	0.0648195081	0.01837349402	99.916807	3.979863546	49.77345607	46.24668038				-691.3206265			
688.7606265	7	4	89	1								39.25486976	0.5858516334	60.1592786	0.0626337991	0.01804437425	99.91932183	3.909492735	49.84643688	46.24407039				-688.7606265			
686.2006265	7	4	89	1								39.26517524	0.5763347977	60.15848996	0.06050624866	0.01771833754	99.92177541	3.839782971	49.91869063	46.2415264				-686.2006265			
683.6406265	7	4	89	1								39.27540728	0.5668857769	60.15770694	0.05843578285	0.01739540426	99.92416881	3.770736181	49.99021678	46.23904704				-683.6406265			
681.0806265	7	4	89	1								39.28556492	0.557505463	60.15692961	0.0564213365	0.01707559398	99.92650307	3.70235425	50.06101477	46.23663098				-681.0806265			
678.5206265	7	4	89	1								39.29564721	0.5481947329	60.15615805	0.05446185331	0.01675892548	99.92877922	3.634639024	50.13108408	46.23427689				-678.5206265			
675.9606265	7	4	89	1								39.30565322	0.5389544475	60.15539233	0.0525562859	0.01644541679	99.9309983	3.567592305	50.20042421	46.23198348				-675.9606265			
673.4006265	7	4	89	1								39.31558203	0.5297854521	60.15463251	0.05070359598	0.01613508513	99.93316132	3.501215849	50.26903467	46.22974948				-673.4006265			
670.8406265	7	4	89	1								39.32543275	0.5206885756	60.15387868	0.04890275438	0.01582794694	99.9352693	3.435511363	50.33691501	46.22757363				-670.8406265			
668.2806265	7	4	89	1								39.33520449	0.5116646306	60.15313088	0.04715274118	0.01552401788	99.93732324	3.370480505	50.40406479	46.2254547				-668.2806265			
665.7206265	7	4	89	1								39.34489639	0.5027144127	60.15238919	0.04545254582	0.01522331278	99.93932414	3.306124879	50.47048363	46.22339149				-665.7206265			
663.1606265	7	4	89	1								39.35450762	0.4938387005	60.15165368	0.04380116717	0.01492584571	99.94127299	3.242446034	50.53617117	46.2213828				-663.1606265			
660.6006265	7	4	89	1								39.36403734	0.4850382555	60.15092441	0.04219761364	0.01463162991	99.94317076	3.179445461	50.60112708	46.21942746				-660.6006265			
658.0406265	7	4	89	1								39.37348475	0.4763138213	60.15020143	0.04064090327	0.01434067782	99.94501842	3.117124589	50.66535109	46.21752432				-658.0406265			
655.4806265	7	4	89	1								39.38284906	0.4676661237	60.14948481	0.03913006383	0.01405300107	99.94681694	3.055484785	50.72884295	46.21567226				-655.4806265			
652.9206265	7	4	89	1								39.39212951	0.4590958704	60.14877462	0.0376641329	0.0137686105	99.94856726	2.994527351	50.79160248	46.21387017				-652.9206265			
650.3606265	7	4	89	1								39.40132536	0.4506037503	60.14807089	0.03624215797	0.01348751611	99.95027033	2.93425352	50.85362953	46.21211695				-650.3606265			
647.8006265	7	4	89	1								39.41043587	0.442190434	60.1473737	0.03486319653	0.0132097271	99.95192708	2.874664452	50.91492402	46.21041153				-647.8006265			
645.2406265	7	4	89	1								39.41946034	0.4338565729	60.14668309	0.03352631616	0.01293525185	99.95353843	2.815761238	50.97548591	46.20875285				-645.2406265			
642.6806265	7	4	89	1								39.42839809	0.4256027989	60.14599911	0.0322305946	0.01266409792	99.95510531	2.757544888	51.03531523	46.20713988				-642.6806265			
640.1206265	7	4	89	1								39.43724845	0.4174297247	60.14532183	0.03097511983	0.01239627205	99.95662861	2.700016337	51.09441206	46.2055716				-640.1206265			
637.5606265	7	4	89	1								39.44601078	0.4093379429	60.14465128	0.0297589902	0.01213178017	99.95810923	2.643176436	51.15277655	46.20404701				-637.5606265			
635.0006265	7	4	89	1								39.45468446	0.4013280261	60.14398751	0.02858131445	0.01187062738	99.95954806	2.587025954	51.21040892	46.20256512				-635.0006265			
632.4406265	7	4	89	1								39.46326889	0.3934005266	60.14333058	0.02744121182	0.01161281795	99.96094597	2.531565572	51.26730946	46.20112497				-632.4406265			
629.8806265	7	4	89	1								39.47176351	0.385555976	60.14268052	0.02633781211	0.01135835534	99.96230383	2.476795882	51.32347852	46.1997256				-629.8806265			
627.3206265	7	4	89	1								39.48016774	0.3777948849	60.14203737	0.02527025578	0.01110724219	99.9636225	2.422717383	51.37891654	46.19836608				-627.3206265			
624.7606265	7	4	89	1								39.48848107	0.3701177431	60.14140118	0.02423769398	0.01085948031	99.96490283	2.369330482	51.43362403	46.19704549				-624.7606265			
622.2006265	7	4	89	1								39.49670299	0.3625250189	60.14077199	0.02323928866	0.0106150707	99.96614564	2.316635486	51.48760159	46.19576292				-622.2006265			
619.6406265	7	4	89	1								39.50483301	0.3550171589	60.14014983	0.02227421259	0.01037401351	99.96735177	2.264632604	51.5408499	46.1945175				-619.6406265			
617.0806265	7	4	89	1								39.51287068	0.3475945879	60.13953474	0.02134164946	0.01013630811	99.96852204	2.213321941	51.59336971	46.19330835				-617.0806265			
614.5206265	7	4	89	1								39.52081555	0.3402577089	60.13892674	0.02044079393	0.009901953024	99.96965725	2.1627035	51.64516189	46.19213461				-614.5206265			
611.9606265	7	4	89	1								39.52866721	0.3330069022	60.13832588	0.01957085166	0.009670945977	99.9707582	2.112777174	51.69622738	46.19099544				-611.9606265			
609.4006265	7	4	89	1								39.53642529	0.3258425261	60.13773219	0.01873103941	0.009443283868	99.97182568	2.063542747	51.74656723	46.18989002				-609.4006265			
606.8406265	7	4	89	1								39.5440894	0.3187649157	60.13714568	0.01792058505	0.009218962789	99.97286045	2.01499989	51.79618257	46.18881754				-606.8406265			
604.2806265	7	4	89	1								39.55165923	0.3117743837	60.13656639	0.01713872763	0.008997978022	99.97386329	1.967148161	51.84507465	46.18777719				-604.2806265			
601.7206265	7	4	89	1								39.55913444	0.3048712193	60.13599434	0.01638471738	0.008780324043	99.97483496	1.919986999	51.8932448	46.1867682				-601.7206265			
599.1606265	7	4	89	1								39.56651476	0.2980556887	60.13542955	0.01565781584	0.008565994524	99.97577619	1.873515724	51.94069447	46.1857898				-599.1606265			
596.6006265	7	4	89	1								39.57379992	0.2913280347	60.13487204	0.01495729578	0.008354982338	99.97668772	1.827733536	51.98742523	46.18484124				-596.6006265			
594.0406265	7	4	89	1								39.58098969	0.2846884763	60.13432184	0.01428244133	0.008147279563	99.97757028	1.782639509	52.03343872	46.18392177				-594.0406265			
591.4806265	7	4	89	1								39.58808384	0.2781372089	60.13377895	0.01363254795	0.007942877483	99.97842457	1.738232592	52.07873675	46.18303066				-591.4806265			
588.9206265	7	4	89	1								39.59508221	0.2716744039	60.13324339	0.01300692249	0.007741766598	99.97925131	1.694511606	52.12332118	46.18216721				-588.9206265			
586.3606265	7	4	89	1								39.60198462	0.2653002088	60.13271517	0.01240488319	0.007543936626	99.98005118	1.651475241	52.16719404	46.18133072				-586.3606265			
583.8006265	7	4	89	1								39.60879095	0.2590147468	60.13219431	0.01182575968	0.007349376506	99.98082486	1.609122056	52.21035745	46.1805205				-583.8006265			
581.2406265	7	4	89	1								39.61550108	0.252818117	60.13168081	0.01126889305	0.007158074408	99.98157303	1.567450476	52.25281365	46.17973587				-581.2406265			
578.6806265	7	4	89	1								39.62211493	0.2467103939	60.13117467	0.01073363579	0.006970017736	99.98229635	1.526458791	52.29456503	46.17897618				-578.6806265			
576.1206265	7	4	89	1								39.62863246	0.2406916278	60.13067591	0.01021935185	0.006785193136	99.98299546	1.486145151	52.33561407	46.17824077				-576.1206265			
573.5606265	7	4	89	1								39.63505364	0.2347618443	60.13018452	0.009725416618	0.006603586499	99.983671	1.446507571	52.37596341	46.17752902				-573.5606265			
571.0006265	7	4	89	1								39.64137845	0.2289210443	60.12970051	0.0092512169	0.006425182973	99.9843236	1.407543921	52.41561578	46.1768403				-571.0006265			
568.4406265	7	4	89	1								39.64760693	0.2231692043	60.12922386	0.008796150942	0.006249966968	99.98495388	1.369251934	52.45457406	46.176174				-568.4406265			
565.8806265	7	4	89	1								39.65373914	0.2175062758	60.12875459	0.008359628399	0.006077922163	99.98556245	1.331629197	52.49284128	46.17552953				-565.8806265			
563.3206265	7	4	89	1								39.65977514	0.2119321858	60.12829267	0.007941070322	0.005909031513	99.9861499	1.294673154	52.53042056	46.17490629				-563.3206265			
560.7606265	7	4	89	1								39.66571505	0.2064468363	60.12783811	0.00753990914	0.005743277262	99.98671681	1.258381102	52.56731519	46.17430371				-560.7606265			
558.2006265	7	4	89	1								39.671559	0.2010501047	60.1273909	0.00715558863	0.005580640946	99.98726377	1.222750193	52.60352857	46.17372123				-558.2006265			
555.6406265	7	4	89	1								39.67730714	0.1957418437	60.12695101	0.006787563889	0.005421103406	99.98779133	1.187777434	52.63906426	46.17315831				-555.6406265			
553.0806265	7	4	89	1								39.68295967	0.1905218811	60.12651845	0.006435301299	0.005264644795	99.98830005	1.15345968	52.67392593	46.17261439				-553.0806265			
550.5206265	7	4	89	1								39.6885168	0.1853900201	60.12609318	0.006098278488	0.00511124459	99.98879048	1.119793641	52.7081174	46.17208896				-550.5206265			
547.9606265	7	4	89	1								39.69397877	0.1803460392	60.1256752	0.005775984286	0.004960881598	99.98926313	1.086775877	52.74164262	46.1715815				-547.9606265			
545.4006265	7	4	89	1								39.69934583	0.1753896924	60.12526447	0.005467918678	0.004813533973	99.98971855	1.0544028	52.7745057	46.1710915				-545.4006265			
542.8406265	7	4	89	1								39.7046183	0.1705207093	60.12486099	0.005173592751	0.00466917922	99.99015723	1.022670671	52.80671087	46.17061846				-542.8406265			
540.2806265	7	4	89	1								39.70979648	0.1657387949	60.12446472	0.004892528634	0.00452779421	99.99057968	0.9915756035	52.83826248	46.17016191				-540.2806265			
537.7206265	7	4	89	1								39.71488073	0.16104363	60.12407564	0.004624259444	0.004389355191	99.99098639	0.9611135619	52.86916506	46.16972137				-537.7206265			
535.1606265	7	4	89	1								39.7198714	0.1564348712	60.12369373	0.004368329212	0.004253837798	99.99137783	0.9312803615	52.89942325	46.16929638				-535.1606265			
532.6006265	7	4	89	1								39.72476891	0.1519121512	60.12331894	0.004124292817	0.004121217067	99.99175449	0.9020716694	52.92904184	46.16888649				-532.6006265			
530.0406265	7	4	89	1								39.72957367	0.1474750788	60.12295125	0.00389171591	0.003991467445	99.99211682	0.8734830055	52.95802574	46.16849125				-530.0406265			
527.4806265	7	4	89	1								39.73428614	0.1431232391	60.12259062	0.003670174838	0.003864562808	99.99246526	0.8455097424	52.98638002	46.16811024				-527.4806265			
524.9206265	7	4	89	1								39.73890679	0.1388561937	60.12223702	0.003459256555	0.003740476467	99.99280027	0.8181471071	53.01410987	46.16774303				-524.9206265			
522.3606265	7	4	89	1								39.74343611	0.1346734809	60.1218904	0.00325855854	0.003619181186	99.99312226	0.7913901819	53.04122062	46.1673892				-522.3606265			
519.8006265	7	4	89	1								39.74787464	0.1305746159	60.12155074	0.003067688702	0.003500649193	99.99343166	0.7652339053	53.06771773	46.16704837				-519.8006265			
517.2406265	7	4	89	1								39.75222293	0.1265590912	60.12121798	0.002886265286	0.003384852199	99.99372888	0.7396730739	53.0936068	46.16672013				-517.2406265			
514.6806265	7	4	89	1								39.75648154	0.1226263767	60.12089209	0.002713916771	0.003271761405	99.99401432	0.7147023436	53.11889356	46.1664041				-514.6806265			
512.1206265	7	4	89	1								39.76065107	0.1187759198	60.12057301	0.002550281769	0.003161347522	99.99428837	0.6903162319	53.14358386	46.1660999				-512.1206265			
509.5606265	7	4	89	1								39.76473216	0.1150071462	60.1202607	0.002395008914	0.003053580783	99.99455141	0.6665091189	53.1676837	46.16580718				-509.5606265			
507.0006265	7	4	89	1								39.76872543	0.1113194596	60.11995511	0.002247756753	0.002948430959	99.99480381	0.6432752505	53.19119917	46.16552558				-507.0006265			
504.4406265	7	4	89	1								39.77263157	0.1077122424	60.11965618	0.002108193631	0.002845867377	99.99504594	0.6206087398	53.21413651	46.16525475				-504.4406265			
501.8806265	7	4	89	1								39.77645127	0.1041848559	60.11936388	0.001975997569	0.002745858931	99.99527814	0.5985035699	53.23650208	46.16499435				-501.8806265			
499.3206265	7	4	89	1								39.78018523	0.1007366408	60.11907813	0.001850856143	0.0026483741	99.99550077	0.5769535963	53.25830236	46.16474405				-499.3206265			
496.7606265	7	4	89	1								39.7838342	0.09736691735	60.11879889	0.001732466359	0.002553380965	99.99571415	0.55595255	53.27954393	46.16450352				-496.7606265			
494.2006265	7	4	89	1								39.78739892	0.09407498577	60.11852609	0.001620534524	0.002460847224	99.99591862	0.5354940401	53.30023349	46.16427247				-494.2006265			
491.6406265	7	4	89	1								39.79088019	0.09086012676	60.11825968	0.00151477611	0.002370740211	99.99611448	0.5155715567	53.32037787	46.16405057				-491.6406265			
489.0806265	7	4	89	1								39.7942788	0.08772160186	60.1179996	0.001414915624	0.002283026909	99.99630206	0.4961784748	53.33998398	46.16383754				-489.0806265			
486.5206265	7	4	89	1								39.79759557	0.08465865382	60.11774578	0.001320686464	0.002197673972	99.99648164	0.4773080569	53.35905886	46.16363308				-486.5206265			
483.9606265	7	4	89	1								39.80083133	0.08167050711	60.11749816	0.001231830782	0.002114647736	99.99665352	0.4589534573	53.37760963	46.16343692				-483.9606265			
481.4006265	7	4	89	1								39.80398696	0.07875636833	60.11725667	0.001148099334	0.002033914242	99.99681799	0.4411077249	53.39564351	46.16324877				-481.4006265			
478.8406265	7	4	89	1								39.80706333	0.07591542672	60.11702125	0.001069251343	0.001955439253	99.99697531	0.423763808	53.41316783	46.16306837				-478.8406265			
476.2806265	7	4	89	1								39.81006132	0.07314685458	60.11679182	0.0009950543393	0.001879188269	99.99712576	0.4069145576	53.43018999	46.16289546				-476.2806265			
473.7206265	7	4	89	1								39.81298187	0.07044980782	60.11656832	0.0009252840168	0.001805126547	99.99726959	0.3905527318	53.44671749	46.16272978				-473.7206265			
471.1606265	7	4	89	1								39.81582589	0.06782342647	60.11635068	0.000859724076	0.001733219118	99.99740706	0.3746709999	53.4627579	46.1625711				-471.1606265			
468.6006265	7	4	89	1								39.81859434	0.06526683516	60.11613882	0.0007981660692	0.001663430808	99.9975384	0.359261947	53.47831889	46.16241917				-468.6006265			
466.0406265	7	4	89	1								39.82128819	0.06277914371	60.11593267	0.0007404092439	0.001595726252	99.99766386	0.3443180782	53.49340817	46.16227375				-466.0406265			
463.4806265	7	4	89	1								39.8239084	0.06035944761	60.11573215	0.0006862603829	0.001530069917	99.99778367	0.3298318236	53.50803354	46.16213463				-463.4806265			
460.9206265	7	4	89	1								39.82645597	0.05800682867	60.1155372	0.0006355336449	0.00146642612	99.99789804	0.3157955427	53.52220287	46.16200158				-460.9206265			
458.3606265	7	4	89	1								39.82893192	0.0557203555	60.11534772	0.0005880504021	0.001404759042	99.99800719	0.3022015292	53.53592408	46.16187439				-458.3606265			
455.8006265	7	4	89	1								39.83133726	0.05349908416	60.11516365	0.0005436390774	0.001345032753	99.99811133	0.2890420165	53.54920513	46.16175285				-455.8006265			
453.2406265	7	4	89	1								39.83367304	0.05134205873	60.1149849	0.0005021349807	0.001287211229	99.99821065	0.2763091821	53.56205405	46.16163676				-453.2406265			
450.6806265	7	4	89	1								39.83594029	0.04924831189	60.1148114	0.0004633801442	0.001231258368	99.99830536	0.2639951529	53.57447892	46.16152592				-450.6806265			
448.1206265	7	4	89	1								39.83814008	0.04721686558	60.11464306	0.0004272231569	0.001177138014	99.99839564	0.2520920105	53.58648784	46.16142015				-448.1206265			
445.5606265	7	4	89	1								39.84027347	0.0452467316	60.1144798	0.0003935189986	0.001124813973	99.99848167	0.2405917967	53.59808895	46.16131925				-445.5606265			
443.0006265	7	4	89	1								39.84234156	0.04333691223	60.11432153	0.0003621288742	0.001074250031	99.99856362	0.2294865183	53.60929044	46.16122305				-443.0006265			
440.4406265	7	4	89	1								39.84434541	0.0414864009	60.11416818	0.0003329200469	0.001025409976	99.99864167	0.2187681529	53.62010048	46.16113137				-440.4406265			
437.8806265	7	4	89	1								39.84628615	0.03969418281	60.11401967	0.0003057656722	0.0009782576173	99.99871598	0.2084286542	53.6305273	46.16104404				-437.8806265			
435.3206265	7	4	89	1								39.84816487	0.0379592356	60.1138759	0.0002805446317	0.0009327568004	99.9987867	0.1984599575	53.64057914	46.1609609				-435.3206265			
432.7606265	7	4	89	1								39.84998269	0.03628053002	60.11373678	0.0002571413677	0.0008888714305	99.99885399	0.1888539854	53.65026422	46.1608818				-432.7606265			
430.2006265	7	4	89	1								39.85174072	0.03465703058	60.11360225	0.0002354457176	0.0008465654893	99.99891799	0.1796026532	53.65959078	46.16080656				-430.2006265			
427.6406265	7	4	89	1								39.8534401	0.03308769623	60.1134722	0.0002153527497	0.0008058030543	99.99897884	0.1706978743	53.66856707	46.16073506				-427.6406265			
425.0806265	7	4	89	1								39.85508196	0.03157148105	60.11334656	0.0001967625999	0.0007665483177	99.99903669	0.1621315661	53.67720131	46.16066713				-425.0806265			
422.5206265	7	4	89	1								39.85666744	0.03010733492	60.11322523	0.0001795803086	0.0007287656049	99.99909165	0.1538956555	53.68550171	46.16060263				-422.5206265			
419.9606265	7	4	89	1								39.85819767	0.02869420421	60.11310812	0.0001637156598	0.0006924193934	99.99914386	0.1459820844	53.69347647	46.16054144				-419.9606265			
417.4006265	7	4	89	1								39.85967381	0.02733103249	60.11299516	0.0001490830212	0.0006574743309	99.99919344	0.1383828154	53.70113377	46.16048342				-417.4006265			
414.8406265	7	4	89	1								39.86109699	0.02601676117	60.11288625	0.0001356011855	0.0006238952537	99.9992405	0.1310898369	53.70848173	46.16042843				-414.8406265			
412.2806265	7	4	89	1								39.86246837	0.02475033026	60.1127813	0.0001231932137	0.0005916472051	99.99928516	0.1240951694	53.71552847	46.16037636				-412.2806265			
409.7206265	7	4	89	1								39.86378909	0.023530679	60.11268023	0.0001117862805	0.0005606954528	99.99932752	0.1173908701	53.72228205	46.16032708				-409.7206265			
407.1606265	7	4	89	1								39.8650603	0.02235674662	60.11258295	0.0001013115205	0.000531005507	99.99936768	0.110969039	53.72875048	46.16028048				-407.1606265			
404.6006265	7	4	89	1								39.86628316	0.02122747298	60.11248937	9.170387833E-05	0.000502543138	99.99940575	0.1048218239	53.73494174	46.16023644				-404.6006265			
402.0406265	7	4	89	1								39.8674588	0.02014179928	60.1123994	8.290195917E-05	0.0004752743929	99.99944182	0.09894142553	53.74086373	46.16019485				-402.0406265			
399.4806265	7	4	89	1								39.86858837	0.01909866876	60.11231296	7.484788282E-05	0.0004491656131	99.99947599	0.09332010332	53.7465243	46.1601556				-399.4806265			
396.9206265	7	4	89	1								39.86967302	0.01809702739	60.11222996	6.748713978E-05	0.0004241834509	99.99950833	0.08795018002	53.75193122	46.1601186				-396.9206265			
394.3606265	7	4	89	1								39.87071387	0.01713582454	60.1121503	6.076845002E-05	0.0004002948858	99.99953894	0.08282404692	53.75709222	46.16008374				-394.3606265			
391.8006265	7	4	89	1								39.87171207	0.01621401366	60.11207391	5.464362444E-05	0.0003774672407	99.99956789	0.07793416879	53.76201491	46.16005092				-391.8006265			
389.2406265	7	4	89	1								39.87266874	0.01533055298	60.1120007	4.906742917E-05	0.0003556681977	99.99959526	0.07327308869	53.76670685	46.16002006				-389.2406265			
386.6806265	7	4	89	1								39.87358501	0.01448440614	60.11193059	4.399745273E-05	0.0003348658131	99.99962114	0.06883343266	53.77117551	46.15999106				-386.6806265			
384.1206265	7	4	89	1								39.87446198	0.0136745429	60.11186347	3.939397625E-05	0.0003150285333	99.99964558	0.06460791433	53.77542826	46.15996383				-384.1206265			
381.5606265	7	4	89	1								39.87530078	0.01289993975	60.11179928	3.521984675E-05	0.0002961252084	99.99966865	0.06058933936	53.77947237	46.15993829				-381.5606265			
379.0006265	7	4	89	1								39.87610249	0.01215958059	60.11173793	3.144035352E-05	0.0002781251075	99.99969043	0.05677060975	53.78331503	46.15991436				-379.0006265			
376.4406265	7	4	89	1								39.87686821	0.01145245735	60.11167933	2.802310783E-05	0.0002609979315	99.99971098	0.05314472804	53.78696331	46.15989197				-376.4406265			
373.8806265	7	4	89	1								39.87759902	0.01077757062	60.11162341	2.493792583E-05	0.0002447138272	99.99973035	0.04970480127	53.79042418	46.15987102				-373.8806265			
371.3206265	7	4	89	1								39.878296	0.01013393029	60.11157007	2.21567149E-05	0.0002292433999	99.9997486	0.04644404489	53.7937045	46.15985146				-371.3206265			
368.7606265	7	4	89	1								39.8789602	0.009520556117	60.11151924	1.965336328E-05	0.0002145577258	99.99976579	0.04335578641	53.79681101	46.1598332				-368.7606265			
366.2006265	7	4	89	1								39.87959268	0.008936478346	60.11147084	1.740363319E-05	0.0002006283641	99.99978197	0.04043346895	53.79975034	46.15981619				-366.2006265			
363.6406265	7	4	89	1								39.88019447	0.008380738287	60.11142479	1.538505745E-05	0.0001874273681	99.99979719	0.03767065455	53.802529	46.15980035				-363.6406265			
361.0806265	7	4	89	1								39.88076661	0.007852388874	60.111381	1.357683946E-05	0.0001749272963	99.9998115	0.03506102741	53.80515335	46.15978562				-361.0806265			
358.5206265	7	4	89	1								39.88131009	0.007350495222	60.11133941	1.195975681E-05	0.0001631012227	99.99982494	0.03259839661	53.80762966	46.15977195				-358.5206265			
355.9606265	7	4	89	1								39.88182593	0.006874135165	60.11129994	1.051606832E-05	0.0001519227462	99.99983756	0.03027669925	53.80996403	46.15975927				-355.9606265			
353.4006265	7	4	89	1								39.8823151	0.006422399767	60.1112625	9.229424597E-06	0.0001413660002	99.9998494	0.02809000279	53.81216247	46.15974752				-353.4006265			
350.8406265	7	4	89	1								39.88277857	0.005994393833	60.11122704	8.084782133E-06	0.000131405661	99.99986051	0.02603250748	53.81423083	46.15973666				-350.8406265			
348.2806265	7	4	89	1								39.8832173	0.005589236391	60.11119346	7.068320824E-06	0.0001220169554	99.99987091	0.02409854853	53.81617482	46.15972663				-348.2806265			
345.7206265	7	4	89	1								39.88363223	0.005206061155	60.11116171	6.167365003E-06	0.0001131756684	99.99988066	0.0222825981	53.81800002	46.15971738				-345.7206265			
343.1606265	7	4	89	1								39.88402428	0.004844016971	60.11113171	5.37030789E-06	0.0001048581496	99.99988977	0.020579267	53.81971187	46.15970887				-343.1606265			
340.6006265	7	4	89	1								39.88439435	0.004502268246	60.11110339	4.666539434E-06	9.704131917E-05	99.99989829	0.01898330628	53.82131565	46.15970104				-340.6006265			
338.0406265	7	4	89	1								39.88474332	0.00417999535	60.11107668	4.046377521E-06	8.970267335E-05	99.99990625	0.01748960852	53.82281653	46.15969386				-338.0406265			
335.4806265	7	4	89	1								39.88507208	0.003876394998	60.11105152	3.501002488E-06	8.28202888E-05	99.99991368	0.01609320895	53.82421951	46.15968728				-335.4806265			
332.9206265	7	4	89	1								39.88538147	0.003590680611	60.11102784	3.022394885E-06	7.637282666E-05	99.9999206	0.01478928634	53.82552945	46.15968126				-332.9206265			
330.3606265	7	4	89	1								39.88567233	0.003322082653	60.11100559	2.603276438E-06	7.033953574E-05	99.99992706	0.01357316363	53.82675106	46.15967577				-330.3606265			
327.8006265	7	4	89	1								39.88594547	0.003069848943	60.11098468	2.237054127E-06	6.470025495E-05	99.99993306	0.01244030844	53.82788892	46.15967077				-327.8006265			
325.2406265	7	4	89	1								39.88620168	0.002833244942	60.11096508	1.917767332E-06	5.943541514E-05	99.99993865	0.01138633324	53.82894744	46.15966622				-325.2406265			
322.6806265	7	4	89	1								39.88644174	0.002611554022	60.11094671	1.640037952E-06	5.452604009E-05	99.99994383	0.01040699539	53.8299309	46.1596621				-322.6806265			
320.1206265	7	4	89	1								39.88666641	0.002404077697	60.11092951	1.399023423E-06	4.995374682E-05	99.99994865	0.00949819691	53.83084344	46.15965837				-320.1206265			
317.5606265	7	4	89	1								39.88687642	0.002210135838	60.11091344	1.190372558E-06	4.570074519E-05	99.99995311	0.008655984102	53.83168902	46.159655				-317.5606265			
315.0006265	7	4	89	1								39.8870725	0.002029066857	60.11089844	1.01018411E-06	4.174983667E-05	99.99995724	0.007876546867	53.83247149	46.15965196				-315.0006265			
312.4406265	7	4	89	1								39.88725533	0.001860227867	60.11088445	8.549679771E-07	3.808441246E-05	99.99996106	0.007156217887	53.83319455	46.15964923				-312.4406265			
309.8806265	7	4	89	1								39.88742559	0.001702994808	60.11087142	7.216089481E-07	3.468845087E-05	99.99996459	0.006491471564	53.83386174	46.15964679				-309.8806265			
307.3206265	7	4	89	1								39.88758394	0.001556762553	60.1108593	6.073329014E-07	3.154651387E-05	99.99996785	0.005878922774	53.83447647	46.1596446				-307.3206265			
304.7606265	7	4	89	1								39.88773101	0.001420944983	60.11084804	5.09675353E-07	2.864374302E-05	99.99997085	0.005315325412	53.83504202	46.15964266				-304.7606265			
302.2006265	7	4	89	1								39.88786742	0.001294975031	60.1108376	4.264522583E-07	2.596585464E-05	99.99997361	0.00479757075	53.8355615	46.15964093				-302.2006265			
300	7	4	89	1								39.88797661	0.001194141794	60.11082925	3.649720779E-07	2.383316982E-05	99.9999758	0.004386871122	53.83597352	46.1596396				-300			
