T	w(AL)	w(CU)	w(LI)	fs	fw(@FCC_A1)	w(AL@FCC_A1)	w(CU@FCC_A1)	w(LI@FCC_A1)	w(AL@LIQUID)	w(CU@LIQUID)	w(LI@LIQUID)	w(AL@ALCULI_TB)	w(CU@ALCULI_TB)	w(LI@ALCULI_TB)	w(AL@ALCULI_T1)	w(CU@ALCULI_T1)	w(LI@ALCULI_T1)	dwdT_L(AL@LIQUID)	dwdT_L(CU@LIQUID)	dwdT_L(LI@LIQUID)	-T	fw(@FCC_A1)_1	-T//fw(@FCC_A1)	
K	%	%	%	mole/mole	kg/kg	%	%	%	%	%	%	%	%	%	%	%	%	SI	SI	SI				
883.6037007	81	18	1	0	0	98.20905042	1.308137132	0.482812445	81	18	1							0.003089511527	-0.002996660325	-9.285120216E-05	-883.6037007	0	55.6561444036823	
883.5837007	81	18	1	0.0003905439338	0.0003590694119	98.2085465	1.308641569	0.4828119298	80.99382125	18.00599301	1.000185737							0	0	0	-883.5837007	0.0003590694119	55.74292963135	
883.5637007	81	18	1	0.0007804785246	0.000717580663	98.20804258	1.309146029	0.4828113949	80.98764395	18.01198467	1.00037138							0	0	0	-883.5637007	0.000717580663	55.8011231902856	
883.5237007	81	18	1	0.001559718163	0.001434030616	98.2070347	1.310154898	0.4828104064	80.97529304	18.02396427	1.000742688							0	0	0	-883.5237007	0.001434030616	55.8749417623737	
883.4437007	81	18	1	0.003114491184	0.002863547962	98.20501883	1.312172552	0.482808614	80.95060667	18.04790824	1.001485086							0	0	0	-883.4437007	0.002863547962	56.0514948104241	
883.2837007	81	18	1	0.006209282922	0.005709117421	98.20098671	1.316207523	0.4828057654	80.90129572	18.09573528	1.002969001							0	0	0	-883.2837007	0.005709117421	56.4549218012227	
882.9637007	81	18	1	0.01232490497	0.01133263898	98.19292055	1.324278763	0.4828006826	80.80292457	18.191147	1.005928432							0	0	0	-882.9637007	0.01133263898	57.29059418783	
882.3237007	81	18	1	0.02431320805	0.02235783865	98.17678127	1.340418821	0.482799906	80.60717509	18.38099689	1.011828028							0	0	0	-882.3237007	0.02235783865	58.8717476702415	
881.0437007	81	18	1	0.04733011131	0.04353161286	98.14447281	1.372696359	0.4828308282	80.21965635	18.75680502	1.023538626							0	0	0	-881.0437007	0.04353161286	62.1846774485089	
878.4837007	81	18	1	0.08986443277	0.0826824215	98.07972547	1.43725294	0.4830215867	79.46051809	19.49288403	1.046597879							0	0	0	-878.4837007	0.0826824215	69.0579879392688	
875.9237007	81	18	1	0.1282628492	0.118054439	98.01478157	1.501841601	0.4833768265	78.72245455	20.20839189	1.069153566							0	0	0	-875.9237007	0.118054439	76.2370374674479	
873.3637007	81	18	1	0.1630838481	0.1501573992	97.94961363	1.566497009	0.4838893627	78.00519794	20.90361123	1.091190824							0	0	0	-873.3637007	0.1501573992	83.7992641243881	
870.8037007	81	18	1	0.1947926211	0.1794159643	97.88419302	1.631255685	0.4845512915	77.30836818	21.57893192	1.112699901							0	0	0	-870.8037007	0.1794159643	91.7392241694964	
868.2437007	81	18	1	0.223781109	0.2061880251	97.8184901	1.696155336	0.4853545634	76.63149504	22.2348288	1.133676159							0	0	0	-868.2437007	0.2061880251	100.062075048674	
865.6837007	81	18	1	0.250374705	0.2307705648	97.75247342	1.761236595	0.4862899895	75.9740387	22.87184449	1.15411681							0	0	0	-865.6837007	0.2307705648	108.721982090322	
863.1237007	81	18	1	0.2748709878	0.2534359454	97.6861129	1.82653488	0.4873522182	75.33540874	23.49056053	1.174030739							0	0	0	-863.1237007	0.2534359454	117.716009795048	
860.5637007	81	18	1	0.2975040627	0.2743978924	97.61937518	1.892092484	0.4885323369	74.71497948	24.09159894	1.193421578							0	0	0	-860.5637007	0.2743978924	127.053987556363	
858.0037007	81	18	1	0.3184822819	0.293846902	97.55222677	1.957950119	0.4898231155	74.11210387	24.67559778	1.21229835							0	0	0	-858.0037007	0.293846902	136.704810579317	
855.4437007	81	18	1	0.337985595	0.3119475632	97.48463331	2.024148985	0.4912177088	73.52612465	25.24320331	1.230672038							0	0	0	-855.4437007	0.3119475632	146.651113226973	
852.8837007	81	18	1	0.356170048	0.3288426578	97.41655958	2.090730735	0.4927096819	72.95638356	25.7950613	1.248555145							0	0	0	-852.8837007	0.3288426578	156.874443944115	
850.3237007	81	18	1	0.3731714828	0.3446565322	97.34796952	2.157737459	0.4942930202	72.40222854	26.33181015	1.265961305							0	0	0	-850.3237007	0.3446565322	167.355374469975	
847.7637007	81	18	1	0.3891085907	0.3594978815	97.27882617	2.2252117	0.4959621295	71.86301946	26.85407557	1.282904971							0	0	0	-847.7637007	0.3594978815	178.073603851871	
845.2037007	81	18	1	0.4040854472	0.3734620607	97.20909169	2.293196486	0.4977118279	71.33813228	27.36246657	1.299401143							0	0	0	-845.2037007	0.3734620607	189.008052866432	
842.6437007	81	18	1	0.4181936246	0.386633011	97.13872728	2.361735389	0.4995373315	70.82696225	27.85757259	1.315465157							0	0	0	-842.6437007	0.386633011	200.136934120263	
840.0837007	81	18	1	0.431513961	0.3990848747	97.06769317	2.43087259	0.5014342372	70.32892603	28.33996146	1.331112513							0	0	0	-840.0837007	0.3990848747	211.437813049957	
837.5237007	81	18	1	0.4441180484	0.4108833521	96.99594853	2.500652969	0.5033985028	69.8434631	28.81017816	1.346358734							0	0	0	-837.5237007	0.4108833521	222.887659596839	
834.9637007	81	18	1	0.4560694885	0.4220868478	96.92345137	2.571122205	0.5054264265	69.37003661	29.26874413	1.361219264							0	0	0	-834.9637007	0.4220868478	234.462879473112	
832.4037007	81	18	1	0.4674249558	0.4327474422	96.85015849	2.642326884	0.5075146254	68.90813363	29.71615698	1.375709385							0	0	0	-832.4037007	0.4327474422	246.139341748379	
829.8437007	81	18	1	0.4782351028	0.4429117176	96.77602536	2.714314625	0.5096600151	68.45726517	30.15289067	1.389844161							0	0	0	-829.8437007	0.4429117176	257.89239926572	
827.2837007	81	18	1	0.4885453313	0.4526214632	96.701006	2.787134211	0.5118597899	68.01696578	30.57939582	1.403638398							0	0	0	-827.2837007	0.4526214632	269.696934878406	
824.7237007	81	18	1	0.4983964501	0.4619142766	96.62505286	2.860835735	0.5141114039	67.58679324	30.99610015	1.417106612							0	0	0	-824.7237007	0.4619142766	281.527216290742	
822.1637007	81	18	1	0.5078252533	0.470824092	96.54811669	2.935470759	0.5164125521	67.16632725	31.40340971	1.430263036							0	0	0	-822.1637007	0.470824092	293.357102994567	
819.6037007	81	18	1	0.5168649921	0.4793816127	96.47014637	3.011092473	0.5187611563	66.75516953	31.80170889	1.443121585							0	0	0	-819.6037007	0.4793816127	305.160002708287	
817.0437007	81	18	1	0.525545808	0.4876147078	96.39108877	3.087755877	0.5211553487	66.35294236	32.19136176	1.455695886							0	0	0	-817.0437007	0.4876147078	316.908718423614	
814.4837007	81	18	1	0.5338950966	0.4955487446	96.31088857	3.165517974	0.5235934589	65.95928787	32.57271285	1.467999277							0	0	0	-814.4837007	0.4955487446	328.575566295206	
811.9237007	81	18	1	0.5419378251	0.5032068812	96.22948803	3.244437972	0.5260740015	65.57386713	32.94608804	1.480044833							0	0	0	-811.9237007	0.5032068812	340.132337187332	
809.3637007	81	18	1	0.5496968103	0.5106103207	96.14682683	3.324577505	0.5285956658	65.19635924	33.31179538	1.49184538							0	0	0	-809.3637007	0.5106103207	351.550293109493	
806.8037007	81	18	1	0.5571929614	0.5177785348	96.06284182	3.40600087	0.5311573062	64.82646045	33.67012603	1.503413524							0	0	0	-806.8037007	0.5177785348	362.800145870643	
804.2437007	81	18	1	0.5644454931	0.5247294601	95.97746678	3.488775281	0.5337579346	64.46388331	34.02135501	1.514761681							0	0	0	-804.2437007	0.5247294601	373.852055323315	
801.6837007	81	18	1	0.5714721133	0.5314796713	95.89063214	3.572971144	0.5363967133	64.10835583	34.36574206	1.525902109							0	0	0	-801.6837007	0.5314796713	384.67563046233	
799.1237007	81	18	1	0.5782891895	0.5380445344	95.80226469	3.658662361	0.5390729502	63.75962072	34.70353234	1.536846942							0	0	0	-799.1237007	0.5380445344	395.239913316593	
796.5637007	81	18	1	0.5849118956	0.5444383436	95.71228726	3.745926645	0.5417860941	63.41743462	35.03495715	1.547608231							0	0	0	-796.5637007	0.5444383436	405.513390112496	
794.0037007	81	18	1	0.5913543433	0.5506744427	95.62061839	3.834845882	0.5445357325	63.08156738	35.36023464	1.55819798							0	0	0	-794.0037007	0.5506744427	415.463983698592	
791.4437007	81	18	1	0.5976296995	0.5567653353	95.5271719	3.92550651	0.5473215897	62.75180147	35.67957033	1.568628198							0	0	0	-791.4437007	0.5567653353	425.059074033881	
788.8837007	81	18	1	0.6037502915	0.5627227829	95.43185653	4.017999945	0.550143527	62.42793129	35.99315777	1.578910937							0	0	0	-788.8837007	0.5627227829	434.265746887762	
787.6037007	81	18	1	0.6067563896	0.5656551589	95.3834683	4.064963579	0.5515681171	62.26814628	36.14785273	1.58400099							0	0	0	-787.6037007	0.5656551589	438.442938655937	
787.2837007	81	18	1	0.6075030477	0.5663842137	95.37129362	4.07678051	0.5519258703	62.22842059	36.18631063	1.585268778							0	0	0	-787.2837007	0.5663842137	440.833334712822	
787.2037007	81	18	1	0.6076887007	0.566565493	95.36824422	4.079740632	0.552015149	62.21850205	36.19591303	1.585584927							0	0	0	-787.2037007	0.566565493	440.913033936853	
787.1859934	81	18	1	0.6077298326	0.5666056615	95.36756909	4.08039597	0.5520349441	62.2163075	36.19803756	1.585654944	43.66113616	54.84131265	1.497551188				0	0	0	-787.1859934	0.5666056615	425.880174890829	
787.1737007	81	18	1	0.6106108311	0.5677206652	95.37014476	4.076887742	0.5529674975	62.21769843	36.19477275	1.587528823	43.66113616	54.84131265	1.497551188				0	0	0	-787.1737007	0.5677206652	11.0856789642074	
787.1537007	81	18	1	0.6152266574	0.5695090439	95.37431054	4.071208438	0.5544810178	62.21995047	36.18948224	1.590567292	43.66113616	54.84131265	1.497551188				0	0	0	-787.1537007	0.5695090439	11.2772973935037	
787.1137007	81	18	1	0.6242475478	0.5729992275	95.38254922	4.059956936	0.5574938469	62.22441166	36.17898292	1.596605416	43.66113616	54.84131265	1.497551188				0	0	0	-787.1137007	0.5729992275	11.6432398210589	
787.0337007	81	18	1	0.6415062336	0.5796702787	95.39867056	4.037864021	0.5634654171	62.23317166	36.15829529	1.608533041	43.66113616	54.84131265	1.497551188				0	0	0	-787.0337007	0.5796702787	12.3789823155357	
786.8737007	81	18	1	0.6732015733	0.591895276	95.42958686	3.995205142	0.5752079946	62.25008875	36.11807724	1.631834003	43.66113616	54.84131265	1.497551188				0	0	0	-786.8737007	0.591895276	13.9235439118624	
786.5537007	81	18	1	0.7274803067	0.6127440738	95.48677029	3.915232433	0.5979972811	62.28182647	36.04168387	1.676489657	43.66113616	54.84131265	1.497551188				0	0	0	-786.5537007	0.6127440738	17.2332611229237	
785.9137007	81	18	1	0.8109800788	0.6445688701	95.58637227	3.772215133	0.6414125957	62.33874866	35.9016493	1.75960204	43.66113616	54.84131265	1.497551188				0	0	0	-785.9137007	0.6445688701	24.5691479272511	
784.6337007	81	18	1	0.9227681243	0.6865946758	95.7448267	3.532623779	0.7225495238	62.43506669	35.65627489	1.90865842	43.66113616	54.84131265	1.497551188				0	0	0	-784.6337007	0.6865946758	39.932318888953	
783.3537007	81	18	1	0.9976883527	0.7143115942	95.86762776	3.333274127	0.7990981117	62.51675498	35.4405778	2.042667225	43.66113616	54.84131265	1.497551188				0	0	0	-783.3537007	0.7143115942	54.7447310868635	
783.3137007	81	18	1	0.9996699133	0.7150392697	95.87103631	3.327524346	0.8014393483	62.51913882	35.43418734	2.046673837	43.66113616	54.84131265	1.497551188				0	0	0	-783.3137007	0.7150392697	158.055507937673	
783.2937007	81	18	1	1	0.7151540079	95.87207742	3.326097318	0.8018252609				43.66113616	54.84131265	1.497551188							-783.2937007	0.7151540079	-2155.07100266981	
783.2837007	81	18	1	1	0.7151491449	95.87243237	3.325747102	0.8018205262				43.66113616	54.84131265	1.497551188							-783.2837007	0.7151491449	-2056.61180331576	
783.2637007	81	18	1	1	0.7151394227	95.87314218	3.325046757	0.8018110678				43.66113616	54.84131265	1.497551188							-783.2637007	0.7151394227	-2057.38044300338	
783.2237007	81	18	1	1	0.7151199849	95.87456136	3.323646484	0.8017921567				43.66113616	54.84131265	1.497551188							-783.2237007	0.7151199849	-2058.31240055275	
783.1437007	81	18	1	1	0.7150811357	95.87739803	3.320847611	0.8017543572				43.66113616	54.84131265	1.497551188							-783.1437007	0.7150811357	-2060.17593759154	
782.9837007	81	18	1	1	0.7150035425	95.88306461	3.315256543	0.8016788481				43.66113616	54.84131265	1.497551188							-782.9837007	0.7150035425	-2063.90681898939	
782.6637007	81	18	1	1	0.7148487765	95.89437074	3.304101069	0.8015281895				43.66113616	54.84131265	1.497551188							-782.6637007	0.7148487765	-2071.39562426533	
782.0237007	81	18	1	1	0.7145409171	95.91687537	3.281896328	0.8012283036				43.66113616	54.84131265	1.497551188							-782.0237007	0.7145409171	-2086.45860664197	
780.7437007	81	18	1	1	0.7139318198	95.96145785	3.237907915	0.8006342357				43.66113616	54.84131265	1.497551188							-780.7437007	0.7139318198	-2116.93645693802	
778.1837007	81	18	1	1	0.7127395747	96.04894394	3.151587598	0.7994684578				43.66113616	54.84131265	1.497551188							-778.1837007	0.7127395747	-2178.80022187019	
775.6237007	81	18	1	1	0.7115809417	96.13424449	3.067423706	0.7983318032				43.66113616	54.84131265	1.497551188							-775.6237007	0.7115809417	-2241.81132573169	
773.0637007	81	18	1	1	0.7104547842	96.21742077	2.985355776	0.7972234552				43.66113616	54.84131265	1.497551188							-773.0637007	0.7104547842	-2306.26840208958	
770.5037007	81	18	1	1	0.709360018	96.29853169	2.905325684	0.7961426287				43.66113616	54.84131265	1.497551188							-770.5037007	0.709360018	-2372.21269394518	
767.9437007	81	18	1	1	0.7082956083	96.37763391	2.827277525	0.7950885687				43.66113616	54.84131265	1.497551188							-767.9437007	0.7082956083	-2439.68691641377	
765.3837007	81	18	1	1	0.7072605666	96.45478195	2.751157498	0.7940605487				43.66113616	54.84131265	1.497551188							-765.3837007	0.7072605666	-2508.73555851712	
762.8237007	81	18	1	1	0.7062539483	96.53002833	2.676913798	0.7930578689				43.66113616	54.84131265	1.497551188							-762.8237007	0.7062539483	-2579.40465542741	
760.2637007	81	18	1	1	0.7052748498	96.60342363	2.604496518	0.7920798553				43.66113616	54.84131265	1.497551188							-760.2637007	0.7052748498	-2651.74182913753	
757.7037007	81	18	1	1	0.7043224064	96.67501659	2.533857552	0.7911258584				43.66113616	54.84131265	1.497551188							-757.7037007	0.7043224064	-2725.79738826198	
755.1437007	81	18	1	1	0.7033957905	96.74485424	2.46495051	0.7901952515				43.66113616	54.84131265	1.497551188							-755.1437007	0.7033957905	-2801.62284007781	
752.5837007	81	18	1	1	0.7024942087	96.81298194	2.39773063	0.7892874301				43.66113616	54.84131265	1.497551188							-752.5837007	0.7024942087	-2879.27151499201	
750.0237007	81	18	1	1	0.7016169006	96.87944349	2.332154704	0.7884018108				43.66113616	54.84131265	1.497551188							-750.0237007	0.7016169006	-2958.7996490383	
747.4637007	81	18	1	1	0.7007631369	96.94428117	2.268181001	0.7875378298				43.66113616	54.84131265	1.497551188							-747.4637007	0.7007631369	-3040.26508692894	
744.9037007	81	18	1	1	0.6999322175	97.00753586	2.205769198	0.7866949428				43.66113616	54.84131265	1.497551188							-744.9037007	0.6999322175	-3123.72838817756	
742.3437007	81	18	1	1	0.6991234704	97.06924706	2.144880316	0.7858726231				43.66113616	54.84131265	1.497551188							-742.3437007	0.6991234704	-3209.251830378	
739.7837007	81	18	1	1	0.6983362495	97.12945298	2.085476656	0.7850703618				43.66113616	54.84131265	1.497551188							-739.7837007	0.6983362495	-3296.90073937255	
737.2237007	81	18	1	1	0.6975699342	97.18819059	2.02752174	0.7842876661				43.66113616	54.84131265	1.497551188							-737.2237007	0.6975699342	-3386.74293939561	
734.6637007	81	18	1	1	0.6968239272	97.24549568	1.970980259	0.7835240592				43.66113616	54.84131265	1.497551188							-734.6637007	0.6968239272	-3478.84866129461	
732.1037007	81	18	1	1	0.696097654	97.3014029	1.915818016	0.7827790793				43.66113616	54.84131265	1.497551188							-732.1037007	0.696097654	-3573.29132282226	
729.5437007	81	18	1	1	0.6953905613	97.35594584	1.862001883	0.7820522789				43.66113616	54.84131265	1.497551188							-729.5437007	0.6953905613	-3670.14687127276	
726.9837007	81	18	1	1	0.6947021162	97.40915703	1.809499746	0.7813432243				43.66113616	54.84131265	1.497551188							-726.9837007	0.6947021162	-3769.49495074751	
724.4237007	81	18	1	1	0.6940318052	97.46106804	1.758280469	0.7806514951				43.66113616	54.84131265	1.497551188							-724.4237007	0.6940318052	-3871.41800038388	
721.8637007	81	18	1	1	0.6933791331	97.51170947	1.708313846	0.7799766833				43.66113616	54.84131265	1.497551188							-721.8637007	0.6933791331	-3976.00193310369	
719.3037007	81	18	1	1	0.6927436223	97.56111104	1.659570566	0.7793183931				43.66113616	54.84131265	1.497551188							-719.3037007	0.6927436223	-4083.33583932869	
716.7437007	81	18	1	1	0.6921248117	97.60930159	1.61202217	0.77867624				43.66113616	54.84131265	1.497551188							-716.7437007	0.6921248117	-4193.51294872276	
714.1837007	81	18	1	1	0.6915222563	97.65630913	1.565641021	0.778049851				43.66113616	54.84131265	1.497551188							-714.1837007	0.6915222563	-4306.63033253976	
711.6237007	81	18	1	1	0.6909355261	97.70216087	1.520400268	0.7774388632				43.66113616	54.84131265	1.497551188							-711.6237007	0.6909355261	-4422.2535712448	
710.3437007	81	18	1	1	0.6906479641	97.72466161	1.498199359	0.7771390259				43.66113616	54.84131265	1.497551188							-710.3437007	0.6906479641	-4481.12320665183	
709.7037007	81	18	1	1	0.6905056131	97.73580712	1.487202362	0.7769905159				43.66113616	54.84131265	1.497551188							-709.7037007	0.6905056131	-4510.93642555847	
709.5437007	81	18	1	1	0.6904701731	97.73858265	1.484463821	0.7769535325				43.66113616	54.84131265	1.497551188							-709.5437007	0.6904701731	-4518.43267139455	
709.4637007	81	18	1	1	0.6904524752	97.73996878	1.483096154	0.7769350619				43.66113616	54.84131265	1.497551188							-709.4637007	0.6904524752	-4522.16786062252	
709.4237007	81	18	1	1	0.6904436317	97.74066145	1.48241272	0.7769258319				43.66113616	54.84131265	1.497551188							-709.4237007	0.6904436317	-4523.94838412605	
709.4135996	81	18	1	1	0.690441399	97.74083632	1.482240177	0.7769235017				43.66113616	54.84131265	1.497551188	43.36164434	51.06106018	5.577295482				-709.4135996	0.690441399	-4467.5736088274	
709.3937007	81	18	1	1	0.6904368263	97.74120021	1.48195899	0.7768407996				43.66113616	54.84131265	1.497551188	43.36164434	51.06106018	5.577295482				-709.3937007	0.6904368263	-4351.97278189662	
709.3737007	81	18	1	1	0.690432231	97.7415659	1.481676418	0.7767576802				43.66113616	54.84131265	1.497551188	43.36164434	51.06106018	5.577295482				-709.3737007	0.690432231	-4352.57299730925	
709.3337007	81	18	1	1	0.6904230423	97.74229715	1.481111402	0.7765914509				43.66113616	54.84131265	1.497551188	43.36164434	51.06106018	5.577295482				-709.3337007	0.6904230423	-4353.78132654979	
709.2537007	81	18	1	1	0.6904046726	97.74375909	1.479981884	0.7762590295				43.66113616	54.84131265	1.497551188	43.36164434	51.06106018	5.577295482				-709.2537007	0.6904046726	-4356.22028180662	
709.0937007	81	18	1	1	0.6903679641	97.74668076	1.477724902	0.7755943355				43.66113616	54.84131265	1.497551188	43.36164434	51.06106018	5.577295482				-709.0937007	0.6903679641	-4361.11837848984	
708.7737007	81	18	1	1	0.6902946708	97.75251531	1.473219143	0.7742655443				43.66113616	54.84131265	1.497551188	43.36164434	51.06106018	5.577295482				-708.7737007	0.6902946708	-4370.94196547665	
708.1337007	81	18	1	1	0.6901485772	97.76414927	1.464240369	0.7716103577				43.66113616	54.84131265	1.497551188	43.36164434	51.06106018	5.577295482				-708.1337007	0.6901485772	-4390.67128331832	
706.8537007	81	18	1	1	0.6898583524	97.7872772	1.446413158	0.7663096384				43.66113616	54.84131265	1.497551188	43.36164434	51.06106018	5.577295482				-706.8537007	0.6898583524	-4430.503175901	
704.2937007	81	18	1	1	0.6892856739	97.83297757	1.411275053	0.7557473763				43.66113616	54.84131265	1.497551188	43.36164434	51.06106018	5.577295482				-704.2937007	0.6892856739	-4511.16259663214	
701.7337007	81	18	1	1	0.6887232063	97.87794571	1.376815897	0.7452383939				43.66113616	54.84131265	1.497551188	43.36164434	51.06106018	5.577295482				-701.7337007	0.6887232063	-4593.09070681531	
699.1737007	81	18	1	1	0.6881707754	97.92219152	1.343024562	0.7347839211				43.66113616	54.84131265	1.497551188	43.36164434	51.06106018	5.577295482				-699.1737007	0.6881707754	-4676.57936146708	
696.6137007	81	18	1	1	0.6876282112	97.96572469	1.309890155	0.7243851582				43.66113616	54.84131265	1.497551188	43.36164434	51.06106018	5.577295482				-696.6137007	0.6876282112	-4761.67317531481	
694.0537007	81	18	1	1	0.6870953481	98.00855471	1.277402016	0.714043276				43.66113616	54.84131265	1.497551188	43.36164434	51.06106018	5.577295482				-694.0537007	0.6870953481	-4848.41781822269	
691.4937007	81	18	1	1	0.6865720243	98.05069088	1.245549708	0.7037594171				43.66113616	54.84131265	1.497551188	43.36164434	51.06106018	5.577295482				-691.4937007	0.6865720243	-4936.86118244319	
688.9337007	81	18	1	1	0.6860580822	98.0921423	1.214323007	0.693534696				43.66113616	54.84131265	1.497551188	43.36164434	51.06106018	5.577295482				-688.9337007	0.6860580822	-5027.05365768709	
686.3737007	81	18	1	1	0.6855533679	98.1329179	1.183711896	0.6833701996				43.66113616	54.84131265	1.497551188	43.36164434	51.06106018	5.577295482				-686.3737007	0.6855533679	-5119.04702744361	
683.8137007	81	18	1	1	0.6850577313	98.17302646	1.153706555	0.6732669877				43.66113616	54.84131265	1.497551188	43.36164434	51.06106018	5.577295482				-683.8137007	0.6850577313	-5212.89417003695	
681.2537007	81	18	1	1	0.6845710256	98.21247655	1.124297356	0.6632260936				43.66113616	54.84131265	1.497551188	43.36164434	51.06106018	5.577295482				-681.2537007	0.6845710256	-5308.65031141328	
678.6937007	81	18	1	1	0.6840931076	98.25127662	1.095474855	0.653248524				43.66113616	54.84131265	1.497551188	43.36164434	51.06106018	5.577295482				-678.6937007	0.6840931076	-5406.37220622951	
676.1337007	81	18	1	1	0.6836238371	98.28943496	1.067229782	0.6433352602				43.66113616	54.84131265	1.497551188	43.36164434	51.06106018	5.577295482				-676.1337007	0.6836238371	-5506.11846216164	
673.5737007	81	18	1	1	0.6831630772	98.3269597	1.039553042	0.6334872575				43.66113616	54.84131265	1.497551188	43.36164434	51.06106018	5.577295482				-673.5737007	0.6831630772	-5607.95103915172	
671.0137007	81	18	1	1	0.682710694	98.36385885	1.0124357	0.6237054463				43.66113616	54.84131265	1.497551188	43.36164434	51.06106018	5.577295482				-671.0137007	0.682710694	-5711.93182799065	
668.4537007	81	18	1	1	0.6822665563	98.40014029	0.9858689825	0.6139907321				43.66113616	54.84131265	1.497551188	43.36164434	51.06106018	5.577295482				-668.4537007	0.6822665563	-5818.12704410869	
665.8937007	81	18	1	1	0.681830536	98.43581174	0.9598442673	0.604343996				43.66113616	54.84131265	1.497551188	43.36164434	51.06106018	5.577295482				-665.8937007	0.681830536	-5926.60375497023	
663.3337007	81	18	1	1	0.6814025073	98.47088083	0.9343530801	0.5947660948				43.66113616	54.84131265	1.497551188	43.36164434	51.06106018	5.577295482				-663.3337007	0.6814025073	-6037.4317297168	
660.7737007	81	18	1	1	0.6809823473	98.50535505	0.9093870886	0.5852578614				43.66113616	54.84131265	1.497551188	43.36164434	51.06106018	5.577295482				-660.7737007	0.6809823473	-6150.68430740992	
658.2137007	81	18	1	1	0.6805699354	98.5392418	0.8849380982	0.5758201051				43.66113616	54.84131265	1.497551188	43.36164434	51.06106018	5.577295482				-658.2137007	0.6805699354	-6266.43614305882	
655.6537007	81	18	1	1	0.6801651535	98.57254834	0.8609980464	0.5664536119				43.66113616	54.84131265	1.497551188	43.36164434	51.06106018	5.577295482				-655.6537007	0.6801651535	-6384.76417608037	
653.0937007	81	18	1	1	0.6797678856	98.60528186	0.8375589995	0.5571591445				43.66113616	54.84131265	1.497551188	43.36164434	51.06106018	5.577295482				-653.0937007	0.6797678856	-6505.7496922645	
650.5337007	81	18	1	1	0.6793780182	98.63744941	0.814613147	0.547937443				43.66113616	54.84131265	1.497551188	43.36164434	51.06106018	5.577295482				-650.5337007	0.6793780182	-6629.47728072837	
647.9737007	81	18	1	1	0.6789954398	98.66905798	0.7921527985	0.5387892247				43.66113616	54.84131265	1.497551188	43.36164434	51.06106018	5.577295482				-647.9737007	0.6789954398	-6756.03185896453	
645.4137007	81	18	1	1	0.6786200409	98.70011444	0.7701703792	0.5297151846				43.66113616	54.84131265	1.497551188	43.36164434	51.06106018	5.577295482				-645.4137007	0.6786200409	-6885.50265754704	
642.8537007	81	18	1	1	0.678251714	98.73062558	0.7486584264	0.5207159954				43.66113616	54.84131265	1.497551188	43.36164434	51.06106018	5.577295482				-642.8537007	0.678251714	-7017.98553533978	
640.2937007	81	18	1	1	0.6778903538	98.76059811	0.7276095858	0.5117923081				43.66113616	54.84131265	1.497551188	43.36164434	51.06106018	5.577295482				-640.2937007	0.6778903538	-7153.57525847433	
637.7337007	81	18	1	1	0.6775358564	98.79003864	0.7070166079	0.5029447517				43.66113616	54.84131265	1.497551188	43.36164434	51.06106018	5.577295482				-637.7337007	0.6775358564	-7292.37084485963	
635.1737007	81	18	1	1	0.67718812	98.81895372	0.6868723451	0.4941739336				43.66113616	54.84131265	1.497551188	43.36164434	51.06106018	5.577295482				-635.1737007	0.67718812	-7434.47905916607	
632.6137007	81	18	1	1	0.6768470445	98.84734981	0.6671697481	0.4854804399				43.66113616	54.84131265	1.497551188	43.36164434	51.06106018	5.577295482				-632.6137007	0.6768470445	-7580.00810683504	
630.0537007	81	18	1	1	0.6765125315	98.8752333	0.6479018633	0.4768648356				43.66113616	54.84131265	1.497551188	43.36164434	51.06106018	5.577295482				-630.0537007	0.6765125315	-7729.06685255712	
627.4937007	81	18	1	1	0.6761844839	98.90261051	0.6290618295	0.4683276643				43.66113616	54.84131265	1.497551188	43.36164434	51.06106018	5.577295482				-627.4937007	0.6761844839	-7881.77219395519	
624.9337007	81	18	1	1	0.6758628065	98.92948768	0.6106428756	0.4598694491				43.66113616	54.84131265	1.497551188	43.36164434	51.06106018	5.577295482				-624.9337007	0.6758628065	-8038.24900617646	
622.3737007	81	18	1	1	0.6755474056	98.95587099	0.5926383175	0.4514906921				43.66113616	54.84131265	1.497551188	43.36164434	51.06106018	5.577295482				-622.3737007	0.6755474056	-8198.61972058791	
619.8137007	81	18	1	1	0.6752381887	98.98176657	0.5750415562	0.4431918749				43.66113616	54.84131265	1.497551188	43.36164434	51.06106018	5.577295482				-619.8137007	0.6752381887	-8363.01423239389	
617.2537007	81	18	1	1	0.6749350649	99.00718047	0.5578460745	0.4349734588				43.66113616	54.84131265	1.497551188	43.36164434	51.06106018	5.577295482				-617.2537007	0.6749350649	-8531.57132485142	
614.6937007	81	18	1	1	0.6746379447	99.03211868	0.5410454358	0.4268358847				43.66113616	54.84131265	1.497551188	43.36164434	51.06106018	5.577295482				-614.6937007	0.6746379447	-8704.43109009728	
612.1337007	81	18	1	1	0.6743467398	99.05658715	0.524633281	0.4187795731				43.66113616	54.84131265	1.497551188	43.36164434	51.06106018	5.577295482				-612.1337007	0.6743467398	-8881.73744252704	
609.5737007	81	18	1	1	0.6740613631	99.08059175	0.508603327	0.4108049249				43.66113616	54.84131265	1.497551188	43.36164434	51.06106018	5.577295482				-609.5737007	0.6740613631	-9063.64605659245	
607.0137007	81	18	1	1	0.673781729	99.10413831	0.4929493642	0.4029123208				43.66113616	54.84131265	1.497551188	43.36164434	51.06106018	5.577295482				-607.0137007	0.673781729	-9250.31500384732	
604.4537007	81	18	1	1	0.6735077528	99.12723262	0.4776652553	0.3951021218				43.66113616	54.84131265	1.497551188	43.36164434	51.06106018	5.577295482				-604.4537007	0.6735077528	-9441.90904564151	
601.8937007	81	18	1	1	0.6732393512	99.1498804	0.4627449327	0.3873746692				43.66113616	54.84131265	1.497551188	43.36164434	51.06106018	5.577295482				-601.8937007	0.6732393512	-9638.6020933594	
599.3337007	81	18	1	1	0.6729764419	99.17208732	0.4481823974	0.3797302848				43.66113616	54.84131265	1.497551188	43.36164434	51.06106018	5.577295482				-599.3337007	0.6729764419	-9840.57346945613	
596.7737007	81	18	1	1	0.6727189438	99.19385901	0.4339717171	0.3721692708				43.66113616	54.84131265	1.497551188	43.36164434	51.06106018	5.577295482				-596.7737007	0.6727189438	-10048.0068266429	
594.2137007	81	18	1	1	0.6724667766	99.21520107	0.4201070247	0.3646919102				43.66113616	54.84131265	1.497551188	43.36164434	51.06106018	5.577295482				-594.2137007	0.6724667766	-10261.0950911914	
591.6537007	81	18	1	1	0.6722198612	99.23611902	0.4065825168	0.3572984666				43.66113616	54.84131265	1.497551188	43.36164434	51.06106018	5.577295482				-591.6537007	0.6722198612	-10480.0486637065	
589.0937007	81	18	1	1	0.6719781197	99.25661836	0.3933924523	0.3499891846				43.66113616	54.84131265	1.497551188	43.36164434	51.06106018	5.577295482				-589.0937007	0.6719781197	-10705.0728775545	
586.5337007	81	18	1	1	0.6717414747	99.27670456	0.3805311511	0.3427642896				43.66113616	54.84131265	1.497551188	43.36164434	51.06106018	5.577295482				-586.5337007	0.6717414747	-10936.3861278814	
583.9737007	81	18	1	1	0.6715098501	99.29638302	0.3679929927	0.3356239881				43.66113616	54.84131265	1.497551188	43.36164434	51.06106018	5.577295482				-583.9737007	0.6715098501	-11174.2232308223	
581.4137007	81	18	1	1	0.6712831706	99.31565912	0.3557724155	0.3285684675				43.66113616	54.84131265	1.497551188	43.36164434	51.06106018	5.577295482				-581.4137007	0.6712831706	-11418.8216326359	
578.8537007	81	18	1	1	0.6710613618	99.33453819	0.3438639148	0.3215978968				43.66113616	54.84131265	1.497551188	43.36164434	51.06106018	5.577295482				-578.8537007	0.6710613618	-11670.4298701649	
576.2937007	81	18	1	1	0.6708443501	99.35302553	0.3322620427	0.3147124258				43.66113616	54.84131265	1.497551188	43.36164434	51.06106018	5.577295482				-576.2937007	0.6708443501	-11929.3087061268	
573.7337007	81	18	1	1	0.6706320628	99.37112641	0.3209614063	0.3079121859				43.66113616	54.84131265	1.497551188	43.36164434	51.06106018	5.577295482				-573.7337007	0.6706320628	-12195.7314327134	
571.1737007	81	18	1	1	0.670424428	99.38884604	0.3099566674	0.3011972898				43.66113616	54.84131265	1.497551188	43.36164434	51.06106018	5.577295482				-571.1737007	0.670424428	-12469.9851677885	
568.6137007	81	18	1	1	0.6702213747	99.40618963	0.2992425412	0.2945678319				43.66113616	54.84131265	1.497551188	43.36164434	51.06106018	5.577295482				-568.6137007	0.6702213747	-12752.3579574789	
566.0537007	81	18	1	1	0.6700228323	99.42316232	0.2888137955	0.288023888				43.66113616	54.84131265	1.497551188	43.36164434	51.06106018	5.577295482				-566.0537007	0.6700228323	-13043.166171553	
563.4937007	81	18	1	1	0.6698287315	99.43976923	0.27866525	0.2815655154				43.66113616	54.84131265	1.497551188	43.36164434	51.06106018	5.577295482				-563.4937007	0.6698287315	-13342.7362391738	
560.9337007	81	18	1	1	0.6696390033	99.45601547	0.2687917759	0.2751927532				43.66113616	54.84131265	1.497551188	43.36164434	51.06106018	5.577295482				-560.9337007	0.6696390033	-13651.402895392	
558.3737007	81	18	1	1	0.6694535797	99.47190608	0.2591882946	0.2689056224				43.66113616	54.84131265	1.497551188	43.36164434	51.06106018	5.577295482				-558.3737007	0.6694535797	-13969.5223929213	
555.8137007	81	18	1	1	0.6692723932	99.4874461	0.2498497775	0.2627041257				43.66113616	54.84131265	1.497551188	43.36164434	51.06106018	5.577295482				-555.8137007	0.6692723932	-14297.4582486674	
553.2537007	81	18	1	1	0.669095377	99.50264051	0.2407712453	0.2565882475				43.66113616	54.84131265	1.497551188	43.36164434	51.06106018	5.577295482				-553.2537007	0.669095377	-14635.6121911139	
550.6937007	81	18	1	1	0.6689224653	99.51749428	0.2319477676	0.2505579543				43.66113616	54.84131265	1.497551188	43.36164434	51.06106018	5.577295482				-550.6937007	0.6689224653	-14984.3792843562	
548.1337007	81	18	1	1	0.6687535924	99.53201234	0.223374462	0.2446131947				43.66113616	54.84131265	1.497551188	43.36164434	51.06106018	5.577295482				-548.1337007	0.6687535924	-15344.186244841	
545.5737007	81	18	1	1	0.6685886938	99.54619961	0.2150464942	0.2387538991				43.66113616	54.84131265	1.497551188	43.36164434	51.06106018	5.577295482				-545.5737007	0.6685886938	-15715.4815678593	
543.0137007	81	18	1	1	0.6684277052	99.56006094	0.2069590774	0.2329799802				43.66113616	54.84131265	1.497551188	43.36164434	51.06106018	5.577295482				-543.0137007	0.6684277052	-16098.7257824288	
540.4537007	81	18	1	1	0.6682705632	99.5736012	0.1991074717	0.2272913327				43.66113616	54.84131265	1.497551188	43.36164434	51.06106018	5.577295482				-540.4537007	0.6682705632	-16494.4094260043	
537.8937007	81	18	1	1	0.6681172048	99.58682518	0.1914869839	0.2216878336				43.66113616	54.84131265	1.497551188	43.36164434	51.06106018	5.577295482				-537.8937007	0.6681172048	-16903.0451300869	
535.3337007	81	18	1	1	0.6679675678	99.59973769	0.1840929675	0.2161693422				43.66113616	54.84131265	1.497551188	43.36164434	51.06106018	5.577295482				-535.3337007	0.6679675678	-17325.1756214465	
532.7737007	81	18	1	1	0.6678215905	99.61234348	0.176920822	0.2107357				43.66113616	54.84131265	1.497551188	43.36164434	51.06106018	5.577295482				-532.7737007	0.6678215905	-17761.3546905587	
530.2137007	81	18	1	1	0.6676792117	99.62464728	0.169965993	0.205386731				43.66113616	54.84131265	1.497551188	43.36164434	51.06106018	5.577295482				-530.2137007	0.6676792117	-18212.1698627938	
527.6537007	81	18	1	1	0.6675403708	99.63665379	0.1632239718	0.2001222415				43.66113616	54.84131265	1.497551188	43.36164434	51.06106018	5.577295482				-527.6537007	0.6675403708	-18678.2593043033	
525.0937007	81	18	1	1	0.667405008	99.64836768	0.1566902956	0.1949420202				43.66113616	54.84131265	1.497551188	43.36164434	51.06106018	5.577295482				-525.0937007	0.667405008	-19160.2580299552	
522.5337007	81	18	1	1	0.6672730636	99.65979361	0.1503605468	0.1898458387				43.66113616	54.84131265	1.497551188	43.36164434	51.06106018	5.577295482				-522.5337007	0.6672730636	-19658.8446819164	
519.9737007	81	18	1	1	0.6671444788	99.6709362	0.1442303534	0.1848334509				43.66113616	54.84131265	1.497551188	43.36164434	51.06106018	5.577295482				-519.9737007	0.6671444788	-20174.7595680782	
517.4137007	81	18	1	1	0.6670191953	99.68180002	0.1382953888	0.1799045933				43.66113616	54.84131265	1.497551188	43.36164434	51.06106018	5.577295482				-517.4137007	0.6670191953	-20708.7361035804	
514.8537007	81	18	1	1	0.6668971551	99.69238964	0.1325513718	0.1750589852				43.66113616	54.84131265	1.497551188	43.36164434	51.06106018	5.577295482				-514.8537007	0.6668971551	-21261.5724101141	
512.2937007	81	18	1	1	0.666778301	99.7027096	0.1269940664	0.1702963287				43.66113616	54.84131265	1.497551188	43.36164434	51.06106018	5.577295482				-512.2937007	0.666778301	-21834.1147052972	
509.7337007	81	18	1	1	0.6666625762	99.71276441	0.1216192819	0.1656163088				43.66113616	54.84131265	1.497551188	43.36164434	51.06106018	5.577295482				-509.7337007	0.6666625762	-22427.2293553173	
507.1737007	81	18	1	1	0.6665499244	99.72255853	0.1164228732	0.1610185931				43.66113616	54.84131265	1.497551188	43.36164434	51.06106018	5.577295482				-507.1737007	0.6665499244	-23041.847767898	
504.6137007	81	18	1	1	0.6664402899	99.73209643	0.1114007415	0.1565028329				43.66113616	54.84131265	1.497551188	43.36164434	51.06106018	5.577295482				-504.6137007	0.6664402899	-23678.9284820096	
502.0537007	81	18	1	1	0.6663336173	99.74138251	0.1065488306	0.152068661				43.66113616	54.84131265	1.497551188	43.36164434	51.06106018	5.577295482				-502.0537007	0.6663336173	-24339.5075477595	
499.4937007	81	18	1	1	0.666229852	99.75042117	0.101863133	0.1477156947				43.66113616	54.84131265	1.497551188	43.36164434	51.06106018	5.577295482				-499.4937007	0.666229852	-25024.6728188099	
496.9337007	81	18	1	1	0.6661289397	99.75921678	0.09733968594	0.143443534				43.66113616	54.84131265	1.497551188	43.36164434	51.06106018	5.577295482				-496.9337007	0.6661289397	-25735.5528876864	
494.3737007	81	18	1	1	0.6660308267	99.76777367	0.09297457248	0.1392517622				43.66113616	54.84131265	1.497551188	43.36164434	51.06106018	5.577295482				-494.3737007	0.6660308267	-26473.3320322702	
491.8137007	81	18	1	1	0.6659354596	99.77609613	0.0887639219	0.135139946				43.66113616	54.84131265	1.497551188	43.36164434	51.06106018	5.577295482				-491.8137007	0.6659354596	-27239.2928061147	
489.2537007	81	18	1	1	0.6658427858	99.78418846	0.08470390968	0.1311076352				43.66113616	54.84131265	1.497551188	43.36164434	51.06106018	5.577295482				-489.2537007	0.6658427858	-28034.7675346081	
486.6937007	81	18	1	1	0.6657527529	99.79205488	0.08079075777	0.1271543635				43.66113616	54.84131265	1.497551188	43.36164434	51.06106018	5.577295482				-486.6937007	0.6657527529	-28861.173705281	
484.1337007	81	18	1	1	0.6656653093	99.79969962	0.07702073479	0.123279648				43.66113616	54.84131265	1.497551188	43.36164434	51.06106018	5.577295482				-484.1337007	0.6656653093	-29719.9981370803	
481.5737007	81	18	1	1	0.6655804036	99.80712685	0.07339015622	0.1194829895				43.66113616	54.84131265	1.497551188	43.36164434	51.06106018	5.577295482				-481.5737007	0.6655804036	-30612.7854405064	
479.0137007	81	18	1	1	0.665497985	99.81434074	0.06989538467	0.1157638726				43.66113616	54.84131265	1.497551188	43.36164434	51.06106018	5.577295482				-479.0137007	0.665497985	-31541.2361525047	
476.4537007	81	18	1	1	0.6654180033	99.8213454	0.06653283011	0.1121217659				43.66113616	54.84131265	1.497551188	43.36164434	51.06106018	5.577295482				-476.4537007	0.6654180033	-32507.090488034	
473.8937007	81	18	1	1	0.6653404086	99.82814493	0.06329895011	0.1085561221				43.66113616	54.84131265	1.497551188	43.36164434	51.06106018	5.577295482				-473.8937007	0.6653404086	-33512.1701258864	
471.3337007	81	18	1	1	0.6652651515	99.83474337	0.06019025009	0.1050663779				43.66113616	54.84131265	1.497551188	43.36164434	51.06106018	5.577295482				-471.3337007	0.6652651515	-34558.5136169905	
468.7737007	81	18	1	1	0.6651921834	99.84114476	0.0572032836	0.1016519543				43.66113616	54.84131265	1.497551188	43.36164434	51.06106018	5.577295482				-468.7737007	0.6651921834	-35648.2054764156	
466.2137007	81	18	1	1	0.6651214559	99.84735309	0.05433465262	0.09831225692				43.66113616	54.84131265	1.497551188	43.36164434	51.06106018	5.577295482				-466.2137007	0.6651214559	-36783.3598773017	
463.6537007	81	18	1	1	0.665052921	99.85337232	0.05158100774	0.09504667579				43.66113616	54.84131265	1.497551188	43.36164434	51.06106018	5.577295482				-463.6537007	0.665052921	-37966.3698740093	
461.0937007	81	18	1	1	0.6649865315	99.85920637	0.04893904855	0.09185458572				43.66113616	54.84131265	1.497551188	43.36164434	51.06106018	5.577295482				-461.0937007	0.6649865315	-39199.7690448449	
458.5337007	81	18	1	1	0.6649222406	99.86485913	0.04640552382	0.08873534644				43.66113616	54.84131265	1.497551188	43.36164434	51.06106018	5.577295482				-458.5337007	0.6649222406	-40486.1007180974	
455.9737007	81	18	1	1	0.6648600018	99.87033447	0.04397723182	0.08568830273				43.66113616	54.84131265	1.497551188	43.36164434	51.06106018	5.577295482				-455.9737007	0.6648600018	-41828.1571082412	
453.4137007	81	18	1	1	0.6647997693	99.87563619	0.04165102063	0.08271278461				43.66113616	54.84131265	1.497551188	43.36164434	51.06106018	5.577295482				-453.4137007	0.6647997693	-43229.000317387	
450.8537007	81	18	1	1	0.6647414979	99.8807681	0.03942378831	0.07980810755				43.66113616	54.84131265	1.497551188	43.36164434	51.06106018	5.577295482				-450.8537007	0.6647414979	-44691.4503424321	
448.2937007	81	18	1	1	0.664685142	99.88573394	0.03729248317	0.07697357254				43.66113616	54.84131265	1.497551188	43.36164434	51.06106018	5.577295482				-448.2937007	0.664685142	-46219.2874338146	
445.7337007	81	18	1	1	0.6646306584	99.89053743	0.03525410441	0.0742084667				43.66113616	54.84131265	1.497551188	43.36164434	51.06106018	5.577295482				-445.7337007	0.6646306584	-47816.1768745538	
443.1737007	81	18	1	1	0.6645780029	99.89518224	0.0333057017	0.07151206293				43.66113616	54.84131265	1.497551188	43.36164434	51.06106018	5.577295482				-443.1737007	0.6645780029	-49485.3848603794	
440.6137007	81	18	1	1	0.664527132	99.899672	0.03144437593	0.0688836205				43.66113616	54.84131265	1.497551188	43.36164434	51.06106018	5.577295482				-440.6137007	0.664527132	-51231.1310914475	
438.0537007	81	18	1	1	0.664478003	99.90401034	0.02966727926	0.06632238522				43.66113616	54.84131265	1.497551188	43.36164434	51.06106018	5.577295482				-438.0537007	0.664478003	-53057.7719633016	
435.4937007	81	18	1	1	0.6644305736	99.90820079	0.02797161542	0.06382758967				43.66113616	54.84131265	1.497551188	43.36164434	51.06106018	5.577295482				-435.4937007	0.6644305736	-54969.8057080578	
432.9337007	81	18	1	1	0.664384802	99.91224691	0.02635463987	0.06139845346				43.66113616	54.84131265	1.497551188	43.36164434	51.06106018	5.577295482				-432.9337007	0.664384802	-56972.13409093	
430.3737007	81	18	1	1	0.664340647	99.91615216	0.02481366003	0.05903418353				43.66113616	54.84131265	1.497551188	43.36164434	51.06106018	5.577295482				-430.3737007	0.664340647	-59069.9804307766	
427.8137007	81	18	1	1	0.6642980679	99.91991999	0.02334603546	0.0567339744				43.66113616	54.84131265	1.497551188	43.36164434	51.06106018	5.577295482				-427.8137007	0.6642980679	-61268.8537244937	
425.2537007	81	18	1	1	0.6642570245	99.92355381	0.02194917799	0.0544970085				43.66113616	54.84131265	1.497551188	43.36164434	51.06106018	5.577295482				-425.2537007	0.6642570245	-63574.6230741821	
422.6937007	81	18	1	1	0.6642174771	99.92705699	0.02062055195	0.05232245646				43.66113616	54.84131265	1.497551188	43.36164434	51.06106018	5.577295482				-422.6937007	0.6642174771	-65993.725478816	
420.1337007	81	18	1	1	0.6641793867	99.93043285	0.0193576742	0.05020947746				43.66113616	54.84131265	1.497551188	43.36164434	51.06106018	5.577295482				-420.1337007	0.6641793867	-68532.9406235371	
417.5737007	81	18	1	1	0.6641427147	99.93368467	0.01815811435	0.0481572195				43.66113616	54.84131265	1.497551188	43.36164434	51.06106018	5.577295482				-417.5737007	0.6641427147	-71199.2424091699	
415.0137007	81	18	1	1	0.6641074229	99.93681569	0.01701949475	0.04616481985				43.66113616	54.84131265	1.497551188	43.36164434	51.06106018	5.577295482				-415.0137007	0.6641074229	-74000.7140413218	
412.4537007	81	18	1	1	0.6640734741	99.9398291	0.01593949064	0.04423140533				43.66113616	54.84131265	1.497551188	43.36164434	51.06106018	5.577295482				-412.4537007	0.6640734741	-76945.4938127668	
409.8937007	81	18	1	1	0.6640408311	99.94272808	0.01491583012	0.0423560927				43.66113616	54.84131265	1.497551188	43.36164434	51.06106018	5.577295482				-409.8937007	0.6640408311	-80042.4458539465	
407.3337007	81	18	1	1	0.6640094577	99.94551572	0.01394629423	0.04053798911				43.66113616	54.84131265	1.497551188	43.36164434	51.06106018	5.577295482				-407.3337007	0.6640094577	-83301.143503497	
404.7737007	81	18	1	1	0.6639793179	99.94819509	0.01302871689	0.0387761924				43.66113616	54.84131265	1.497551188	43.36164434	51.06106018	5.577295482				-404.7737007	0.6639793179	-86731.8919750575	
402.2137007	81	18	1	1	0.6639503766	99.95076922	0.01216098493	0.03706979163				43.66113616	54.84131265	1.497551188	43.36164434	51.06106018	5.577295482				-402.2137007	0.6639503766	-90345.4178561951	
399.6537007	81	18	1	1	0.6639225988	99.95324109	0.01134103793	0.0354178674				43.66113616	54.84131265	1.497551188	43.36164434	51.06106018	5.577295482				-399.6537007	0.6639225988	-94153.7664925786	
397.0937007	81	18	1	1	0.6638959506	99.95561364	0.01056686824	0.0338194924				43.66113616	54.84131265	1.497551188	43.36164434	51.06106018	5.577295482				-397.0937007	0.6638959506	-98169.8503321286	
394.5337007	81	18	1	1	0.6638703983	99.95788975	0.009836520746	0.03227373178				43.66113616	54.84131265	1.497551188	43.36164434	51.06106018	5.577295482				-394.5337007	0.6638703983	-102407.029705392	
391.9737007	81	18	1	1	0.6638459089	99.96007226	0.009148092812	0.03077964367				43.66113616	54.84131265	1.497551188	43.36164434	51.06106018	5.577295482				-391.9737007	0.6638459089	-106879.88534043	
389.4137007	81	18	1	1	0.6638224498	99.96216399	0.008499734031	0.02933627966				43.66113616	54.84131265	1.497551188	43.36164434	51.06106018	5.577295482				-389.4137007	0.6638224498	-111604.474590615	
386.8537007	81	18	1	1	0.6637999892	99.96416767	0.007889646031	0.02794268528				43.66113616	54.84131265	1.497551188	43.36164434	51.06106018	5.577295482				-386.8537007	0.6637999892	-116597.989416705	
384.2937007	81	18	1	1	0.6637784957	99.96608602	0.007316082222	0.02659790052				43.66113616	54.84131265	1.497551188	43.36164434	51.06106018	5.577295482				-384.2937007	0.6637784957	-121878.571392088	
381.7337007	81	18	1	1	0.6637579385	99.96792169	0.006777347509	0.02530096038				43.66113616	54.84131265	1.497551188	43.36164434	51.06106018	5.577295482				-381.7337007	0.6637579385	-127466.983049736	
379.1737007	81	18	1	1	0.6637382876	99.96967731	0.006271797973	0.02405089535				43.66113616	54.84131265	1.497551188	43.36164434	51.06106018	5.577295482				-379.1737007	0.6637382876	-133383.896874205	
376.6137007	81	18	1	1	0.6637195131	99.97135543	0.00579784052	0.02284673204				43.66113616	54.84131265	1.497551188	43.36164434	51.06106018	5.577295482				-376.6137007	0.6637195131	-139653.105140808	
374.0537007	81	18	1	1	0.6637015862	99.97295857	0.00535393249	0.02168749365				43.66113616	54.84131265	1.497551188	43.36164434	51.06106018	5.577295482				-374.0537007	0.6637015862	-146299.762260725	
371.4937007	81	18	1	1	0.6636844782	99.97448922	0.004938581237	0.02057220061				43.66113616	54.84131265	1.497551188	43.36164434	51.06106018	5.577295482				-371.4937007	0.6636844782	-153351.43000523	
368.9337007	81	18	1	1	0.6636681614	99.97594979	0.004550343668	0.01949987116				43.66113616	54.84131265	1.497551188	43.36164434	51.06106018	5.577295482				-368.9337007	0.6636681614	-160837.764494159	
366.3737007	81	18	1	1	0.6636526083	99.97734265	0.004187825752	0.01846952191				43.66113616	54.84131265	1.497551188	43.36164434	51.06106018	5.577295482				-366.3737007	0.6636526083	-168790.559540517	
363.8137007	81	18	1	1	0.6636377922	99.97867015	0.003849681993	0.01748016846				43.66113616	54.84131265	1.497551188	43.36164434	51.06106018	5.577295482				-363.8137007	0.6636377922	-177245.533508854	
361.2537007	81	18	1	1	0.6636236869	99.97993456	0.003534614863	0.01653082604				43.66113616	54.84131265	1.497551188	43.36164434	51.06106018	5.577295482				-361.2537007	0.6636236869	-186239.943203519	
358.6937007	81	18	1	1	0.6636102667	99.98113812	0.00324137421	0.01562051011				43.66113616	54.84131265	1.497551188	43.36164434	51.06106018	5.577295482				-358.6937007	0.6636102667	-195817.358573378	
356.1337007	81	18	1	1	0.6635975068	99.98228301	0.002968756624	0.01474823698				43.66113616	54.84131265	1.497551188	43.36164434	51.06106018	5.577295482				-356.1337007	0.6635975068	-206020.77929596	
353.5737007	81	18	1	1	0.6635853824	99.98337137	0.002715604772	0.01391302451				43.66113616	54.84131265	1.497551188	43.36164434	51.06106018	5.577295482				-353.5737007	0.6635853824	-216899.977075042	
351.0137007	81	18	1	1	0.6635738698	99.9844053	0.002480806703	0.01311389267				43.66113616	54.84131265	1.497551188	43.36164434	51.06106018	5.577295482				-351.0137007	0.6635738698	-228510.62947857	
348.4537007	81	18	1	1	0.6635629456	99.98538684	0.002263295114	0.01234986426				43.66113616	54.84131265	1.497551188	43.36164434	51.06106018	5.577295482				-348.4537007	0.6635629456	-240911.152595465	
345.8937007	81	18	1	1	0.6635525871	99.98631799	0.002062046596	0.01161996555				43.66113616	54.84131265	1.497551188	43.36164434	51.06106018	5.577295482				-345.8937007	0.6635525871	-254162.799801631	
343.3337007	81	18	1	1	0.6635427718	99.98720069	0.001876080836	0.01092322694				43.66113616	54.84131265	1.497551188	43.36164434	51.06106018	5.577295482				-343.3337007	0.6635427718	-268339.260681382	
340.7737007	81	18	1	1	0.6635334783	99.98803686	0.001704459799	0.01025868361				43.66113616	54.84131265	1.497551188	43.36164434	51.06106018	5.577295482				-340.7737007	0.6635334783	-283519.701720589	
338.2137007	81	18	1	1	0.6635246854	99.98882834	0.00154628688	0.009625376216				43.66113616	54.84131265	1.497551188	43.36164434	51.06106018	5.577295482				-338.2137007	0.6635246854	-299785.414015608	
335.6537007	81	18	1	1	0.6635163725	99.98957694	0.001400706031	0.009022351546				43.66113616	54.84131265	1.497551188	43.36164434	51.06106018	5.577295482				-335.6537007	0.6635163725	-317229.122958629	
333.0937007	81	18	1	1	0.6635085195	99.99028444	0.001266900856	0.008448663181				43.66113616	54.84131265	1.497551188	43.36164434	51.06106018	5.577295482				-333.0937007	0.6635085195	-335958.283078281	
330.5337007	81	18	1	1	0.6635011071	99.99095253	0.001144093686	0.007903372173				43.66113616	54.84131265	1.497551188	43.36164434	51.06106018	5.577295482				-330.5337007	0.6635011071	-356086.233049824	
327.9737007	81	18	1	1	0.6634941163	99.99158291	0.001031544638	0.007385547704				43.66113616	54.84131265	1.497551188	43.36164434	51.06106018	5.577295482				-327.9737007	0.6634941163	-377735.009631737	
325.4137007	81	18	1	1	0.6634875287	99.99217718	0.0009285506406	0.00689426775				43.66113616	54.84131265	1.497551188	43.36164434	51.06106018	5.577295482				-325.4137007	0.6634875287	-401039.611388016	
322.8537007	81	18	1	1	0.6634813263	99.99273694	0.000834444452	0.006428619733				43.66113616	54.84131265	1.497551188	43.36164434	51.06106018	5.577295482				-322.8537007	0.6634813263	-426158.140992332	
320.2937007	81	18	1	1	0.6634754919	99.99326371	0.0007485936532	0.005987701175				43.66113616	54.84131265	1.497551188	43.36164434	51.06106018	5.577295482				-320.2937007	0.6634754919	-453260.312180249	
317.7337007	81	18	1	1	0.6634700086	99.99375898	0.0006703996304	0.005570620335				43.66113616	54.84131265	1.497551188	43.36164434	51.06106018	5.577295482				-317.7337007	0.6634700086	-482530.197109228	
315.1737007	81	18	1	1	0.6634648601	99.99422421	0.0005992965423	0.005176496844				43.66113616	54.84131265	1.497551188	43.36164434	51.06106018	5.577295482				-315.1737007	0.6634648601	-514173.064183191	
312.6137007	81	18	1	1	0.6634600305	99.99466079	0.0005347502764	0.004804462325				43.66113616	54.84131265	1.497551188	43.36164434	51.06106018	5.577295482				-312.6137007	0.6634600305	-548432.946112224	
310.0537007	81	18	1	1	0.6634555047	99.99507008	0.0004762573963	0.004453661				43.66113616	54.84131265	1.497551188	43.36164434	51.06106018	5.577295482				-310.0537007	0.6634555047	-585551.219222243	
307.4937007	81	18	1	1	0.6634512676	99.99545341	0.0004233440822	0.004123250288				43.66113616	54.84131265	1.497551188	43.36164434	51.06106018	5.577295482				-307.4937007	0.6634512676	-625822.90478386	
304.9337007	81	18	1	1	0.6634473051	99.99581203	0.0003755650654	0.003812401383				43.66113616	54.84131265	1.497551188	43.36164434	51.06106018	5.577295482				-304.9337007	0.6634473051	-669579.936214619	
302.3737007	81	18	1	1	0.6634436033	99.9961472	0.0003325025615	0.003520299819				43.66113616	54.84131265	1.497551188	43.36164434	51.06106018	5.577295482				-302.3737007	0.6634436033	-717014.511464427	
300	81	18	1	1	0.6634403917	99.99643805	0.0002964463941	0.003265508604				43.66113616	54.84131265	1.497551188	43.36164434	51.06106018	5.577295482				-300	0.6634403917	-761189.934944309	
