T	w(AL)	w(CU)	w(SI)	fs	fw(@FCC_A1)	w(AL@FCC_A1)	w(CU@FCC_A1)	w(SI@FCC_A1)	w(AL@LIQUID)	w(CU@LIQUID)	w(SI@LIQUID)	dwdT_L(AL@FCC_A1)	dwdT_L(CU@FCC_A1)	dwdT_L(SI@FCC_A1)	dwdT_L(AL@LIQUID)	dwdT_L(CU@LIQUID)	dwdT_L(SI@LIQUID)	-T	fw(@FCC_A1)_1	-T//fw(@FCC_A1)	
K	%	%	%	mole/mole	kg/kg	%	%	%	%	%	%	SI	SI	SI	SI	SI	SI				
910.9175113	94	4	2	0	0	99.39954691	0.3918939412	0.208559151	94	4	2	0.002575175276	-0.00172079539	-0.0008543798855	0.002575175276	-0.00172079539	-0.0008543798855	-910.9175113	0	20.9659889804768	
910.8975113	94	4	2	0.0009741025463	0.0009531464508	99.39900953	0.3922450078	0.2087454648	93.99484972	4.003441544	2.001708732	0.002574959389	-0.001720659813	-0.0008542995754	0	0	0	-910.8975113	0.0009531464508	21.0002796515792	
910.8775113	94	4	2	0.001946613007	0.001904739075	99.39847213	0.3925960861	0.208931781	93.98969988	4.006882816	2.003417309	0.002574784387	-0.001720553175	-0.000854231212	0	0	0	-910.8775113	0.001904739075	21.0337252064078	
910.8375113	94	4	2	0.003887105934	0.003803505784	99.39739728	0.3932982892	0.2093044275	93.9794013	4.013764649	2.006834048	0.002574392943	-0.001720317756	-0.0008540751866	0	0	0	-910.8375113	0.003803505784	21.0994980898116	
910.7575113	94	4	2	0.0077498406	0.007583228912	99.39524736	0.3947028719	0.2100497703	93.9588088	4.027525372	2.013665825	0.002573595102	-0.001719858549	-0.000853736553	0	0	0	-910.7575113	0.007583228912	21.2567590552026	
910.5975113	94	4	2	0.01537736341	0.01504702025	99.39094661	0.397512762	0.2115406268	93.91764256	4.055035167	2.027322278	0.002572064738	-0.001718838372	-0.000853226366	0	0	0	-910.5975113	0.01504702025	21.5846984850405	
910.2775113	94	4	2	0.03032639744	0.0296759095	99.38234145	0.4031354357	0.2145231189	93.83538505	4.110007463	2.054607491	0.00256893161	-0.00171686093	-0.0008520706801	0	0	0	-910.2775113	0.0296759095	22.1918600984431	
909.6375113	94	4	2	0.05900695729	0.05774516301	99.36511607	0.4143927105	0.2204912188	93.67117257	4.219761563	2.109065864	0.00256246409	-0.001712736769	-0.0008497273206	0	0	0	-909.6375113	0.05774516301	23.4655447622276	
908.3575113	94	4	2	0.1119605719	0.1095812189	99.3306022	0.436957419	0.2324403763	93.34397821	4.438493341	2.217528448	0.00254965721	-0.00170470497	-0.0008449522399	0	0	0	-908.3575113	0.1095812189	26.1654335525415	
905.7975113	94	4	2	0.2030445151	0.1987833527	99.26129789	0.4823076756	0.2563944347	92.69465633	4.87274995	2.432593724	0.002522620574	-0.001687542008	-0.0008350785664	0	0	0	-905.7975113	0.1987833527	31.9140718629145	
903.2375113	94	4	2	0.2785816072	0.2728097	99.19157939	0.5279901552	0.2804304512	92.05234436	5.302547661	2.645107979	0.002494613274	-0.001669672551	-0.000824940723	0	0	0	-903.2375113	0.2728097	38.0682874182355	
900.6775113	94	4	2	0.3422348803	0.335236464	99.1213924	0.5740497333	0.3045578681	91.41730801	5.727689202	2.85500279	0.002465852514	-0.0016512144	-0.0008146381145	0	0	0	-900.6775113	0.335236464	44.7606606975088	
898.1175113	94	4	2	0.3966068348	0.3886045611	99.05068282	0.6205307043	0.3287864792	90.78977045	6.148001092	3.062228455	0.00243624497	-0.001632085678	-0.0008041592924	0	0	0	-898.1175113	0.3886045611	51.982641535763	
895.5575113	94	4	2	0.4435966918	0.4347683648	98.97939683	0.6674767414	0.3531264315	90.16991514	6.56333193	3.266752926	0.002405967817	-0.001612387898	-0.0007935799191	0	0	0	-895.5575113	0.4347683648	59.7231846009176	
892.9975113	94	4	2	0.4846227955	0.4751128138	98.9074808	0.7149309344	0.377588262	89.55788803	6.97355104	3.468560935	0.002375174872	-0.001592207313	-0.0007829675593	0	0	0	-892.9975113	0.4751128138	67.9684102394326	
890.4375113	94	4	2	0.5207656415	0.5106930365	98.83488126	0.762935815	0.4021829226	88.9538003	7.378546744	3.667652961	0.002344002818	-0.001571619081	-0.0007723837371	0	0	0	-890.4375113	0.5106930365	76.7014510434335	
887.8775113	94	4	2	0.5528627253	0.5423269417	98.76154481	0.8115333895	0.4269218041	88.3577313	7.778224526	3.864044176	0.002312573884	-0.001550688987	-0.0007618848973	0	0	0	-887.8775113	0.5423269417	85.9023362759223	
885.3175113	94	4	2	0.5815731415	0.5706582816	98.68741806	0.8607651768	0.4518167613	87.76973149	8.172505125	4.05776339	0.002280997152	-0.001529474212	-0.00075152294	0	0	0	-885.3175113	0.5706582816	95.547918737959	
882.7575113	94	4	2	0.6074226224	0.5962006175	98.61244761	0.9106722495	0.4768801394	87.18982538	8.561322582	4.248852039	0.002249369363	-0.00150802375	-0.0007413456123	0	0	0	-882.7575113	0.5962006175	105.611841694942	
880.1975113	94	4	2	0.6308355944	0.6193686148	98.53657992	0.9612952763	0.5021248014	86.61801449	8.944622301	4.437363213	0.002217775546	-0.001486378687	-0.000731396859	0	0	0	-880.1975113	0.6193686148	116.064546954886	
877.6375113	94	4	2	0.6521584196	0.6405007318	98.45976128	1.012674562	0.5275641583	86.05428013	9.322359115	4.623360757	0.00218628963	-0.001464572451	-0.0007217171787	0	0	0	-877.6375113	0.6405007318	126.873329369066	
875.0775113	94	4	2	0.6716765271	0.6598759428	98.38193771	1.064850086	0.5532122016	85.49858615	9.694495399	4.806918454	0.002154975055	-0.001442631063	-0.0007123439916	0	0	0	-875.0775113	0.6598759428	138.002430556029	
872.5175113	94	4	2	0.6896272284	0.6777262504	98.30305493	1.117861534	0.5790835388	84.95088148	10.06099922	4.988119296	0.002123885411	-0.001420573387	-0.0007033120235	0	0	0	-872.5175113	0.6777262504	149.413178231244	
869.9575113	94	4	2	0.7062094367	0.6942461728	98.22305824	1.171748322	0.6051934332	84.41110259	10.42184257	5.167054847	0.00209306509	-0.001398411389	-0.0006946537008	0	0	0	-869.9575113	0.6942461728	161.0641692495	
867.3975113	94	4	2	0.721591127	0.7096000274	98.14189254	1.226549615	0.6315578468	83.87917568	10.77699961	5.343824714	0.002062549937	-0.001376150384	-0.0006863995537	0	0	0	-867.3975113	0.7096000274	172.91149267387	
864.8375113	94	4	2	0.7359151279	0.7239275853	98.05950218	1.282304328	0.658193488	83.35501884	11.12644505	5.518536114	0.002032367894	-0.001353789273	-0.0006785786206	0	0	0	-864.8375113	0.7239275853	184.908996166133	
862.2775113	94	4	2	0.7493036651	0.7373485064	97.97583102	1.339051118	0.6851178646	82.83854397	11.47015248	5.691303546	0.002002539615	-0.001331320762	-0.0006712188524	0	0	0	-862.2775113	0.7373485064	197.008591596566	
859.7175113	94	4	2	0.7618619576	0.7499658513	97.8908223	1.396828359	0.712349341	82.32965856	11.80809287	5.862248565	0.001973079058	-0.001308731544	-0.000664347514	0	0	0	-859.7175113	0.7499658513	209.160603467502	
857.1575113	94	4	2	0.7736810917	0.7618688859	97.80441871	1.455674093	0.7399072016	81.82826732	12.14023303	6.031499655	0.001943994031	-0.001286002453	-0.0006579915782	0	0	0	-857.1575113	0.7618688859	221.314147436621	
854.5975113	94	4	2	0.7848403338	0.7731353404	97.71656231	1.515625968	0.7678117202	81.33427369	12.4665341	6.199192211	0.001915286706	-0.001263108589	-0.0006521781168	0	0	0	-854.5975113	0.7731353404	233.417549822941	
852.0375113	94	4	2	0.7954090075	0.7838332408	97.62719462	1.576721141	0.7960842354	80.84758126	12.78695013	6.365468607	0.001886954074	-0.001240019394	-0.0006469346804	0	0	0	-852.0375113	0.7838332408	245.418792266939	
849.4775113	94	4	2	0.8054480267	0.7940224058	97.53625661	1.638996155	0.8247472323	80.36809499	13.10142664	6.53047837	0.001858988367	-0.001216698694	-0.0006422896737	0	0	0	-849.4775113	0.7940224058	257.265986341214	
846.9175113	94	4	2	0.8150111554	0.8037556763	97.44368878	1.702486785	0.8538244318	79.89572239	13.40989916	6.694378447	0.001831377431	-0.001193104709	-0.0006382727217	0	0	0	-846.9175113	0.8037556763	268.940910554383	
844.3575113	94	4	2	0.8241439986	0.8130777805	97.34943122	1.767227878	0.8833409033	79.4303744	13.71229197	6.857333632	0.001803865573	-0.001169023644	-0.0006348419287	0	0	0	-844.3575113	0.8130777805	280.322085169138	
841.7975113	94	4	2	0.8328932331	0.8220349465	97.25342396	1.833252929	0.9133231068	78.97196735	14.00851587	7.019516783	0.00177698644	-0.001144864107	-0.0006321223327	0	0	0	-841.7975113	0.8220349465	291.372072324654	
839.2375113	94	4	2	0.8412945238	0.8306621904	97.15560682	1.900594091	0.9437990858	78.52042232	14.29846805	7.181109629	0.001750401344	-0.001120275185	-0.000630126159	0	0	0	-839.2375113	0.8306621904	302.105149770653	
836.6775113	94	4	2	0.8493818586	0.8389930453	97.05591987	1.969281598	0.9747985355	78.0756671	14.58202964	7.342303263	0.001724074934	-0.001095187775	-0.0006288871591	0	0	0	-836.6775113	0.8389930453	312.444875063467	
834.1175113	94	4	2	0.857185826	0.8470577215	96.95430365	2.039343408	1.006352938	77.63763677	14.85906438	7.503298852	0.001697997921	-0.001069545493	-0.000628452428	0	0	0	-834.1175113	0.8470577215	322.351190375851	
831.5575113	94	4	2	0.8647340451	0.8548835234	96.85069961	2.110804698	1.038495692	77.20627441	15.12941718	7.664308416	0.001672128621	-0.001043267221	-0.0006288614002	0	0	0	-831.5575113	0.8548835234	331.787953888438	
828.9975113	94	4	2	0.8720515309	0.862495203	96.74505047	2.183687285	1.071262248	76.78153183	15.39291251	7.825555659	0.001646432661	-0.001016272337	-0.0006301603241	0	0	0	-828.9975113	0.862495203	340.723453993991	
826.4375113	94	4	2	0.8791610026	0.8699152576	96.63730081	2.258008943	1.104690247	76.36337026	15.64935288	7.987276859	0.0016208802	-0.0009884786358	-0.000632401564	0	0	0	-826.4375113	0.8699152576	349.130939786154	
823.8775113	94	4	2	0.8860831458	0.8771641804	96.52739772	2.333782614	1.138819661	75.95176092	15.89851729	8.149721785	0.001595416188	-0.0009597842406	-0.0006356319476	0	0	0	-823.8775113	0.8771641804	356.989111922256	
821.3175113	94	4	2	0.8928368325	0.8842606708	96.41529157	2.411015503	1.173692925	75.54668562	16.14015974	8.313154637	0.001570008936	-0.0009300973962	-0.0006399115401	0	0	0	-821.3175113	0.8842606708	364.282595457178	
818.7575113	94	4	2	0.899439307	0.8912218089	96.30093688	2.489708038	1.209355078	75.1481372	16.37400784	8.477854965	0.001544615888	-0.0008993157785	-0.0006453001099	0	0	0	-818.7575113	0.8912218089	371.002380425463	
816.1975113	94	4	2	0.9059063402	0.898063199	96.18429342	2.569852704	1.245853872	74.75611993	16.59976153	8.644118536	0.001519193347	-0.0008673329649	-0.0006518603825	0	0	0	-816.1975113	0.898063199	377.146217015885	
813.6375113	94	4	2	0.9122523568	0.9047990851	96.06532739	2.651432728	1.283239881	74.37064979	16.81709211	8.812258103	0.001493697002	-0.0008340394978	-0.000659657504	0	0	0	-813.6375113	0.9047990851	382.718970776855	
811.0775113	94	4	2	0.918490538	0.9114424412	95.94401281	2.734420622	1.321566573	73.99175456	17.02564143	8.982604007	0.001468082605	-0.0007993243592	-0.0006687582463	0	0	0	-811.0775113	0.9114424412	387.732887666214	
808.5175113	94	4	2	0.9246329027	0.9180050398	95.82033306	2.818776589	1.360890347	73.61947377	17.22502169	9.155504545	0.001442306821	-0.0007630769298	-0.0006792298917	0	0	0	-808.5175113	0.9180050398	392.207840200713	
805.9575113	94	4	2	0.930690368	0.9244974979	95.69428268	2.904446806	1.401270518	73.25385836	17.41481563	9.331326007	0.001416328289	-0.0007251895414	-0.0006911387473	0	0	0	-805.9575113	0.9244974979	396.17147060994	
803.3975113	94	4	2	0.9366727924	0.9309293059	95.56586915	2.991361605	1.442769244	72.89497013	17.59457759	9.51045228	0.001390108869	-0.0006855606728	-0.0007045481964	0	0	0	-803.3975113	0.9309293059	399.659224953924	
800.8375113	94	4	2	0.942589002	0.9373088386	95.43511504	3.079433603	1.48545136	72.54288066	17.76383546	9.693283875	0.001363615198	-0.0006440989163	-0.0007195162816	0	0	0	-800.8375113	0.9373088386	402.714316980224	
798.2775113	94	4	2	0.9484468036	0.943643352	95.30206005	3.168555829	1.529384117	72.19767004	17.9220937	9.880236263	0.001336820432	-0.0006007277065	-0.0007360927259	0	0	0	-798.2775113	0.943643352	405.387559202926	
795.7175113	94	4	2	0.9542529845	0.9499389675	95.16676325	3.258599946	1.574636804	71.85942485	18.06883781	10.07173735	0.001309706292	-0.000555390858	-0.0007543154342	0	0	0	-795.7175113	0.9499389675	407.737036698691	
793.1575113	94	4	2	0.9600133047	0.9562006483	95.02930513	3.349414654	1.621280219	71.52823575	18.20354031	10.26822394	0.001282265258	-0.0005080587959	-0.0007742064619	0	0	0	-793.1575113	0.9562006483	409.827601827778	
790.5975113	94	4	2	0.9657324821	0.9624321711	94.88978958	3.440824431	1.66938599	71.2041944	18.32566854	10.47013705	0.001254502911	-0.0004587353334	-0.0007957675776	0	0	0	-790.5975113	0.9624321711	411.730238981853	
788.0375113	94	4	2	0.9714141764	0.9686360974	94.74834553	3.532628744	1.719025727	70.88738969	18.4346943	10.67791602	0.001226440254	-0.0004074646833	-0.0008189755708	0	0	0	-788.0375113	0.9686360974	413.521172602899	
785.4775113	94	4	2	0.9770609768	0.9748137526	94.60512809	3.624601925	1.770269985	70.57790335	18.53010545	10.89199119	0.001198115859	-0.0003543382741	-0.0008437775845	0	0	0	-785.4775113	0.9748137526	415.280740464104	
782.9175113	94	4	2	0.9826743973	0.9809652177	94.46031905	3.716493875	1.823187072	70.27580507	18.61141946	11.11277547	0.001169587591	-0.0002995007833	-0.0008700868075	0	0	0	-782.9175113	0.9809652177	417.092078021035	
780.3575113	94	4	2	0.9882548873	0.9870893413	94.31412653	3.808031772	1.877841697	69.98114701	18.67819836	11.34065463	0.00114093371	-0.0002431547016	-0.0008977790085	0	0	0	-780.3575113	0.9870893413	419.039523650093	
777.7975113	94	4	2	0.993801863	0.9931837798	94.16678357	3.898922916	1.934293513	69.6939582	18.73006505	11.57597675	0.001112253027	-0.0001855626559	-0.0009266903709	0	0	0	-777.7975113	0.9931837798	421.206804157855	
775.2375113	94	4	2	0.9993137639	0.9992450712	94.01854561	3.988858783	1.992595602	69.4142389	18.76671983	11.81904127	0	0	0	0	0	0	-775.2375113	0.9992450712	421.889452367918	
775.0775113	94	4	2	0.9996585317	0.9996243435	94.00925298	3.994446269	1.996300756	69.3969966	18.76851798	11.83448542	0	0	0	0	0	0	-775.0775113	0.9996243435	423.543039434168	
774.9975113	94	4	2	0.9998298876	0.9998128541	94.00460861	3.997234521	1.998156869	69.38839123	18.76938306	11.84222572	0	0	0	0	0	0	-774.9975113	0.9998128541	423.913590127407	
774.9575113	94	4	2	0.9999157058	0.9999072649	94.00228581	3.998628652	1.999085541	69.38409058	18.76981139	11.84609803	0	0	0	0	0	0	-774.9575113	0.9999072649	424.238873620166	
774.9375113	94	4	2	0.99995853	0.9999543772	94.0011245	3.99932541	1.999550092	69.38194119	18.77002355	11.84803526	0	0	0	0	0	0	-774.9375113	0.9999543772	431.558752226643	
774.9175113	94	4	2	1	1	93.99999996	4.000000039	2.000000002				0	0	0				-774.9175113	1	438.377302576594	
774.9075113	94	4	2	1	1	93.9999997	4.000000269	2.00000003				0	0	0				-774.9075113	1	NaN	
774.8875113	94	4	2	1	1	94	4.000000001	2				0	0	0				-774.8875113	1	NaN	
774.8475113	94	4	2	1	1	94	3.999999999	2				0	0	0				-774.8475113	1	NaN	
774.7675113	94	4	2	1	1	94	4	2				0	0	0				-774.7675113	1	NaN	
774.6075113	94	4	2	1	1	94	4.000000001	2				0	0	0				-774.6075113	1	NaN	
774.2875113	94	4	2	1	1	94	4.000000003	2				0	0	0				-774.2875113	1	NaN	
773.6475113	94	4	2	1	1	93.99999998	4.000000013	2.000000002				0	0	0				-773.6475113	1	NaN	
772.3675113	94	4	2	1	1	93.99999994	4.000000054	2.000000007				0	0	0				-772.3675113	1	NaN	
769.8075113	94	4	2	1	1	93.99999975	4.000000219	2.000000027				0	0	0				-769.8075113	1	NaN	
767.2475113	94	4	2	1	1	93.99999967	4.000000297	2.000000036				0	0	0				-767.2475113	1	NaN	
764.6875113	94	4	2	1	1	93.99999966	4.000000301	2.000000037				0	0	0				-764.6875113	1	NaN	
762.1275113	94	4	2	1	1	93.99999966	4.000000306	2.000000038				0	0	0				-762.1275113	1	NaN	
759.5675113	94	4	2	1	1	93.99999965	4.00000031	2.000000038				0	0	0				-759.5675113	1	NaN	
757.0075113	94	4	2	1	1	93.99999965	4.000000315	2.000000039				0	0	0				-757.0075113	1	NaN	
754.4475113	94	4	2	1	1	93.99999964	4.00000032	2.00000004				0	0	0				-754.4475113	1	NaN	
751.8875113	94	4	2	1	1	93.99999963	4.000000325	2.00000004				0	0	0				-751.8875113	1	NaN	
749.3275113	94	4	2	1	1	93.99999963	4.00000033	2.000000041				0	0	0				-749.3275113	1	NaN	
746.7675113	94	4	2	1	1	93.99999962	4.000000335	2.000000042				0	0	0				-746.7675113	1	NaN	
744.2075113	94	4	2	1	1	93.99999962	4.000000341	2.000000043				0	0	0				-744.2075113	1	NaN	
741.6475113	94	4	2	1	1	93.99999961	4.000000346	2.000000044				0	0	0				-741.6475113	1	NaN	
739.0875113	94	4	2	1	1	93.9999996	4.000000352	2.000000044				0	0	0				-739.0875113	1	NaN	
736.5275113	94	4	2	1	1	93.9999996	4.000000357	2.000000045				0	0	0				-736.5275113	1	NaN	
733.9675113	94	4	2	1	1	93.99999959	4.000000363	2.000000046				0	0	0				-733.9675113	1	NaN	
731.4075113	94	4	2	1	1	93.99999958	4.000000369	2.000000047				0	0	0				-731.4075113	1	NaN	
728.8475113	94	4	2	1	1	93.99999958	4.000000375	2.000000048				0	0	0				-728.8475113	1	NaN	
726.2875113	94	4	2	1	1	93.99999957	4.000000381	2.000000049				0	0	0				-726.2875113	1	NaN	
723.7275113	94	4	2	1	1	93.99999956	4.000000388	2.00000005				0	0	0				-723.7275113	1	NaN	
721.1675113	94	4	2	1	1	93.99999956	4.000000394	2.000000051				0	0	0				-721.1675113	1	NaN	
718.6075113	94	4	2	1	1	93.99999955	4.000000401	2.000000052				0	0	0				-718.6075113	1	NaN	
716.0475113	94	4	2	1	1	93.99999954	4.000000407	2.000000053				0	0	0				-716.0475113	1	NaN	
713.4875113	94	4	2	1	1	93.99999953	4.000000414	2.000000054				0	0	0				-713.4875113	1	NaN	
710.9275113	94	4	2	1	1	93.99999952	4.000000421	2.000000055				0	0	0				-710.9275113	1	NaN	
708.3675113	94	4	2	1	1	93.99999952	4.000000429	2.000000056				0	0	0				-708.3675113	1	NaN	
705.8075113	94	4	2	1	1	93.99999951	4.000000436	2.000000057				0	0	0				-705.8075113	1	NaN	
703.2475113	94	4	2	1	1	93.9999995	4.000000443	2.000000058				0	0	0				-703.2475113	1	NaN	
700.6875113	94	4	2	1	1	93.99999949	4.000000451	2.000000059				0	0	0				-700.6875113	1	NaN	
698.1275113	94	4	2	1	1	93.99999948	4.000000459	2.00000006				0	0	0				-698.1275113	1	NaN	
695.5675113	94	4	2	1	1	93.99999947	4.000000467	2.000000062				0	0	0				-695.5675113	1	NaN	
693.0075113	94	4	2	1	1	93.99999946	4.000000475	2.000000063				0	0	0				-693.0075113	1	NaN	
690.4475113	94	4	2	1	1	93.99999945	4.000000484	2.000000064				0	0	0				-690.4475113	1	NaN	
687.8875113	94	4	2	1	1	93.99999944	4.000000492	2.000000065				0	0	0				-687.8875113	1	NaN	
685.3275113	94	4	2	1	1	93.99999943	4.000000501	2.000000067				0	0	0				-685.3275113	1	NaN	
682.7675113	94	4	2	1	1	93.99999942	4.00000051	2.000000068				0	0	0				-682.7675113	1	NaN	
680.2075113	94	4	2	1	1	93.99999941	4.00000052	2.00000007				0	0	0				-680.2075113	1	NaN	
677.6475113	94	4	2	1	1	93.9999994	4.000000529	2.000000071				0	0	0				-677.6475113	1	NaN	
675.0875113	94	4	2	1	1	93.99999939	4.000000539	2.000000073				0	0	0				-675.0875113	1	NaN	
672.5275113	94	4	2	1	1	93.99999938	4.000000549	2.000000074				0	0	0				-672.5275113	1	NaN	
669.9675113	94	4	2	1	1	93.99999937	4.000000559	2.000000076				0	0	0				-669.9675113	1	NaN	
667.4075113	94	4	2	1	1	93.99999935	4.00000057	2.000000077				0	0	0				-667.4075113	1	NaN	
664.8475113	94	4	2	1	1	93.99999934	4.00000058	2.000000079				0	0	0				-664.8475113	1	NaN	
662.2875113	94	4	2	1	1	93.99999933	4.000000591	2.000000081				0	0	0				-662.2875113	1	NaN	
659.7275113	94	4	2	1	1	93.99999932	4.000000603	2.000000082				0	0	0				-659.7275113	1	NaN	
657.1675113	94	4	2	1	1	93.9999993	4.000000615	2.000000084				0	0	0				-657.1675113	1	NaN	
654.6075113	94	4	2	1	1	93.99999929	4.000000627	2.000000086				0	0	0				-654.6075113	1	NaN	
652.0475113	94	4	2	1	1	93.99999927	4.000000639	2.000000088				0	0	0				-652.0475113	1	NaN	
649.4875113	94	4	2	1	1	93.99999926	4.000000651	2.00000009				0	0	0				-649.4875113	1	NaN	
646.9275113	94	4	2	1	1	93.99999924	4.000000664	2.000000092				0	0	0				-646.9275113	1	NaN	
644.3675113	94	4	2	1	1	93.99999923	4.000000677	2.000000094				0	0	0				-644.3675113	1	NaN	
641.8075113	94	4	2	1	1	93.99999921	4.00000069	2.000000096				0	0	0				-641.8075113	1	NaN	
639.2475113	94	4	2	1	1	93.9999992	4.000000704	2.000000098				0	0	0				-639.2475113	1	NaN	
636.6875113	94	4	2	1	1	93.99999918	4.000000717	2.000000101				0	0	0				-636.6875113	1	NaN	
634.1275113	94	4	2	1	1	93.99999917	4.000000731	2.000000103				0	0	0				-634.1275113	1	NaN	
631.5675113	94	4	2	1	1	93.99999915	4.000000745	2.000000105				0	0	0				-631.5675113	1	NaN	
629.0075113	94	4	2	1	1	93.99999913	4.000000759	2.000000107				0	0	0				-629.0075113	1	NaN	
626.4475113	94	4	2	1	1	93.99999912	4.000000772	2.00000011				0	0	0				-626.4475113	1	NaN	
623.8875113	94	4	2	1	1	93.9999991	4.000000785	2.000000112				0	0	0				-623.8875113	1	NaN	
621.3275113	94	4	2	1	1	93.99999909	4.000000797	2.000000115				0	0	0				-621.3275113	1	NaN	
618.7675113	94	4	2	1	1	93.99999908	4.000000806	2.000000117				0	0	0				-618.7675113	1	NaN	
616.2075113	94	4	2	1	1	93.99999913	4.000000748	2.000000118				0	0	0				-616.2075113	1	NaN	
613.6475113	94	4	2	1	1	93.99999911	4.000000765	2.000000121				0	0	0				-613.6475113	1	NaN	
611.0875113	94	4	2	1	1	93.99999909	4.000000783	2.000000124				0	0	0				-611.0875113	1	NaN	
608.5275113	94	4	2	1	1	93.99999907	4.000000801	2.000000127				0	0	0				-608.5275113	1	NaN	
605.9675113	94	4	2	1	1	93.99999905	4.00000082	2.00000013				0	0	0				-605.9675113	1	NaN	
603.4075113	94	4	2	1	1	93.99999903	4.00000084	2.000000133				0	0	0				-603.4075113	1	NaN	
600.8475113	94	4	2	1	1	93.99999892	4.000000944	2.000000139				0	0	0				-600.8475113	1	NaN	
598.2875113	94	4	2	1	1	93.99999888	4.000000978	2.000000143				0	0	0				-598.2875113	1	NaN	
595.7275113	94	4	2	1	1	93.99999884	4.000001009	2.000000147				0	0	0				-595.7275113	1	NaN	
593.1675113	94	4	2	1	1	93.99999881	4.000001038	2.000000151				0	0	0				-593.1675113	1	NaN	
590.6075113	94	4	2	1	1	93.99999878	4.000001068	2.000000155				0	0	0				-590.6075113	1	NaN	
588.0475113	94	4	2	1	1	93.99999874	4.000001097	2.000000159				0	0	0				-588.0475113	1	NaN	
585.4875113	94	4	2	1	1	93.99999871	4.000001127	2.000000163				0	0	0				-585.4875113	1	NaN	
582.9275113	94	4	2	1	1	93.99999868	4.000001157	2.000000168				0	0	0				-582.9275113	1	NaN	
580.3675113	94	4	2	1	1	93.99999864	4.000001188	2.000000172				0	0	0				-580.3675113	1	NaN	
577.8075113	94	4	2	1	1	93.9999986	4.00000122	2.000000177				0	0	0				-577.8075113	1	NaN	
575.2475113	94	4	2	1	1	93.99999857	4.000001253	2.000000182				0	0	0				-575.2475113	1	NaN	
572.6875113	94	4	2	1	1	93.99999853	4.000001287	2.000000187				0	0	0				-572.6875113	1	NaN	
570.1275113	94	4	2	1	1	93.99999849	4.000001322	2.000000192				0	0	0				-570.1275113	1	NaN	
567.5675113	94	4	2	1	1	93.99999845	4.000001358	2.000000197				0	0	0				-567.5675113	1	NaN	
565.0075113	94	4	2	1	1	93.9999984	4.000001395	2.000000203				0	0	0				-565.0075113	1	NaN	
562.4475113	94	4	2	1	1	93.99999836	4.000001433	2.000000209				0	0	0				-562.4475113	1	NaN	
559.8875113	94	4	2	1	1	93.99999831	4.000001473	2.000000214				0	0	0				-559.8875113	1	NaN	
557.3275113	94	4	2	1	1	93.99999826	4.000001514	2.000000221				0	0	0				-557.3275113	1	NaN	
554.7675113	94	4	2	1	1	93.99999822	4.000001557	2.000000227				0	0	0				-554.7675113	1	NaN	
552.2075113	94	4	2	1	1	93.99999816	4.000001601	2.000000234				0	0	0				-552.2075113	1	NaN	
549.6475113	94	4	2	1	1	93.99999811	4.000001647	2.000000241				0	0	0				-549.6475113	1	NaN	
547.0875113	94	4	2	1	1	93.99999806	4.000001695	2.000000248				0	0	0				-547.0875113	1	NaN	
544.5275113	94	4	2	1	1	93.999998	4.000001744	2.000000255				0	0	0				-544.5275113	1	NaN	
541.9675113	94	4	2	1	1	93.99999794	4.000001796	2.000000263				0	0	0				-541.9675113	1	NaN	
539.4075113	94	4	2	1	1	93.99999788	4.000001849	2.000000271				0	0	0				-539.4075113	1	NaN	
536.8475113	94	4	2	1	1	93.99999782	4.000001904	2.00000028				0	0	0				-536.8475113	1	NaN	
534.2875113	94	4	2	1	1	93.99999775	4.000001962	2.000000288				0	0	0				-534.2875113	1	NaN	
533.6475113	94	4	2	1	1	93.99999964	4.000000318	2.000000046				0	0	0				-533.6475113	1	NaN	
533.3275113	94	4	2	1	1	93.99999995	4.000000045	2.000000007				0	0	0				-533.3275113	1	NaN	
533.2475113	94	4	2	1	1	93.99999999	4.000000005	2.000000001				0	0	0				-533.2475113	1	NaN	
533.2075113	94	4	2	1	1	94	4.000000001	2				0	0	0				-533.2075113	1	NaN	
533.1875113	94	4	2	1	1	94	4	2				0	0	0				-533.1875113	1	0	
533.1675113	94	4	2	1	0.9979747614	94.08752336	3.909654749	2.002821893				0	0	0				-533.1675113	0.9979747614	-1686.23714014535	
533.1575113	94	4	2	1	0.9979688482	94.08778042	3.90938943	2.002830153				0	0	0				-533.1575113	0.9979688482	-1691.06498688675	
533.1375113	94	4	2	1	0.9979570204	94.08829401	3.908859181	2.002846813				0	0	0				-533.1375113	0.9979570204	-1691.12464371184	
533.0975113	94	4	2	1	0.9979333729	94.08932138	3.907798586	2.002880037				0	0	0				-533.0975113	0.9979333729	-1691.81739594455	
533.0175113	94	4	2	1	0.9978861036	94.09137557	3.905677956	2.002946472				0	0	0				-533.0175113	0.9978861036	-1693.04434989499	
532.8575113	94	4	2	1	0.9977916677	94.09548177	3.90143894	2.003079291				0	0	0				-532.8575113	0.9977916677	-1695.50194462686	
532.5375113	94	4	2	1	0.9976032061	94.1036854	3.892969881	2.00334472				0	0	0				-532.5375113	0.9976032061	-1700.43036665662	
531.8975113	94	4	2	1	0.9972279171	94.12005763	3.87606762	2.003874746				0	0	0				-531.8975113	0.9972279171	-1707.94380116262	
530.6175113	94	4	2	1	0.996480735	94.15266001	3.84240707	2.004932923				0	0	0				-530.6175113	0.996480735	-1722.00884966104	
528.0575113	94	4	2	1	0.9950090896	94.21730642	3.775656151	2.007037424				0	0	0				-528.0575113	0.9950090896	-1756.27279909165	
525.4975113	94	4	2	1	0.9935649514	94.28121192	3.709660848	2.009127234				0	0	0				-525.4975113	0.9935649514	-1789.76157975193	
522.9375113	94	4	2	1	0.992147862	94.34438282	3.644414836	2.011202341				0	0	0				-522.9375113	0.992147862	-1823.89278311646	
520.3775113	94	4	2	1	0.9907572688	94.40682524	3.579911977	2.013262783				0	0	0				-520.3775113	0.9907572688	-1858.61702282633	
517.8175113	94	4	2	1	0.9893926364	94.46854514	3.516146271	2.015308593				0	0	0				-517.8175113	0.9893926364	-1893.95028296531	
515.2575113	94	4	2	1	0.9880534456	94.52954834	3.453111859	2.0173398				0	0	0				-515.2575113	0.9880534456	-1929.90925849922	
512.6975113	94	4	2	1	0.9867391932	94.58984056	3.390803011	2.019356428				0	0	0				-512.6975113	0.9867391932	-1966.51115356494	
510.1375113	94	4	2	1	0.9854493908	94.64942738	3.329214123	2.021358495				0	0	0				-510.1375113	0.9854493908	-2003.77369804176	
507.5775113	94	4	2	1	0.9841835646	94.70831427	3.268339717	2.023346016				0	0	0				-507.5775113	0.9841835646	-2041.71563743018	
505.0175113	94	4	2	1	0.9829412549	94.76650656	3.208174434	2.025319003				0	0	0				-505.0175113	0.9829412549	-2080.3561899263	
502.4575113	94	4	2	1	0.9817220152	94.82400951	3.14871303	2.027277462				0	0	0				-502.4575113	0.9817220152	-2119.7155590298	
499.8975113	94	4	2	1	0.9805254123	94.88082823	3.089950372	2.029221394				0	0	0				-499.8975113	0.9805254123	-2159.81461945543	
497.3375113	94	4	2	1	0.9793510251	94.93696776	3.031881436	2.0311508				0	0	0				-497.3375113	0.9793510251	-2200.67488160686	
494.7775113	94	4	2	1	0.9781984446	94.99243302	2.974501303	2.033065673				0	0	0				-494.7775113	0.9781984446	-2242.31928156139	
492.2175113	94	4	2	1	0.9770672736	95.04722884	2.917805155	2.034966003				0	0	0				-492.2175113	0.9770672736	-2284.77125639435	
489.6575113	94	4	2	1	0.9759571257	95.10135995	2.861788272	2.036851779				0	0	0				-489.6575113	0.9759571257	-2328.0551596786	
487.0975113	94	4	2	1	0.9748676254	95.15483099	2.806446028	2.038722984				0	0	0				-487.0975113	0.9748676254	-2372.19685602733	
484.5375113	94	4	2	1	0.9737984077	95.20764651	2.751773888	2.040579598				0	0	0				-484.5375113	0.9737984077	-2417.22280775515	
481.9775113	94	4	2	1	0.9727491173	95.25981099	2.697767408	2.042421597				0	0	0				-481.9775113	0.9727491173	-2463.16076970365	
479.4175113	94	4	2	1	0.9717194088	95.31132882	2.644422228	2.044248954				0	0	0				-479.4175113	0.9717194088	-2510.03962401286	
476.8575113	94	4	2	1	0.9707089458	95.36220429	2.591734071	2.046061641				0	0	0				-476.8575113	0.9707089458	-2557.88949973747	
474.2975113	94	4	2	1	0.9697174011	95.41244164	2.539698739	2.047859624				0	0	0				-474.2975113	0.9697174011	-2606.74210616918	
471.7375113	94	4	2	1	0.9687444561	95.46204502	2.488312111	2.049642867				0	0	0				-471.7375113	0.9687444561	-2656.63018706573	
469.1775113	94	4	2	1	0.9677898005	95.51101853	2.437570142	2.051411332				0	0	0				-469.1775113	0.9677898005	-2707.58805122234	
466.6175113	94	4	2	1	0.9668531321	95.55936617	2.387468858	2.053164976				0	0	0				-466.6175113	0.9668531321	-2759.6516283401	
464.0575113	94	4	2	1	0.9659341565	95.60709189	2.338004354	2.054903755				0	0	0				-464.0575113	0.9659341565	-2812.85838696307	
461.4975113	94	4	2	1	0.9650325868	95.65419959	2.28917279	2.056627622				0	0	0				-461.4975113	0.9650325868	-2867.24754021747	
458.9375113	94	4	2	1	0.9641481434	95.70069308	2.240970393	2.058336527				0	0	0				-458.9375113	0.9641481434	-2922.86010225402	
456.3775113	94	4	2	1	0.9632805537	95.74657613	2.19339345	2.060030419				0	0	0				-456.3775113	0.9632805537	-2979.73878918067	
453.8175113	94	4	2	1	0.9624295518	95.79185245	2.146438308	2.061709243				0	0	0				-453.8175113	0.9624295518	-3037.92842906424	
451.2575113	94	4	2	1	0.9615948784	95.83652569	2.100101369	2.063372942				0	0	0				-451.2575113	0.9615948784	-3097.47642808643	
448.6975113	94	4	2	1	0.9607762807	95.88059945	2.054379093	2.065021457				0	0	0				-448.6975113	0.9607762807	-3158.43194028181	
446.1375113	94	4	2	1	0.9599735118	95.92407728	2.009267989	2.066654728				0	0	0				-446.1375113	0.9599735118	-3220.84615137426	
443.5775113	94	4	2	1	0.9591863307	95.96696269	1.964764618	2.068272692				0	0	0				-443.5775113	0.9591863307	-3284.77375525248	
441.0175113	94	4	2	1	0.9584145024	96.00925913	1.920865588	2.069875284				0	0	0				-441.0175113	0.9584145024	-3350.27143865177	
438.4575113	94	4	2	1	0.9576577971	96.05097001	1.877567553	2.071462438				0	0	0				-438.4575113	0.9576577971	-3417.39873990915	
435.8975113	94	4	2	1	0.9569159906	96.0920987	1.834867211	2.073034086				0	0	0				-435.8975113	0.9569159906	-3486.21821981115	
433.3375113	94	4	2	1	0.9561888636	96.13264854	1.7927613	2.074590158				0	0	0				-433.3375113	0.9561888636	-3556.79583820753	
430.7775113	94	4	2	1	0.9554762021	96.17262282	1.751246597	2.076130583				0	0	0				-430.7775113	0.9554762021	-3629.20067458122	
428.2175113	94	4	2	1	0.9547777966	96.21202479	1.710319918	2.077655289				0	0	0				-428.2175113	0.9547777966	-3703.50559167191	
425.6575113	94	4	2	1	0.9540934426	96.25085768	1.669978113	2.079164203				0	0	0				-425.6575113	0.9540934426	-3779.78747436112	
423.0975113	94	4	2	1	0.9534229399	96.28912469	1.630218063	2.08065725				0	0	0				-423.0975113	0.9534229399	-3858.12655931282	
420.5375113	94	4	2	1	0.9527660927	96.32682896	1.591036683	2.082134355				0	0	0				-420.5375113	0.9527660927	-3938.60789636217	
417.9775113	94	4	2	1	0.9521227094	96.36397365	1.552430914	2.083595441				0	0	0				-417.9775113	0.9521227094	-4021.32146287491	
415.4175113	94	4	2	1	0.9514926026	96.40056184	1.514397726	2.085040431				0	0	0				-415.4175113	0.9514926026	-4106.36176790901	
412.8575113	94	4	2	1	0.9508755887	96.43659664	1.476934111	2.086469247				0	0	0				-412.8575113	0.9508755887	-4193.82782225495	
410.2975113	94	4	2	1	0.9502714878	96.4720811	1.440037085	2.087881811				0	0	0				-410.2975113	0.9502714878	-4283.82583273424	
407.7375113	94	4	2	1	0.949680124	96.50701827	1.403703685	2.089278045				0	0	0				-407.7375113	0.949680124	-4376.46745312229	
405.1775113	94	4	2	1	0.9491013247	96.54141116	1.367930965	2.09065787				0	0	0				-405.1775113	0.9491013247	-4471.86996542185	
402.6175113	94	4	2	1	0.9485349208	96.5752628	1.332715997	2.092021207				0	0	0				-402.6175113	0.9485349208	-4570.15791657713	
400.0575113	94	4	2	1	0.9479807464	96.60857616	1.298055867	2.093367976				0	0	0				-400.0575113	0.9479807464	-4671.46386477974	
397.4975113	94	4	2	1	0.947438639	96.64135423	1.263947672	2.0946981				0	0	0				-397.4975113	0.947438639	-4775.92744608807	
394.9375113	94	4	2	1	0.9469084389	96.67359998	1.23038852	2.0960115				0	0	0				-394.9375113	0.9469084389	-4883.69752014874	
392.3775113	94	4	2	1	0.9463899897	96.70531638	1.197375528	2.097308097				0	0	0				-392.3775113	0.9463899897	-4994.93196914692	
389.8175113	94	4	2	1	0.9458831376	96.73650637	1.164905819	2.098587813				0	0	0				-389.8175113	0.9458831376	-5109.79781121927	
387.2575113	94	4	2	1	0.9453877317	96.76717291	1.132976518	2.099850574				0	0	0				-387.2575113	0.9453877317	-5228.47239973092	
384.6975113	94	4	2	1	0.9449036235	96.79731894	1.101584755	2.101096301				0	0	0				-384.6975113	0.9449036235	-5351.14574942692	
382.1375113	94	4	2	1	0.9444306674	96.82694742	1.070727658	2.10232492				0	0	0				-382.1375113	0.9444306674	-5478.02057400002	
379.5775113	94	4	2	1	0.9439687201	96.85606129	1.040402352	2.103536357				0	0	0				-379.5775113	0.9439687201	-5609.31073921136	
377.0175113	94	4	2	1	0.9435176406	96.8846635	1.010605961	2.104730539				0	0	0				-377.0175113	0.9435176406	-5745.2447931973	
374.4575113	94	4	2	1	0.9430772901	96.91275701	0.9813355982	2.105907396				0	0	0				-374.4575113	0.9430772901	-5886.06942109175	
371.8975113	94	4	2	1	0.9426475323	96.94034477	0.9525883711	2.107066856				0	0	0				-371.8975113	0.9426475323	-6032.04664093626	
369.3375113	94	4	2	1	0.9422282327	96.96742977	0.9243613755	2.108208853				0	0	0				-369.3375113	0.9422282327	-6183.45473037781	
366.7775113	94	4	2	1	0.9418192588	96.99401499	0.8966516939	2.10933332				0	0	0				-366.7775113	0.9418192588	-6340.59433948663	
364.2175113	94	4	2	1	0.9414204801	97.02010341	0.8694563939	2.110440193				0	0	0				-364.2175113	0.9414204801	-6503.7867215863	
361.6575113	94	4	2	1	0.9410317678	97.04569807	0.8427725256	2.111529409				0	0	0				-361.6575113	0.9410317678	-6673.37836308739	
359.0975113	94	4	2	1	0.9406529951	97.07080197	0.8165971192	2.112600909				0	0	0				-359.0975113	0.9406529951	-6849.7401016859	
356.5375113	94	4	2	1	0.9402840366	97.09541818	0.7909271832	2.113654637				0	0	0				-356.5375113	0.9402840366	-7039.72603316955	
353.9775113	94	4	2	1	0.9399254012	97.11955021	0.7657596938	2.114690099				0	0	0				-353.9775113	0.9399254012	-7230.14168656424	
351.4175113	94	4	2	1	0.9395756664	97.14320023	0.7410916285	2.115708144				0	0	0				-351.4175113	0.9395756664	-7422.81874435103	
348.8575113	94	4	2	1	0.9392353777	97.16637183	0.7169199039	2.116708263				0	0	0				-348.8575113	0.9392353777	-7630.53187042912	
346.2975113	94	4	2	1	0.9389044185	97.18906818	0.6932414174	2.117690407				0	0	0				-346.2975113	0.9389044185	-7847.37619632661	
343.7375113	94	4	2	1	0.9385826704	97.21129243	0.670053033	2.118654533				0	0	0				-343.7375113	0.9385826704	-8073.91006773296	
341.1775113	94	4	2	1	0.9382700165	97.23304782	0.6473515785	2.119600604				0	0	0				-341.1775113	0.9382700165	-8310.7669409643	
338.6175113	94	4	2	1	0.9379663406	97.25433757	0.6251338439	2.120528583				0	0	0				-338.6175113	0.9379663406	-8558.63785996659	
336.0575113	94	4	2	1	0.937671528	97.27516498	0.6033965779	2.121438439				0	0	0				-336.0575113	0.937671528	-8818.27223267061	
333.4975113	94	4	2	1	0.9373854645	97.29553337	0.5821364864	2.122330145				0	0	0				-333.4975113	0.9373854645	-9090.48715360744	
330.9375113	94	4	2	1	0.9371080372	97.31544609	0.5613502295	2.123203678				0	0	0				-330.9375113	0.9371080372	-9376.17870954004	
328.3775113	94	4	2	1	0.9368391339	97.33490656	0.5410344193	2.124059017				0	0	0				-328.3775113	0.9368391339	-9676.31557463403	
325.8175113	94	4	2	1	0.9365786429	97.35391823	0.5211856171	2.12489615				0	0	0				-325.8175113	0.9365786429	-9991.96903493461	
323.2575113	94	4	2	1	0.9363264536	97.3724846	0.5018003313	2.125715066				0	0	0				-323.2575113	0.9363264536	-10324.3143704118	
320.6975113	94	4	2	1	0.9360824558	97.39060922	0.4828750148	2.126515761				0	0	0				-320.6975113	0.9360824558	-10674.6328961914	
318.1375113	94	4	2	1	0.9358465397	97.4082957	0.4644060623	2.127298233				0	0	0				-318.1375113	0.9358465397	-11044.3485173433	
315.5775113	94	4	2	1	0.9356185963	97.4255477	0.446389808	2.128062488				0	0	0				-315.5775113	0.9356185963	-11435.0311086236	
313.0175113	94	4	2	1	0.9353985168	97.44236894	0.428822523	2.128808538				0	0	0				-313.0175113	0.9353985168	-11848.4158075486	
310.4575113	94	4	2	1	0.9351861929	97.45876319	0.4117004128	2.129536396				0	0	0				-310.4575113	0.9351861929	-12286.4272819123	
307.8975113	94	4	2	1	0.9349815164	97.4747343	0.3950196149	2.130246087				0	0	0				-307.8975113	0.9349815164	-12751.2123662195	
305.3375113	94	4	2	1	0.9347843796	97.49028617	0.3787761961	2.130937636				0	0	0				-305.3375113	0.9347843796	-13245.1580488921	
302.7775113	94	4	2	1	0.9345946746	97.50542277	0.3629661503	2.131611077				0	0	0				-302.7775113	0.9345946746	-13770.9385386132	
300.2175113	94	4	2	1	0.9344122939	97.52014815	0.3475853957	2.132266451				0	0	0				-300.2175113	0.9344122939	-14239.5150448347	
300	94	4	2	1	0.9343970369	97.5213806	0.346298161	2.132321234				0	0	0				-300	0.9343970369	-14273.4691590525	
