T	w(AL)	w(CU)	w(SI)	fs	fw(@FCC_A1#1)	fw(@FCC_A1#2)	w(AL@FCC_A1#1)	w(CU@FCC_A1#1)	w(SI@FCC_A1#1)	w(AL@FCC_A1#2)	w(CU@FCC_A1#2)	w(SI@FCC_A1#2)	w(AL@LIQUID)	w(CU@LIQUID)	w(SI@LIQUID)	dwdT_L(AL@FCC_A1#1)	dwdT_L(CU@FCC_A1#1)	dwdT_L(SI@FCC_A1#1)	dwdT_L(AL@FCC_A1#2)	dwdT_L(CU@FCC_A1#2)	dwdT_L(SI@FCC_A1#2)	dwdT_L(AL@LIQUID)	dwdT_L(CU@LIQUID)	dwdT_L(SI@LIQUID)	-T	fw(@FCC_A1#1)_1	fw(@FCC_A1#2)_1	-T//fw(@FCC_A1)	
K	%	%	%	mole/mole	kg/kg	kg/kg	%	%	%	%	%	%	%	%	%	SI	SI	SI	SI	SI	SI	SI	SI	SI					
893.7975608	88	10	2	0	0		98.731281	1.046588117	0.2221308833				88	10	2	0.002829677706	-0.002360881045	-0.0004687966607				0.002829677706	-0.002360881045	-0.0004687966607	-893.7975608	0			
893.7875608	88	10	2	0.0002784709871	0.0002638310492		98.73094831	1.046862687	0.2221889999				87.9971698	10.00236131	2.000468884	0.005659746515	-0.004722090088	-0.0009376564266				0	0	0	-893.7875608	0.0002638310492			
893.7675608	88	10	2	0.0008346501247	0.0005271009306		98.73028292	1.047411844	0.222305236				87.99151024	10.00708325	2.001406509	0.008488340416	-0.007082072474	-0.001406267942				0	0	0	-893.7675608	0.0005271009306			
893.7275608	88	10	2	0.00194509644	0.001052859807		98.72895204	1.048510232	0.2225377301				87.98019462	10.01652422	2.003281166	0.01414500037	-0.01180160633	-0.002343394042				0	0	0	-893.7275608	0.001052859807			
893.6475608	88	10	2	0.00415946124	0.002101754236		98.72628986	1.050707364	0.2230027736				87.95756665	10.03540346	2.007029889	0.02545640728	-0.02123911584	-0.004217291445				0	0	0	-893.6475608	0.002101754236			
893.4875608	88	10	2	0.00856141659	0.004186940391		98.72096389	1.055103005	0.223933103				87.91233238	10.07314406	2.014523559	0.04806077078	-0.04009889219	-0.007961878589				0	0	0	-893.4875608	0.004186940391			
893.1675608	88	10	2	0.01725042904	0.008300689865		98.71030556	1.063899737	0.2257947057				87.82195133	10.14855311	2.029495552	0.09320412953	-0.07776450639	-0.01543962314				0	0	0	-893.1675608	0.008300689865			
892.5275608	88	10	2	0.03420144812	0.01633069379		98.6889628	1.081515423	0.229521777				87.64153781	10.29908358	2.059378616	0.183229419	-0.1528799892	-0.03034942981				0	0	0	-892.5275608	0.01633069379			
891.2475608	88	10	2	0.06648718305	0.03162721488		98.64617142	1.116837104	0.2369914726				87.28211428	10.59898593	2.11889979	0.3622253356	-0.3022402655	-0.05998507009				0	0	0	-891.2475608	0.03162721488			
888.6875608	88	10	2	0.1252503959	0.05946971357		98.56015235	1.187853711	0.2519939368				86.56893229	11.19411168	2.236956029	0.7159518893	-0.5974372462	-0.1185146431				0	0	0	-888.6875608	0.05946971357			
886.1275608	88	10	2	0.1772241602	0.05594766837		98.47352838	1.259387918	0.2670836998				85.86342685	11.78287602	2.353697129	0.7082469734	-0.5910524008	-0.1171945726				0	0	0	-886.1275608	0.05594766837			
883.5675608	88	10	2	0.2234890259	0.0527760844		98.38626665	1.331470437	0.2822629178				85.16569722	12.36519245	2.469110329	0.7004406403	-0.5845791647	-0.1158614756				0	0	0	-883.5675608	0.0527760844			
881.0075608	88	10	2	0.2649134413	0.04990858523		98.29833362	1.404132752	0.2975336234				84.47583613	12.94098	2.583183864	0.692541258	-0.5780246845	-0.1145165735				0	0	0	-881.0075608	0.04990858523			
878.4475608	88	10	2	0.3021999611	0.04730343001		98.20969393	1.477408146	0.3128979217				83.79392078	13.51017081	2.695908406	0.6845644026	-0.5714020925	-0.1131623101				0	0	0	-878.4475608	0.04730343001			
875.8875608	88	10	2	0.3359228223	0.0449261948		98.12031047	1.551331572	0.3283579625				83.1200147	14.07270852	2.807276773	0.6765237857	-0.564722945	-0.1118008407				0	0	0	-875.8875608	0.0449261948			
873.3275608	88	10	2	0.3665558464	0.04274831704		98.03014432	1.62593973	0.3439159524				82.45416804	14.62854806	2.917283904	0.66843286	-0.557998566	-0.110434294				0	0	0	-873.3275608	0.04274831704			
870.7675608	88	10	2	0.3944933802	0.04074589572		97.93915468	1.70127115	0.359574168				81.79641786	15.17765533	3.025926816	0.6603047296	-0.5512399753	-0.1090647543				0	0	0	-870.7675608	0.04074589572			
868.2075608	88	10	2	0.42006622	0.03889877428		97.84729874	1.77736629	0.3753349689				81.14678855	15.7200069	3.13320455	0.6521521439	-0.5444578862	-0.1076942577				0	0	0	-868.2075608	0.03889877428			
865.6475608	88	10	2	0.4435538618	0.0371898314		97.75453155	1.854267643	0.3912008111				80.50529231	16.25558958	3.239118103	0.6439873467	-0.5376625806	-0.1063247661				0	0	0	-865.6475608	0.0371898314			
863.0875608	88	10	2	0.465194031	0.03560442701		97.66080588	1.932019858	0.4071742609				79.87192962	16.78440003	3.343670355	0.6358220901	-0.5308639224	-0.1049581677				0	0	0	-863.0875608	0.03560442701			
860.5275608	88	10	2	0.4851901678	0.03412996509		97.56607211	2.010669876	0.423258009				79.24668978	17.30644424	3.446865982	0.6276675776	-0.5240713104	-0.1035962672				0	0	0	-860.5275608	0.03412996509			
857.9675608	88	10	2	0.503717363	0.03275554585		97.47027803	2.090267087	0.4394548858				78.62955153	17.8217371	3.548711369	0.6195331186	-0.5172925558	-0.1022405628				0	0	0	-857.9675608	0.03275554585			
855.4075608	88	10	2	0.5209271042	0.0314716865		97.37336863	2.170863498	0.4557678765				78.02048363	18.33030185	3.649214515	0.6114313154	-0.5105382146	-0.1008931008				0	0	0	-855.4075608	0.0314716865			
852.8475608	88	10	2	0.5369511025	0.03027009554		97.27528594	2.252513925	0.4722001373				77.41944547	18.83216959	3.748384937	0.6033702974	-0.5038151014	-0.09955519604				0	0	0	-852.8475608	0.03027009554			
850.2875608	88	10	2	0.551904399	0.02914348897		97.17596878	2.33527621	0.488755013				76.8263877	19.32737873	3.846233572	0.5953588399	-0.4971305652	-0.09822827472				0	0	0	-850.2875608	0.02914348897			
847.7275608	88	10	2	0.5658879055	0.02808543959		97.07535248	2.419211462	0.5054360551				76.24125287	19.81597445	3.942772678	0.5874050589	-0.4904913991	-0.09691365981				0	0	0	-847.7275608	0.02808543959			
845.1675608	88	10	2	0.5789904957	0.02709025277		96.97336864	2.504384321	0.5222470409				75.66397606	20.29800821	4.038015738	0.5795164766	-0.4839038948	-0.09561258179				0	0	0	-845.1675608	0.02709025277			
842.6075608	88	10	2	0.5912907361	0.02615286341		96.86994474	2.590863265	0.539191995				75.09448546	20.77353718	4.13197736	0.571699983	-0.4773738104	-0.09432617261				0	0	0	-842.6075608	0.02615286341			
840.0475608	88	10	2	0.6028583281	0.02526874994		96.76500385	2.678720941	0.5562752113				74.53270302	21.2426238	4.224673189	0.5639618762	-0.4709064034	-0.09305547276				0	0	0	-840.0475608	0.02526874994			
837.4875608	88	10	2	0.6137553153	0.0244338623		96.65846417	2.76803455	0.5735012778				73.978545	21.70533519	4.316119812	0.5563078318	-0.4645064052	-0.09180142657				0	0	0	-837.4875608	0.0244338623			
834.9275608	88	10	2	0.624037099	0.02364456129		96.55023863	2.858886263	0.5908751035				73.43192257	22.16174275	4.406334678	0.5487429908	-0.4581780935	-0.09056489725				0	0	0	-834.9275608	0.02364456129			
832.3675608	88	10	2	0.6337532973	0.02289756717		96.44023434	2.951363709	0.6084019473				72.89274229	22.6119217	4.49533601	0.5412719433	-0.4519252785	-0.08934666477				0	0	0	-832.3675608	0.02289756717			
829.8075608	88	10	2	0.6429484751	0.02218991605		96.32835205	3.045560504	0.6260874509				72.3609067	23.05595057	4.583142733	0.5338987636	-0.4457513313	-0.08814743238				0	0	0	-829.8075608	0.02218991605			
827.2475608	88	10	2	0.6516627661	0.02151892275		96.21448546	3.141576867	0.6439376743				71.83631473	23.49391087	4.669774401	0.5266270379	-0.439659206	-0.08696783188				0	0	0	-827.2475608	0.02151892275			
824.6875608	88	10	2	0.6599324065	0.02088214884		96.09852056	3.239520304	0.661959136				71.31886222	23.92588665	4.755251133	0.5194598931	-0.4336514637	-0.08580842935				0	0	0	-824.6875608	0.02088214884			
822.1275608	88	10	2	0.6677901932	0.02027737536		95.98033475	3.339506395	0.680158858				70.80844231	24.35196414	4.83959355	0.5124000271	-0.427730296	-0.08466973111				0	0	0	-822.1275608	0.02027737536			
819.5675608	88	10	2	0.6752658798	0.0197025792		95.8597959	3.441659683	0.6985444157				70.30494585	24.77223142	4.922822727	0.5054497392	-0.4218975493	-0.08355218986				0	0	0	-819.5675608	0.0197025792			
817.0075608	88	10	2	0.6823865197	0.01915591275		95.73676131	3.546114695	0.7171239949				69.80826178	25.18677808	5.004960141	0.4986109606	-0.4161547494	-0.08245621115				0	0	0	-817.0075608	0.01915591275			
814.4475608	88	10	2	0.689176764	0.01863568628		95.61107643	3.653017113	0.7359064565				69.31827743	25.59569494	5.086027634	0.4918852856	-0.4105031256	-0.08138215997				0	0	0	-814.4475608	0.01863568628			
811.8875608	88	10	2	0.6956591215	0.01814035261		95.48257347	3.762525116	0.7549014101				68.83487885	25.99907377	5.166047377	0.485274002	-0.4049436344	-0.08033036759				0	0	0	-811.8875608	0.01814035261			
809.3275608	88	10	2	0.7018541864	0.01766849391		95.35106976	3.874810939	0.7741192976				68.3579511	26.39700706	5.245041844	0.478778122	-0.3994769833	-0.07930113875				0	0	0	-809.3275608	0.01766849391			
806.7675608	88	10	2	0.7077808377	0.0172188102		95.21636583	3.990062683	0.793571491				67.88737845	26.78958775	5.323033795	0.4723984125	-0.3941036534	-0.07829475909				0	0	0	-806.7675608	0.0172188102			
804.2075608	88	10	2	0.7134564154	0.01679010936		95.07824318	4.108486419	0.8132704038				67.42304464	27.17690909	5.400046262	0.4661354254	-0.3888239224	-0.077311503				0	0	0	-804.2075608	0.01679010936			
801.6475608	88	10	2	0.7188968752	0.01638129863		94.93646172	4.230308663	0.8332296214				66.96483304	27.55906441	5.47610255	0.4599895276	-0.3836378856	-0.07635164206				0	0	0	-801.6475608	0.01638129863			
799.0875608	88	10	2	0.7241169268	0.01599137726		94.79075666	4.355779291	0.8534640535				66.5126268	27.93614697	5.551226237	0.4539609319	-0.3785454778	-0.07541545407				0	0	0	-799.0875608	0.01599137726			
796.5275608	88	10	2	0.7291301556	0.01561943036		94.64083489	4.485174998	0.8739901131				66.06630898	28.30824983	5.625441195	0.4480497272	-0.3735464941	-0.07450323309				0	0	0	-796.5275608	0.01561943036			
793.9675608	88	10	2	0.7339491319	0.01526462381		94.48637065	4.618803423	0.894825928				65.62576265	28.67546573	5.698771619	0.4422559102	-0.3686406097	-0.07361530048				0	0	0	-793.9675608	0.01526462381			
791.4075608	88	10	2	0.7385855085	0.01492620021		94.3270003	4.757008105	0.9159915937				65.19087095	29.03788699	5.771242059	0.4365794096	-0.3638273935	-0.07275201608				0	0	0	-791.4075608	0.01492620021			
788.8475608	88	10	2	0.7430501084	0.01460347589		94.16231603	4.900174492	0.9375094754				64.76151709	29.39560543	5.842877482	0.4310201556	-0.359106357	-0.07191379861				0	0	0	-788.8475608	0.01460347589			
786.2875608	88	10	2	0.747353004	0.01429583909		93.99185817	5.048737261	0.959404574				64.33758436	29.7487123	5.91370334	0.425578066	-0.3544769318	-0.0711011342				0	0	0	-786.2875608	0.01429583909			
783.7275608	88	10	2	0.7515036906	0.01400308077		93.81510309	5.203191435	0.9817054786				63.91895231	30.09730046	5.983747229	0.4202531214	-0.3499385188	-0.0703146026				0	0	0	-783.7275608	0.01400308077			
781.1675608	88	10	2	0.7555107939	0.01372389898		93.63146238	5.364094602	1.00444302				63.50551273	30.44145377	6.053033499	0.4150409273	-0.3454867666	-0.06955416068				0	0	0	-781.1675608	0.01372389898			
778.6075608	88	10	2	0.7593825902	0.01345856183		93.44025106	5.53209533	1.027653606				63.0971438	30.78126568	6.121590518	0.4099510153	-0.3411288163	-0.06882219899				0	0	0	-778.6075608	0.01345856183			
776.0475608	88	10	2	0.7631268112	0.01320659324		93.24068059	5.707940973	1.051378439				62.69372802	31.1168251	6.18944688	0.4049790322	-0.3368600874	-0.06811894475				0	0	0	-776.0475608	0.01320659324			
773.4875608	88	10	2	0.7667507453	0.01296776184		93.03183168	5.892503337	1.075664986				62.29514718	31.44822038	6.25663244	0.4001257319	-0.3326800649	-0.06744566694				0	0	0	-773.4875608	0.01296776184			
770.9275608	88	10	2	0.7702612891	0.01274193302		92.81262284	6.086808766	1.100568396				61.90128186	31.77553952	6.323178622	0.395392293	-0.328588351	-0.06680394199				0	0	0	-770.9275608	0.01274193302			
768.3675608	88	10	2	0.7736649978	0.01252908308		92.58176859	6.292078062	1.126153348				61.51201097	32.09887022	6.389118808	0.3907804285	-0.3245846901	-0.06619573837				0	0	0	-768.3675608	0.01252908308			
765.8075608	88	10	2	0.7769681366	0.01232932129		92.33772303	6.509780438	1.152496532				61.12721099	32.41830016	6.454488851	0.3862925646	-0.3206690269	-0.06562353772				0	0	0	-765.8075608	0.01232932129			
763.2475608	88	10	2	0.7801767349	0.01214292166		92.07860198	6.741707997	1.179690019				60.74675505	32.7339172	6.519327751	0.3819320798	-0.3168415768	-0.06509050303				0	0	0	-763.2475608	0.01214292166			
760.6875608	88	10	2	0.7832966467	0.01197036966		91.802073	6.990081021	1.207845977				60.37051162	33.04580981	6.583678571	0.3777036383	-0.3131029191	-0.06460071916				0	0	0	-760.6875608	0.01197036966			
758.1275608	88	10	2	0.7863336213	0.0118124323		91.5051955	7.257701076	1.237103425				59.99834279	33.3540675	6.647589708	0.3736136717	-0.3094541243	-0.06415954739				0	0	0	-758.1275608	0.0118124323			
755.5675608	88	10	2	0.7892933913	0.01167026609		91.18418059	7.548181157	1.267638256				59.63010178	33.65878151	6.711116703	0.3696710961	-0.3058969305	-0.06377416564				0	0	0	-755.5675608	0.01167026609			
753.0075608	88	10	2	0.7921817903	0.01154558991		90.83401566	7.86630567	1.299678674				59.26562936	33.96004575	6.774324892	0.3658884213	-0.3024339956	-0.06345442568				0	0	0	-753.0075608	0.01154558991			
750.4475608	88	10	2	0.7950049216	0.01144097448		90.44784812	8.218621708	1.333530175				58.90474849	34.25795802	6.837293493	0.3622835431	-0.2990692616	-0.06321428147				0	0	0	-750.4475608	0.01144097448			
747.8875608	88	10	2	0.7977694185	0.01136035722		90.01590989	8.614471652	1.369618458				58.54725593	34.55262188	6.90012219	0.3588828045	-0.2958084861	-0.06307431839				0	0	0	-747.8875608	0.01136035722			
745.3275608	88	10	2	0.8004828848	0.01131003207		89.52348478	9.067946037	1.408569181				58.19290828	34.84414918	6.962942544	0.3557265847	-0.292659984	-0.06306660067				0	0	0	-745.3275608	0.01131003207			
742.7675608	88	10	2	0.8031547218	0.01130076865		88.94662176	9.602004998	1.451373243				57.84139693	35.13266342	7.025939653	0.352880453	-0.2896354493	-0.06324500365				0	0	0	-742.7675608	0.01130076865			
741.4875608	88	10	2	0.8044732791	0.005651412008		88.61399014	9.911308526	1.474701332				57.66650095	35.27600897	7.057490082	0.1762595766	-0.1444613834	-0.03179819318				0	0	0	-741.4875608	0.005651412008			
740.8475608	88	10	2	0.8051294471	0.002830641043		88.43319402	10.07982653	1.486979446				57.57923351	35.34747847	7.073288028	0.08862867777	-0.07258092575	-0.01604775202				0	0	0	-740.8475608	0.002830641043			
740.5275608	88	10	2	0.8054564796	0.001415830847		88.3385659	10.16813839	1.493295706				57.53563908	35.38316511	7.081195816	0.04495583039	-0.03679997336	-0.008155857029				0	0	0	-740.5275608	0.001415830847			
740.3675608	88	10	2	0.8056197418	0.0007080837969		88.29010384	10.21339464	1.496501523				57.51385123	35.40099665	7.085152117	0.02314919025	-0.01894526935	-0.004203920894				0	0	0	-740.3675608	0.0007080837969			
740.2875608	88	10	2	0.8057013111	0.0003540913264		88.26556804	10.23631489	1.498117072				57.50295954	35.40990956	7.087130905	0.01225296803	-0.01002668129	-0.002226286738				0	0	0	-740.2875608	0.0003540913264			
740.2675608	88	10	2	0.8057216937	8.853774964E-05		88.25940201	10.24207572	1.498522271				57.5002368	35.41213758	7.08762562	0.004084031831	-0.003341894038	-0.0007421377929				0	0	0	-740.2675608	8.853774964E-05			
740.2475608	88	10	2	0.8059134232		0.0009975021698				60.78492862	37.22892482	1.98614656	57.49695703	35.41032353	7.092719438				0.001701955596	0.0009471357278	-0.002649091324	0	0	0	-740.2475608		0.0009975021698		
740.2275608	88	10	2	0.8060129833		0.0005185066207				60.7805691	37.23233598	1.987094918	57.49525358	35.40937831	7.095368111				0.002553919317	0.001419379376	-0.003973298693	0	0	0	-740.2275608		0.0005185066207		
740.1875608	88	10	2	0.8062119298		0.001036610619				60.77189784	37.23910967	1.988992488	57.49185374	35.40747977	7.100666485				0.004247567703	0.002375651627	-0.00662321933	0	0	0	-740.1875608		0.001036610619		
740.1075608	88	10	2	0.8066089787		0.00207116496				60.75474694	37.25246256	1.992790496	57.48508297	35.4036511	7.111265933				0.007613325672	0.004311560173	-0.01192488585	0	0	0	-740.1075608		0.00207116496		
739.9475608	88	10	2	0.8073997257		0.004134164448				60.72117681	37.27842516	2.000398031	57.47165433	35.39586987	7.132475796				0.0142618644	0.008274596189	-0.02253646058	0	0	0	-739.9475608		0.004134164448		
739.6275608	88	10	2	0.8089678405		0.008235246717				60.65684278	37.32749918	2.015658046	57.44523108	35.37983279	7.174936129				0.02724397648	0.01654490097	-0.04378887745	0	0	0	-739.6275608		0.008235246717		
738.9875608	88	10	2	0.8120463267		0.0163143956				60.53791077	37.41574137	2.046347869	57.39393687	35.34606921	7.25999392				0.05207132253	0.03431818664	-0.08638950917	0	0	0	-738.9875608		0.0163143956		
737.7075608	88	10	2	0.8179864788		0.03203679159				60.33161761	37.56003922	2.108343171	57.29668248	35.27281687	7.430500653				0.09795768809	0.07388538218	-0.1718430703	0	0	0	-737.7075608		0.03203679159		
735.1475608	88	10	2	0.8290480833		0.06172696318				60.00600813	37.75951212	2.234479743	57.11846216	35.10920129	7.772336549				0.1788825254	0.1642905703	-0.3431730957	0	0	0	-735.1475608		0.06172696318		
732.5875608	88	10	2	0.8390317575		0.05944154798				59.73864895	37.89838376	2.362967285	56.95287133	34.93293001	8.114198664				0.166198975	0.1770005562	-0.3431995312	0	0	0	-732.5875608		0.05944154798		
730.0275608	88	10	2	0.8480786715		0.05731300105				59.51105546	37.99529176	2.493652783	56.7973402	34.74674606	8.455913742				0.1561071857	0.1869441391	-0.3430513248	0	0	0	-730.0275608		0.05731300105		
727.4675608	88	10	2	0.8563094735		0.05534394576				59.31154449	38.06202281	2.626432693	56.65004218	34.55251609	8.797441737				0.1478471037	0.1950161293	-0.342863233	0	0	0	-727.4675608		0.05534394576		
724.9075608	88	10	2	0.8638264833		0.05352676018				59.13240854	38.10635948	2.761231974	56.50965467	34.35153234	9.138812989				0.1409135585	0.2017922101	-0.3427057686	0	0	0	-724.9075608		0.05352676018		
722.3475608	88	10	2	0.8707164407		0.05185031257				58.96838485	38.13362181	2.89799334	56.37519709	34.14470578	9.48009713				0.1349632889	0.2076550516	-0.3426183406	0	0	0	-722.3475608		0.05185031257		
719.7875608	88	10	2	0.8770530586		0.05030261349				58.81576032	38.14756921	3.036670465	56.2459278	33.93268614	9.821386058				0.1297568618	0.2128663778	-0.3426232396	0	0	0	-719.7875608		0.05030261349		
717.2275608	88	10	2	0.8828992186		0.04887198576				58.67186472	38.15091094	3.177224345	56.12127545	33.7159403	10.16278424				0.1251235549	0.2176095065	-0.3427330615	0	0	0	-717.2275608		0.04887198576		
714.6675608	88	10	2	0.8883087988		0.04754755367				58.53473946	38.14563976	3.319620783	56.00079248	33.49480445	10.50440307				0.1209391862	0.22201554	-0.3429547262	0	0	0	-714.6675608		0.04754755367		
712.1075608	88	10	2	0.893328176		0.04631940681				58.40292624	38.13324496	3.4638288	55.88412302	33.26951957	10.84635741				0.1171118147	0.2261799308	-0.3432917455	0	0	0	-712.1075608		0.04631940681		
709.5475608	88	10	2	0.8979974534		0.04517861333				58.27532604	38.11485439	3.609819564	55.77098015	33.04025625	11.1887636				0.1135722745	0.2301732671	-0.3437455416	0	0	0	-709.5475608		0.04517861333		
706.9875608	88	10	2	0.9023514651		0.04411716608				58.15110272	38.09133163	3.75756565	55.6611296	32.80713234	11.53173805				0.1102677741	0.2340484631	-0.3443162372	0	0	0	-706.9875608		0.04411716608		
704.4275608	88	10	2	0.9064205989		0.04312790191				58.02961565	38.06334383	3.907040517	55.55437779	32.57022567	11.87539653				0.1071574852	0.2378456522	-0.3450031374	0	0	0	-704.4275608		0.04312790191		
701.8675608	88	10	2	0.9102314736		0.04220441379				57.91037185	38.03141003	4.058218122	55.45056301	32.32958342	12.21985357				0.1042094508	0.241595578	-0.3458050288	0	0	0	-701.8675608		0.04220441379		
699.3075608	88	10	2	0.913807498		0.04134096521				57.79299129	37.99593607	4.211072644	55.34954874	32.08522908	12.56522218				0.1013983845	0.2453219801	-0.3467203646	0	0	0	-699.3075608		0.04134096521		
696.7475608	88	10	2	0.9171693349		0.04053241092				57.67718153	37.95724021	4.365578255	55.25121862	31.83716778	12.9116136				0.09870408263	0.2490432971	-0.3477473797	0	0	0	-696.7475608		0.04053241092		
694.1875608	88	10	2	0.920335288		0.03977412551				57.56271882	37.91557222	4.521708966	55.15547251	31.58539033	13.25913716				0.09611026415	0.2527738952	-0.3488841593	0	0	0	-694.1875608		0.03977412551		
691.6275608	88	10	2	0.9233216256		0.03906194006				57.44943395	37.87112757	4.679438482	55.06222344	31.32987636	13.6079002				0.09360371335	0.2565249639	-0.3501286772	0	0	0	-691.6275608		0.03906194006		
689.0675608	88	10	2	0.9261428529		0.03839208641				57.33720152	37.82405837	4.838740106	54.97139521	31.07059687	13.95800792				0.09117363995	0.2603051744	-0.3514788143	0	0	0	-689.0675608		0.03839208641		
686.5075608	88	10	2	0.9288119423		0.03776114838				57.22593176	37.7744816	4.999586642	54.88292041	30.80751626	14.30956333				0.08881119708	0.2641211654	-0.3529323625	0	0	0	-686.5075608		0.03776114838		
683.9475608	88	10	2	0.9313405286		0.03716601908				57.11556415	37.72248551	5.161950332	54.79673891	30.54059393	14.66266715				0.08650923991	0.2679778206	-0.3544870605	0	0	0	-683.9475608		0.03716601908		
681.3875608	88	10	2	0.9337390751		0.0366038637				57.00606261	37.6681346	5.325802791	54.71279652	30.26978578	15.01741771				0.08426153657	0.2718788746	-0.3561404112	0	0	0	-681.3875608		0.0366038637		
678.8275608	88	10	2	0.9360170163		0.03607208695				56.89741163	37.61147341	5.491114959	54.63104391	29.99504531	15.37391078				0.08206333218	0.2758265893	-0.3578899215	0	0	0	-678.8275608		0.03607208695		
676.2675608	88	10	2	0.9381828793		0.03556830465				56.78961332	37.55252962	5.657857056	54.55143573	29.71632479	15.73223948				0.07991065125	0.2798222535	-0.3597329048	0	0	0	-676.2675608		0.03556830465		
673.7075608	88	10	2	0.940244378		0.03509016979				56.6826912	37.49131118	5.825997624	54.4739317	29.43357585	16.09249245				0.07780030424	0.283866195	-0.3616664992	0	0	0	-673.7075608		0.03509016979		
671.1475608	88	10	2	0.9422085495		0.03463611813				56.57666834	37.42782444	5.995507229	54.39848974	29.14674992	16.45476035				0.07573028439	0.2879592228	-0.3636895072	0	0	0	-671.1475608		0.03463611813		
668.5875608	88	10	2	0.944081766		0.03420376416				56.47158875	37.36205846	6.166352791	54.32507244	28.85580229	16.81912527				0.07369778737	0.2920971441	-0.3657949315	0	0	0	-668.5875608		0.03420376416		
666.0275608	88	10	2	0.9458698469		0.03379152389				56.36750624	37.2939924	6.33850136	54.2536434	28.56068902	17.18566758				0.07170185334	0.2962791735	-0.3679810268	0	0	0	-666.0275608		0.03379152389		
663.4675608	88	10	2	0.9475781082		0.03339775171				56.26448459	37.22359626	6.511919154	54.18416704	28.26136915	17.55446381				0.06974163058	0.3005023048	-0.3702439354	0	0	0	-663.4675608		0.03339775171		
660.9075608	88	10	2	0.9492114156		0.0330209032				56.16259695	37.15083149	6.686571559	54.11660822	27.95780547	17.92558632				0.06781672422	0.3047627255	-0.3725794497	0	0	0	-660.9075608		0.0330209032		
658.3475608	88	10	2	0.9507742295		0.03265951683				56.06192522	37.07565169	6.862423086	54.05093173	27.6499654	18.29910287				0.06592716815	0.3090557967	-0.3749829648	0	0	0	-658.3475608		0.03265951683		
655.7875608	88	10	2	0.9522706462		0.03231221401				55.96255958	36.99800302	7.039437398	53.98710193	27.33782181	18.67507626				0.06407341139	0.3133761006	-0.377449512	0	0	0	-655.7875608		0.03231221401		
653.2275608	88	10	2	0.9537044337		0.03197768764				55.86459822	36.91782446	7.217577326	53.92508233	27.02135377	19.05356389				0.06225629233	0.3177173884	-0.3799736807	0	0	0	-653.2275608		0.03197768764		
650.6675608	88	10	2	0.9550790636		0.03165469176				55.7681471	36.83504802	7.396804874	53.86483523	26.70054746	19.43461731				0.06047702333	0.3220725446	-0.382549568	0	0	0	-650.6675608		0.03165469176		
648.1075608	88	10	2	0.956397739		0.03134203637				55.6733198	36.74959896	7.577081241	53.80632137	26.37539699	19.81828164				0.05873718196	0.3264335792	-0.3851707611	0	0	0	-648.1075608		0.03134203637		
645.5475608	88	10	2	0.9576634197		0.03103858193				55.58023731	36.66139585	7.758366845	53.74949955	26.04590534	20.20459511				0.05703870105	0.3307916069	-0.3878303079	0	0	0	-645.5475608		0.03103858193		
642.9875608	88	10	2	0.9588788448		0.03074323467				55.48902792	36.57035072	7.940621359	53.69432631	25.71208524	20.59358845				0.0553838593	0.3351368304	-0.3905206897	0	0	0	-642.9875608		0.03074323467		
640.4275608	88	10	2	0.9600465523		0.03045494292				55.39982712	36.47636912	8.123803755	53.6407556	25.3739601	20.98528431				0.05377527198	0.3394585273	-0.3932337993	0	0	0	-640.4275608		0.03045494292		
637.8675608	88	10	2	0.9611688975		0.03017269421				55.31277748	36.37935017	8.30787235	53.58873841	25.03156493	21.37969666				0.05221588073	0.3437450442	-0.395960925	0	0	0	-637.8675608		0.03017269421		
635.3075608	88	10	2	0.9622480752		0.02989567097				55.22802278	36.27919119	8.492786034	53.53822064	24.68494722	21.77683213				0.05070894184	0.3479837984	-0.3986927403	0	0	0	-635.3075608		0.02989567097		
632.7475608	88	10	2	0.9632861097		0.02962245351				55.14572633	36.175774	8.678499668	53.48914875	24.33416985	22.1766814				0.04925765254	0.352159438	-0.4014170905	0	0	0	-632.7475608		0.02962245351		
630.1875608	88	10	2	0.964284905		0.02935262587				55.06605019	36.06897862	8.864971186	53.44146285	23.97930622	22.57923093				0.04786650139	0.3562613396	-0.404127841	0	0	0	-630.1875608		0.02935262587		
627.6275608	88	10	2	0.9652462319		0.02908515375				54.98916386	35.95867915	9.052156981	53.39509924	23.62044683	22.98445393				0.04653931477	0.3602723357	-0.4068116505	0	0	0	-627.6275608		0.02908515375		
625.0675608	88	10	2	0.9661717454		0.02881920542				54.91524311	35.8447437	9.240013187	53.34998989	23.25769817	23.39231194				0.04528044157	0.3641763846	-0.4094568262	0	0	0	-625.0675608		0.02881920542		
622.5075608	88	10	2	0.9670629943		0.02855398745				54.84446973	35.72703448	9.428495788	53.30606222	22.89118344	23.80275433				0.04409444584	0.3679567186	-0.4120511645	0	0	0	-622.5075608		0.02855398745		
619.9475608	88	10	2	0.9679214306		0.02828874699				54.7770312	35.60540806	9.617560737	53.26323894	22.52104315	24.21571791				0.04298607575	0.371595934	-0.4145820097	0	0	0	-619.9475608		0.02828874699		
617.3875608	88	10	2	0.9687484174		0.0280227746				54.71312038	35.47971553	9.807164087	53.22143786	22.14743567	24.63112647				0.04196022564	0.3750761087	-0.4170363344	0	0	0	-617.3875608		0.0280227746		
614.8275608	88	10	2	0.9695452368		0.02775540756				54.65293509	35.34980278	9.997262132	53.18057182	21.77053763	25.04889055				0.04102189861	0.3783789259	-0.4194008245	0	0	0	-614.8275608		0.02775540756		
612.2675608	88	10	2	0.9703130969		0.02748603357				54.59667765	35.2155108	10.18781156	53.14054861	21.39054413	25.46890726				0.04017616137	0.3814858271	-0.4216619885	0	0	0	-612.2675608		0.02748603357		
609.7075608	88	10	2	0.9710531378		0.02721409476				54.54455442	35.07667599	10.37876959	53.10127096	21.00766883	25.8910602				0.03942809625	0.3843781828	-0.4238062791	0	0	0	-609.7075608		0.02721409476		
607.1475608	88	10	2	0.9717664383		0.02693909176				54.49677526	34.93313057	10.57009417	53.06263657	20.62214384	26.31521958				0.03878275	0.3870374799	-0.4258202299	0	0	0	-607.1475608		0.02693909176		
604.5875608	88	10	2	0.9724540203		0.02666058785				54.45355295	34.78470292	10.76174413	53.0245382	20.2342194	26.7412424				0.03824508029	0.3894455236	-0.4276906039	0	0	0	-604.5875608		0.02666058785		
602.0275608	88	10	2	0.9731168549		0.02637821286				54.4151026	34.63121806	10.95367933	52.98686382	19.84416332	27.16897286				0.03781983577	0.3915847278	-0.4294045636	0	0	0	-602.0275608		0.02637821286		
599.4675608	88	10	2	0.9737558662		0.02609166686				54.38164106	34.47249806	11.14586088	52.94949679	19.45226027	27.59824294				0.03751176475	0.3934380277	-0.4309497925	0	0	0	-599.4675608		0.02609166686		
596.9075608	88	10	2	0.9743719355		0.02580072319				54.35338628	34.30836246	11.33825126	52.91231614	19.05881081	28.02887305				0.03732515855	0.3949895745	-0.4323147331	0	0	0	-596.9075608		0.02580072319		
594.3475608	88	10	2	0.9749659059		0.02550523098				54.33055668	34.1386288	11.53081452	52.87519686	18.66413014	28.460673				0.03726407244	0.3962246374	-0.4334887098	0	0	0	-594.3475608		0.02550523098		
591.7875608	88	10	2	0.9755385848		0.02520511676				54.31337062	33.96311297	11.72351641	52.83801023	18.26854677	28.893443				0.03733220855	0.3971298975	-0.4344621061	0	0	0	-591.7875608		0.02520511676		
589.2275608	88	10	2	0.9760907477		0.02490038519				54.30204576	33.7816297	11.91632454	52.80062426	17.87240084	29.3269749				0.03753287325	0.3976936459	-0.4352265192	0	0	0	-589.2275608		0.02490038519		
586.6675608	88	10	2	0.9766231407		0.02459111866				54.29679861	33.59399291	12.10920848	52.76290408	17.4760424	29.76105352				0.03786894131	0.397905961	-0.4357749023	0	0	0	-586.6675608		0.02459111866		
584.1075608	88	10	2	0.9771364834		0.02427747583				54.29784403	33.4000161	12.30213987	52.72471242	17.07982946	30.19545812				0.03834282875	0.3977588589	-0.4361016876	0	0	0	-584.1075608		0.02427747583		
581.5475608	88	10	2	0.9776314705		0.02395968903				54.30539488	33.19951262	12.4950925	52.68591007	16.68412593	30.629964				0.03895647301	0.3972464151	-0.4362028881	0	0	0	-581.5475608		0.02395968903		
578.9875608	88	10	2	0.9781087743		0.0236380604				54.3196617	32.99229596	12.68804235	52.64635638	16.28929948	31.06434413				0.0397113245	0.3963648485	-0.436076173	0	0	0	-578.9875608		0.0236380604		
576.4275608	88	10	2	0.9785690462		0.02331295708				54.34085249	32.77817992	12.88096759	52.60590974	15.8957194	31.49837086				0.04060834744	0.3951125688	-0.4357209162	0	0	0	-576.4275608		0.02331295708		
573.8675608	88	10	2	0.979012918		0.02298480532				54.3691726	32.55697881	13.07384858	52.56442804	15.50375436	31.9318176				0.04164803105	0.3934901841	-0.4351382151	0	0	0	-573.8675608		0.02298480532		
571.3075608	88	10	2	0.9794410032		0.02265408368				54.40482472	32.3285075	13.26666778	52.52176915	15.11377025	32.3644606				0.04283041052	0.3915004689	-0.4343308794	0	0	0	-571.3075608		0.02265408368		
568.7475608	88	10	2	0.9798538982		0.0223213156				54.4480089	32.09258148	13.45940962	52.4777913	14.72612817	32.79608053				0.04415509728	0.3891482932	-0.4333033905	0	0	0	-568.7475608		0.0223213156		
566.1875608	88	10	2	0.9802521826		0.0219870614				54.49892269	31.84901691	13.6520604	52.43235352	14.34118233	33.22646415				0.04562131728	0.386440516	-0.4320618332	0	0	0	-566.1875608		0.0219870614		
563.6275608	88	10	2	0.9806364204		0.02165190992				54.55776137	31.59763061	13.84460802	52.38531593	13.95927831	33.65540575				0.04722795627	0.3833858462	-0.4306138024	0	0	0	-563.6275608		0.02165190992		
561.0675608	88	10	2	0.98100716		0.02131647008				54.62471819	31.33824006	14.03704175	52.33654006	13.58075133	34.08270861				0.04897361094	0.3799946816	-0.4289682926	0	0	0	-561.0675608		0.02131647008		
558.5075608	88	10	2	0.9813649349		0.02098136248				54.69998461	31.07066348	14.22935192	52.28588905	13.20592477	34.50818618				0.05085664011	0.3762788975	-0.4271355376	0	0	0	-558.5075608		0.02098136248		
555.9475608	88	10	2	0.9817102639		0.02064721121				54.78375055	30.79471992	14.42152953	52.23322787	12.83510888	34.93166325				0.05287522432	0.372251677	-0.4251269014	0	0	0	-555.9475608		0.02064721121		
553.3875608	88	10	2	0.9820436511		0.02031463609				54.87620465	30.51022949	14.61356586	52.17842343	12.46859974	35.35297683				0.0550274188	0.3679272717	-0.4229546905	0	0	0	-553.3875608		0.02031463609		
550.8275608	88	10	2	0.9823655863		0.01998424545				54.97753427	30.21701376	14.80545197	52.12134464	12.10667835	35.77197701				0.0573112065	0.3633207891	-0.4206319956	0	0	0	-550.8275608		0.01998424545		
548.2675608	88	10	2	0.9826765447		0.01965662951				55.08792554	29.9148963	14.99717816	52.06186244	11.74961004	36.18852752				0.05972454664	0.3584479761	-0.4181725227	0	0	0	-548.2675608		0.01965662951		
545.7075608	88	10	2	0.9829769873		0.01933235448				55.20756298	29.60370361	15.18873341	51.9998498	11.39764404	36.60250616				0.06226541646	0.3533250088	-0.4155904252	0	0	0	-545.7075608		0.01933235448		
543.1475608	88	10	2	0.9832673608		0.01901195735				55.33662902	29.28326629	15.38010469	51.93518163	11.05101322	37.01380515				0.06493184446	0.3479682955	-0.41290014	0	0	0	-543.1475608		0.01901195735		
540.5875608	88	10	2	0.9835480974		0.01869594146				55.47530297	28.95342073	15.57127629	51.86773475	10.70993406	37.42233119				0.0677219329	0.3423942957	-0.4101162286	0	0	0	-540.5875608		0.01869594146		
538.0275608	88	10	2	0.9838196153		0.01838477269				55.6237596	28.61401133	15.76222907	51.79738778	10.37460675	37.82800548				0.07063386749	0.3366193594	-0.4072532269	0	0	0	-538.0275608		0.01838477269		
535.4675608	88	10	2	0.984082318		0.01807887637				55.78216702	28.26489332	15.95293966	51.72402106	10.04521544	38.2307635				0.07366591188	0.3306595901	-0.404325502	0	0	0	-535.4675608		0.01807887637		
532.9075608	88	10	2	0.9843365949		0.01777863476				55.95068387	27.90593649	16.14337965	51.64751663	9.7219286	38.63055477				0.07681638477	0.3245307336	-0.4013471183	0	0	0	-532.9075608		0.01777863476		
530.3475608	88	10	2	0.9845828213		0.01748438498				56.12945553	27.53702973	16.33351474	51.56775816	9.40489945	39.02734239				0.0800836168	0.318248096	-0.3983317128	0	0	0	-530.3475608		0.01748438498		
527.7875608	88	10	2	0.9848213582		0.01719641748				56.31860923	27.15808684	16.52330393	51.48463106	9.09426645	39.42110249				0.08346588472	0.3118264918	-0.3952923765	0	0	0	-527.7875608		0.01719641748		
525.2275608	88	10	2	0.9850525522		0.01691497474				56.51824776	26.76905351	16.71269873	51.39802258	8.790153812	39.81182361				0.08696131965	0.3052802247	-0.3922415444	0	0	0	-525.2275608		0.01691497474		
522.6675608	88	10	2	0.9852767362		0.01664025039				56.72844171	26.36991587	16.90164241	51.30782212	8.492671994	40.19950589				0.09056778674	0.2986231038	-0.3891908906	0	0	0	-522.6675608		0.01664025039		
520.1075608	88	10	2	0.9854942287		0.01637238852				56.94921976	25.96071073	17.09006951	51.21392159	8.201918138	40.58416027				0.09428273319	0.2918684958	-0.386151229	0	0	0	-520.1075608		0.01637238852		
517.5475608	88	10	2	0.9857053344		0.01611148323				57.18055696	25.54153762	17.27790542	51.11621607	7.917976423	40.96580751				0.09810300266	0.2850294163	-0.383132419	0	0	0	-517.5475608		0.01611148323		
514.9875608	88	10	2	0.9859103441		0.0158575786				57.42236074	25.11257287	17.46506639	51.01460458	7.640918283	41.34447714				0.1020246147	0.2781186619	-0.3801432765	0	0	0	-514.9875608		0.0158575786		
512.4275608	88	10	2	0.9861095348		0.01561066895				57.67445444	24.67408564	17.65145992	50.90899117	7.370802453	41.72020637				0.1060425103	0.2711489823	-0.3771914927	0	0	0	-512.4275608		0.01561066895		
509.8675608	88	10	2	0.9863031678		0.01537057012				57.93657174	24.22644505	17.83698321	50.79928889	7.107675355	42.09303575				0.1101502671	0.264133295	-0.374283562	0	0	0	-509.8675608		0.01537057012		
507.3075608	88	10	2	0.9864914959		0.01513757192				58.20829945	23.77016599	18.02153455	50.68541261	6.851566765	42.46302063				0.1143409393	0.257086865	-0.3714278043	0	0	0	-507.3075608		0.01513757192		
504.7475608	88	10	2	0.9866747536		0.01491115085				58.48908182	23.30591606	18.20500212	50.56729162	6.602497479	42.8302109				0.1186023468	0.2500194386	-0.3686217853	0	0	0	-504.7475608		0.01491115085		
502.1875608	88	10	2	0.9868531628		0.01469120252				58.77820488	22.83451902	18.3872761	50.444867	6.360471645	43.19466136				0.1229229857	0.2429481223	-0.3658711079	0	0	0	-502.1875608		0.01469120252		
499.6275608	88	10	2	0.9870269328		0.01447755379				59.07475456	22.35699351	18.56825194	50.31809423	6.125476483	43.55642928				0.1272882418	0.2358896711	-0.3631779129	0	0	0	-499.6275608		0.01447755379		
497.0675608	88	10	2	0.9871962597		0.01426994705				59.3776095	21.87455465	18.74783584	50.18694631	5.897481861	43.91557182				0.1316804781	0.2288615856	-0.3605420637	0	0	0	-497.0675608		0.01426994705		
494.5075608	88	10	2	0.9873613271		0.01406811655				59.68542929	21.38861913	18.92595158	50.05141636	5.676438294	44.27214534				0.1360795207	0.2218832667	-0.3579627874	0	0	0	-494.5075608		0.01406811655		
491.9475608	88	10	2	0.9875223064		0.01387179433				59.99665515	20.90079711	19.10254774	49.91152	5.462275419	44.62620458				0.140462765	0.2149757163	-0.3554384812	0	0	0	-491.9475608		0.01387179433		
489.3875608	88	10	2	0.9876793576		0.01368071962				60.30952913	20.41286616	19.27760472	49.76729732	5.254900562	44.97780211				0.1448056445	0.2081613214	-0.3529669659	0	0	0	-489.3875608		0.01368071962		
486.8275608	88	10	2	0.98783263		0.01349465187				60.62213209	19.92672737	19.45114053	49.61881411	5.054197891	45.326988				0.1490824159	0.2014633532	-0.3505457691	0	0	0	-486.8275608		0.01349465187		
485.5475608	88	10	2	0.9879077062		0.006689572726				60.78925736	19.67414317	19.53659947	49.5435885	4.955734809	45.50067669				0.07582527283	0.09921794059	-0.1750432134	0	0	0	-485.5475608		0.006689572726		
484.9075608	88	10	2	0.9879448651		0.003330558094				60.87571269	19.54532502	19.57896229	49.50572774	4.906973318	45.58729894				0.03846412076	0.04950961643	-0.08797373719	0	0	0	-484.9075608		0.003330558094		
484.5875608	88	10	2	0.9879633505		0.001661702101				60.91958171	19.48036556	19.60005273	49.48673081	4.88271529	45.6305539				0.01959409329	0.02501175025	-0.04460584354	0	0	0	-484.5875608		0.001661702101		
484.4275608	88	10	2	0.9879725675		0.0008297335602				60.94191054	19.44753032	19.61055914	49.47722675	4.870605889	45.65216736				0.01011123932	0.01285316426	-0.02296440358	0	0	0	-484.4275608		0.0008297335602		
484.2675608	88	10	2	0.9879817739		0.0008292968105				60.96397576	19.41494861	19.62107562	49.46769291	4.858534302	45.67377279				0.01013096353	0.01282435486	-0.02295531839	0	0	0	-484.2675608		0.0008292968105		
484.1875608	88	10	2	0.9879863701		0.0004143560411				60.97510574	19.39857029	19.62632397	49.46292495	4.852503406	45.68457165				0.005367921153	0.006780855046	-0.0121487762	0	0	0	-484.1875608		0.0004143560411		
484.1475608	88	10	2	0.9879886669		0.0002071419184				60.98067187	19.39038078	19.62894735	49.46053919	4.849490464	45.68997034				0.002983542187	0.003764896689	-0.006748438877	0	0	0	-484.1475608		0.0002071419184		
484.1075608	88	10	2	0.9879909633		0.0002071146468				60.98621883	19.38220966	19.63157151	49.45815156	4.846479901	45.69536854				0.00298498427	0.003762780447	-0.006747764717	0	0	0	-484.1075608		0.0002071146468		
484.0875608	88	10	2	0.9879921108		0.0001034967478				60.98901261	19.3781054	19.63288199	49.45695825	4.844974307	45.69806745				0.001791385642	0.002256986797	-0.00404837244	0	0	0	-484.0875608		0.0001034967478		
484.0675608	88	10	2	0.9879932584		0.0001035329508				60.99178824	19.37401816	19.6341936	49.45576389	4.843469917	45.7007662				0.001791794208	0.002256318515	-0.004048112724	0	0	0	-484.0675608		0.0001035329508		
484.0575608	88	10	2	0.9879938319		5.174120001E-05				60.99319113	19.37196056	19.63484831	49.45516697	4.842717482	45.70211555				0.001194659152	0.001503982749	-0.002698641901	0	0	0	-484.0575608		5.174120001E-05		
484.0475608	88	10	2	0.9879944056		5.176030787E-05				60.99457942	19.36991658	19.635504	49.45456965	4.841965511	45.70346483				0.00119478279	0.001503744354	-0.002698527143	0	0	0	-484.0475608		5.176030787E-05		
484.0075608	88	10	2	0.9879966999		0.000207006572				61.00012039	19.36175233	19.63812728	49.45217915	4.838959196	45.70886165				0.002988502236	0.003757390883	-0.006745893118	0	0	0	-484.0075608		0.000207006572		
483.9875608	88	10	2	0.9879978467		0.0001034862602				61.00288651	19.35767449	19.639439	49.45098369	4.837456549	45.71155976				0.001793466536	0.00225371735	-0.004047183886	0	0	0	-483.9875608		0.0001034862602		
483.9475608	88	10	2	0.9880001401		0.0002069786564				61.00841376	19.34952383	19.64206241	49.44859111	4.834453245	45.71695564				0.002990657875	0.003754230149	-0.006744888024	0	0	0	-483.9475608		0.0002069786564		
483.8675608	88	10	2	0.9880047249		0.0004138065647				61.01944049	19.33324991	19.6473096	49.44380143	4.82845262	45.72774595				0.005388603064	0.00675039837	-0.01213900143	0	0	0	-483.8675608		0.0004138065647		
483.7075608	88	10	2	0.9880138847		0.0008268047425				61.04143774	19.30076059	19.65780167	49.43420667	4.816473329	45.74932				0.01019867292	0.01272343712	-0.02292211005	0	0	0	-483.7075608		0.0008268047425		
483.3875608	88	10	2	0.9880321696		0.001651081386				61.08495767	19.2362481	19.67879423	49.41494681	4.792611647	45.79244154				0.01987510149	0.02459346046	-0.04446856196	0	0	0	-483.3875608		0.001651081386		
482.7475608	88	10	2	0.9880686016		0.003293038118				61.16926713	19.10985762	19.72087525	49.3761103	4.745309802	45.8785799				0.03944677343	0.04803604505	-0.08748281847	0	0	0	-482.7475608		0.003293038118		
481.4675608	88	10	2	0.9881409196		0.006548128774				61.32913417	18.86556081	19.80530502	49.29731556	4.652247844	46.05043659				0.0794106603	0.09378532416	-0.1731959845	0	0	0	-481.4675608		0.006548128774		
478.9075608	88	10	2	0.9882833879		0.01294732618				61.61796445	18.40685566	19.97517989	49.13570708	4.471822874	46.39247004				0.1622569102	0.1811081413	-0.3433650515	0	0	0	-478.9075608		0.01294732618		
476.3475608	88	10	2	0.9884225901		0.01278003588				61.89961066	17.95636512	20.14402422	48.97047602	4.297254973	46.73226901				0.1658939889	0.1752293147	-0.3411233037	0	0	0	-476.3475608		0.01278003588		
473.7875608	88	10	2	0.9885586392		0.01261715815				62.17277144	17.51523004	20.31199853	48.80177616	4.128346228	47.06987761				0.1693761702	0.169548753	-0.3389249233	0	0	0	-473.7875608		0.01261715815		
471.2275608	88	10	2	0.9886916422		0.01245852621				62.43649082	17.08424812	20.47926106	48.62976931	3.96489369	47.405337				0.1726960526	0.16407195	-0.3367680026	0	0	0	-471.2275608		0.01245852621		
468.6675608	88	10	2	0.9888217033		0.01230425141				62.69006638	16.66396023	20.64597339	48.45461271	3.806694659	47.73869263				0.1758526407	0.1588007904	-0.3346534312	0	0	0	-468.6675608		0.01230425141		
466.1075608	88	10	2	0.988948919		0.01215390527				62.93341821	16.25433702	20.81224477	48.2764736	3.653545831	48.06998057				0.1788462075	0.1537315497	-0.3325777573	0	0	0	-466.1075608		0.01215390527		
463.5475608	88	10	2	0.9890733855		0.01200772879				63.16666975	15.85515511	20.97817515	48.09550312	3.505251529	48.39924535				0.181688069	0.1488587093	-0.3305467783	0	0	0	-463.5475608		0.01200772879		
460.9875608	88	10	2	0.9891951946		0.01186553395				63.39021298	15.46595371	21.14383331	47.91184402	3.361627219	48.72652876				0.1843866872	0.1441710805	-0.3285577676	0	0	0	-460.9875608		0.01186553395		
458.4275608	88	10	2	0.9893144348		0.01172721797				63.60463283	15.08610658	21.30926059	47.72562748	3.222500101	49.05187241				0.1869536595	0.1396568771	-0.3266105366	0	0	0	-458.4275608		0.01172721797		
455.8675608	88	10	2	0.9894311913		0.01159266991				63.81062906	14.71489573	21.47447521	47.53697238	3.087709951	49.37531767				0.1894013492	0.1353034767	-0.324704826	0	0	0	-455.8675608		0.01159266991		
453.3075608	88	10	2	0.989545546		0.01146177436				64.0089469	14.35157518	21.63947792	47.3459853	2.957109125	49.69690557				0.1917420766	0.1310982511	-0.3228403277	0	0	0	-453.3075608		0.01146177436		
450.7475608	88	10	2	0.989657578		0.0113344153				64.20032217	13.99541985	21.80425798	47.1527612	2.830561958	50.01667684				0.193987535	0.1270291767	-0.3210167117	0	0	0	-450.7475608		0.0113344153		
448.1875608	88	10	2	0.9897673633		0.0112104791				64.38544317	13.64575852	21.96879831	46.95738434	2.707943782	50.33467188				0.1961484316	0.1230852196	-0.3192336512	0	0	0	-448.1875608		0.0112104791		
445.6275608	88	10	2	0.9898749748		0.01108985686				64.56492801	13.30199221	22.13307978	46.75992949	2.589139751	50.65093076				0.1982343177	0.1192565246	-0.3174908423	0	0	0	-445.6275608		0.01108985686		
443.0675608	88	10	2	0.989980483		0.01097244571				64.73931475	12.96360104	22.29708422	46.56046306	2.474043626	50.96549331				0.2002535617	0.115534455	-0.3157880167	0	0	0	-443.0675608		0.01097244571		
440.5075608	88	10	2	0.9900839555		0.0108581495				64.90906067	12.63014302	22.46079631	46.35904423	2.362556619	51.27839915				0.2022134153	0.1119115336	-0.3141249489	0	0	0	-440.5075608		0.0108581495		
437.9475608	88	10	2	0.9901854572		0.01074687897				65.07454743	12.30124789	22.62420468	46.15572596	2.254586354	51.58968768				0.2041201324	0.1083813274	-0.3125014598	0	0	0	-437.9475608		0.01074687897		
435.3875608	88	10	2	0.9902850507		0.01063855152				65.23608923	11.97660846	22.78730231	45.95055583	2.150045964	51.89939821				0.2059791099	0.1049383082	-0.3109174181	0	0	0	-435.3875608		0.01063855152		
432.8275608	88	10	2	0.9903827964		0.01053309092				65.39394218	11.6559713	22.95008652	45.74357674	2.04885333	52.20756993				0.2077950279	0.1015777121	-0.30937274	0	0	0	-432.8275608		0.01053309092		
430.2675608	88	10	2	0.9904787522		0.01043042685				65.54831335	11.33912788	23.11255877	45.53482752	1.950930447	52.51424203				0.2095719802	0.0982954095	-0.3078673897	0	0	0	-430.2675608		0.01043042685		
427.7075608	88	10	2	0.990572974		0.01033049454				65.69936905	11.02590662	23.27472433	45.3243434	1.856202907	52.81945369				0.2113135864	0.09508779285	-0.3064013792	0	0	0	-427.7075608		0.01033049454		
425.1475608	88	10	2	0.9906655158		0.01023323437				65.84724184	10.71616619	23.43659196	45.11215638	1.764599469	53.12324416				0.2130230869	0.09195168236	-0.3049747693	0	0	0	-425.1475608		0.01023323437		
422.5875608	88	10	2	0.9907564293		0.01013859156				65.99203628	10.4097901	23.59817362	44.89829551	1.676051711	53.42565278				0.2147034202	0.0888842502	-0.3035876704	0	0	0	-422.5875608		0.01013859156		
420.0275608	88	10	2	0.9908457649		0.01004651594				66.13383353	10.10668227	23.7594842	44.68278718	1.59049374	53.72671908				0.2163572848	0.08588295929	-0.3022402441	0	0	0	-420.0275608		0.01004651594		
417.4675608	88	10	2	0.9909335709		0.009956961759				66.27269495	9.806763624	23.92054143	44.46565527	1.507861947	54.02648278				0.2179871899	0.08294551572	-0.3009327056	0	0	0	-417.4675608		0.009956961759		
414.9075608	88	10	2	0.991019894		0.009869887505				66.40866485	9.509969449	24.0813657	44.2469213	1.428094806	54.32498389				0.2195954948	0.08006983109	-0.2996653259	0	0	0	-414.9075608		0.009869887505		
412.3475608	88	10	2	0.9911047796		0.009785255849				66.54177257	9.216247327	24.2419801	44.02660457	1.351132698	54.62226273				0.2211844416	0.07725399309	-0.2984384347	0	0	0	-412.3475608		0.009785255849		
409.7875608	88	10	2	0.9911882714		0.009703033576				66.67203403	8.925555575	24.4024104	43.80472223	1.276917756	54.91836001				0.2227561816	0.07449624239	-0.297252424	0	0	0	-409.7875608		0.009703033576		
407.2275608	88	10	2	0.9912704118		0.009623191557				66.79945278	8.637862071	24.56268515	43.58128935	1.205393733	55.21331691				0.2243127973	0.07179495427	-0.2961077516	0	0	0	-407.2275608		0.009623191557		
404.6675608	88	10	2	0.9913512418		0.009545704767				66.92402085	8.353143351	24.7228358	43.35631899	1.136505881	55.50717513				0.2258563215	0.06914862422	-0.2950049457	0	0	0	-404.6675608		0.009545704767		
402.1075608	88	10	2	0.9914308013		0.009470552385				67.04571922	8.071383938	24.88289684	43.1298222	1.070200843	55.79997696				0.2273887536	0.06655585639	-0.29394461	0	0	0	-402.1075608		0.009470552385		
399.5475608	88	10	2	0.991509129		0.009397717697				67.16451807	7.79257588	25.04290605	42.90180807	1.006426555	56.09176537				0.2289120736	0.06401535377	-0.2929274274	0	0	0	-399.5475608		0.009397717697		
396.9875608	88	10	2	0.9915862625		0.009327188683				67.28037699	7.51671834	25.20290467	42.67228372	0.9451321529	56.38258413				0.2304282573	0.06152591147	-0.2919541688	0	0	0	-396.9875608		0.009327188683		
394.4275608	88	10	2	0.9916622385		0.009258989136				67.3932485	7.243814677	25.36293683	42.44125345	0.8862677132	56.67247884				0.2319392838	0.05908640858	-0.2910256924	0	0	0	-394.4275608		0.009258989136		
391.8675608	88	10	2	0.9917370922		0.009193022834				67.50306243	6.973883963	25.5230536	42.20872199	0.8297848846	56.96149313				0.233446337	0.05669561407	-0.2901419511	0	0	0	-391.8675608		0.009193022834		
389.3075608	88	10	2	0.9918108586		0.009129382161				67.60974975	6.706942718	25.68330753	41.97468972	0.7756357275	57.24967456				0.2349530025	0.05435294527	-0.2893059478	0	0	0	-389.3075608		0.009129382161		
386.7475608	88	10	2	0.9918835716		0.009068044429				67.7132253	6.443017671	25.84375703	41.73915569	0.7237733741	57.53707093				0.2364606236	0.05205732689	-0.2885179505	0	0	0	-386.7475608		0.009068044429		
384.1875608	88	10	2	0.9919552642		0.009009021803				67.81339165	6.182142538	26.00446581	41.50211684	0.6741517708	57.82373139				0.2379713355	0.04980794231	-0.2877792778	0	0	0	-384.1875608		0.009009021803		
381.6275608	88	10	2	0.9920259689		0.008952332134				67.91013841	5.924358225	26.16550336	41.26356789	0.6267256076	58.1097065				0.2394873431	0.04760404476	-0.2870913879	0	0	0	-381.6275608		0.008952332134		
379.0675608	88	10	2	0.9920957176		0.008897999348				68.00334143	5.6697131	26.32694547	41.02350129	0.58145025	58.39504846				0.2410109347	0.04544495655	-0.2864558913	0	0	0	-379.0675608		0.008897999348		
376.5075608	88	10	2	0.9921645414		0.008846053876				68.09286181	5.418263339	26.48887485	40.78190711	0.53828167	58.67981122				0.2425444967	0.04333006892	-0.2858745656	0	0	0	-376.5075608		0.008846053876		
373.9475608	88	10	2	0.992232471		0.008796533134				68.17854487	5.170073335	26.6513818	40.53877295	0.4971763769	58.96405067				0.2440905288	0.04125884251	-0.2853493713	0	0	0	-373.9475608		0.008796533134		
371.3875608	88	10	2	0.9922995368		0.008749482082				68.26021885	4.925216198	26.81456495	40.29408375	0.4580913473	59.2478249				0.245651661	0.0392308085	-0.2848824695	0	0	0	-371.3875608		0.008749482082		
368.8275608	88	10	2	0.9923657687		0.008704953842				68.33769362	4.683774328	26.97853206	40.04782173	0.4209839526	59.53119432				0.2472306709	0.03724557054	-0.2844762415	0	0	0	-368.8275608		0.008704953842		
366.2675608	88	10	2	0.9924311962		0.008663010406				68.41075899	4.445840079	27.14340093	39.79996614	0.3858118846	59.81422198				0.2488305041	0.03530280733	-0.2841333114	0	0	0	-366.2675608		0.008663010406		
363.7075608	88	10	2	0.9924958487		0.008623723425				68.47918306	4.211516519	27.30930042	39.55049313	0.352533077	60.0969738				0.2504542942	0.0334022761	-0.2838565703	0	0	0	-363.7075608		0.008623723425		
361.1475608	88	10	2	0.9925597554		0.008587175092				68.5427102	3.980918289	27.47637151	39.2993755	0.3211056231	60.37951888				0.2521053864	0.031543817	-0.2836492034	0	0	0	-361.1475608		0.008587175092		
358.5875608	88	10	2	0.9926229455		0.008553459129				68.60105889	3.754172577	27.64476853	39.0465825	0.2914876876	60.66192982				0.2537873615	0.02972735845	-0.28351472	0	0	0	-358.5875608		0.008553459129		
356.0275608	88	10	2	0.992685448		0.008522681883				68.6539193	3.531420208	27.81466049	38.79207954	0.2636374127	60.94428305				0.2555040628	0.02795292363	-0.2834569864	0	0	0	-356.0275608		0.008522681883		
354.7475608	88	10	2	0.9927163729		0.004250326591				68.68551161	3.41666602	27.89782237	38.66448037	0.2501787051	61.08534092				0.1286003357	0.01356047658	-0.1421608122	0	0	0	-354.7475608		0.004250326591		
353.4675608	88	10	2	0.9927471374		0.004243621097				68.71483136	3.303524735	27.98164391	38.5364143	0.2371663343	61.22641937				0.129072092	0.01311102785	-0.1421831199	0	0	0	-353.4675608		0.004243621097		
352.8275608	88	10	2	0.9927624419		0.002119409914				68.73069201	3.246178445	28.02312954	38.47228817	0.2307738754	61.29693795				0.06513192742	0.006488911714	-0.07162083914	0	0	0	-352.8275608		0.002119409914		
352.1875608	88	10	2	0.9927777068		0.002117736432				68.74582049	3.189346865	28.06483264	38.4080407	0.22449511	61.36746419				0.0652532644	0.006375172192	-0.07162843659	0	0	0	-352.1875608		0.002117736432		
351.8675608	88	10	2	0.9927853203		0.001058296636				68.75365911	3.160755185	28.08558571	38.37589252	0.2213841692	61.40272331				0.03315343213	0.003206968917	-0.03636040105	0	0	0	-351.8675608		0.001058296636		
351.7075608	88	10	2	0.9927891221		0.0005289846895				68.75764048	3.146420818	28.0959387	38.3598126	0.2198360222	61.42035138				0.01708470433	0.001644337434	-0.01872904176	0	0	0	-351.7075608		0.0005289846895		
351.6275608	88	10	2	0.9927910212		0.0002643958537				68.7596927	3.139213172	28.10109413	38.35177309	0.2190626054	61.4291643				0.009046164212	0.0008684640774	-0.00991462829	0	0	0	-351.6275608		0.0002643958537		
351.5875608	88	10	2	0.9927919702		0.000132127068				68.76073904	3.135595999	28.10366497	38.34775363	0.2186759379	61.43357043				0.005025762053	0.0004818756914	-0.005507637744	0	0	0	-351.5875608		0.000132127068		
351.5675608	88	10	2	0.9927924447		6.606495155E-05				68.76126024	3.133788751	28.10495101	38.34574368	0.2184827899	61.43577353				0.003015248138	0.000288919528	-0.003304167666	0	0	0	-351.5675608		6.606495155E-05		
351.5575608	88	10	2	0.9927926817		3.300356478E-05				68.7615187	3.132886686	28.10559461	38.34473954	0.2183863472	61.43687411				0.002009914481	0.0001925271705	-0.002202441651	0	0	0	-351.5575608		3.300356478E-05		
351.5475608	88	10	2	0.992792919		3.30525899E-05				68.76177081	3.13198873	28.10624046	38.34373415	0.2182900423	61.43797581				0.002010862274	0.0001925566321	-0.002203418906	0	0	0	-351.5475608		3.30525899E-05		
351.5075608	88	10	2	0.9927938689		0.0001323078746				68.76276714	3.128403866	28.10882899	38.33971084	0.2179052438	61.44238392				0.005027875368	0.0004808523637	-0.005508727732	0	0	0	-351.5075608		0.0001323078746		
351.4875608	88	10	2	0.9927943434		6.609748429E-05				68.76327058	3.126609588	28.11011984	38.33769979	0.2177129721	61.44458724				0.003015858716	0.0002882461201	-0.003304104836	0	0	0	-351.4875608		6.609748429E-05		
351.4475608	88	10	2	0.9927952927		0.0001322335698				68.76425532	3.123033743	28.11271094	38.33367642	0.2173291217	61.44899446				0.005027904752	0.0004799435414	-0.005507848293	0	0	0	-351.4475608		0.0001322335698		
351.3675608	88	10	2	0.9927971909		0.00026444499				68.76620539	3.115895232	28.11789937	38.32562776	0.2165629997	61.45780925				0.009053411745	0.0008620232583	-0.009915435003	0	0	0	-351.3675608		0.00026444499		
351.2075608	88	10	2	0.992800986		0.0005288011402				68.77002846	3.101670519	28.12830103	38.30952271	0.2150370519	61.47544024				0.01711095366	0.001621032747	-0.01873198641	0	0	0	-351.2075608		0.0005288011402		
350.8875608	88	10	2	0.9928085705		0.001057178834				68.77729741	3.073475564	28.14922702	38.27727866	0.2120119999	61.51070934				0.03325194092	0.003118675905	-0.03637061683	0	0	0	-350.8875608		0.001057178834		
350.2475608	88	10	2	0.9928237217		0.002113446842				68.79032101	3.018105104	28.19157388	38.21265385	0.2060691168	61.58127704				0.06563564869	0.00603424504	-0.07166989373	0	0	0	-350.2475608		0.002113446842		
348.9675608	88	10	2	0.9928539536		0.00422347427				68.81075754	2.911117854	28.2781246	38.08287135	0.1945974542	61.7225312				0.1307975459	0.01155964508	-0.142357191	0	0	0	-348.9675608		0.00422347427		
347.6875608	88	10	2	0.9928840419		0.004218753862				68.82918285	2.805494319	28.36532283	37.95261079	0.1835360833	61.86385312				0.1312839397	0.01114490989	-0.1424288495	0	0	0	-347.6875608		0.004218753862		
346.4075608	88	10	2	0.9929139903		0.004214462251				68.84550414	2.701279939	28.45321592	37.82186252	0.1728803047	62.00525717				0.1317764123	0.01073632681	-0.1425127391	0	0	0	-346.4075608		0.004214462251		
345.1275608	88	10	2	0.9929438026		0.004210677072				68.85969216	2.598478473	28.54182937	37.69061932	0.162623769	62.14675692				0.1322752867	0.01033399824	-0.1426092849	0	0	0	-345.1275608		0.004210677072		
343.8475608	88	10	2	0.9929734826		0.004207340255				68.87170936	2.497101081	28.63118956	37.55887526	0.152760388	62.28836435				0.1327801312	0.009937806379	-0.1427179376	0	0	0	-343.8475608		0.004207340255		
342.5675608	88	10	2	0.9930030344		0.004204529244				68.88151315	2.397160843	28.72132601	37.42662201	0.1432839517	62.43009404				0.1332924187	0.009547805839	-0.1428402245	0	0	0	-342.5675608		0.004204529244		
340.0075608	88	10	2	0.9930619293		0.00840611873				68.8816651	2.209775792	28.90855911	37.15996564	0.1257654434	62.71426892				0.2677065093	0.01758185952	-0.2852883689	0	0	0	-340.0075608		0.00840611873		
337.4475608	88	10	2	0.9931203551		0.008401438135				68.87447978	2.026881104	29.09863912	36.89126061	0.109658011	62.99908138				0.26976333	0.01616545437	-0.2859287843	0	0	0	-337.4475608		0.008401438135		
334.8875608	88	10	2	0.9931783449		0.008401244252				68.85901589	1.84898216	29.29200195	36.62041626	0.09492171985	63.28466202				0.2719112427	0.01478910072	-0.2867003434	0	0	0	-334.8875608		0.008401244252		
332.3275608	88	10	2	0.9932359325		0.00840578909				68.83432405	1.676576608	29.48909935	36.34733751	0.08151395872	63.57114853				0.274154628	0.0134555362	-0.2876101642	0	0	0	-332.3275608		0.00840578909		
329.7675608	88	10	2	0.9932931525		0.008415394232				68.79943442	1.510161098	29.69040448	36.0719226	0.06938929516	63.8586881				0.2765001672	0.01216759339	-0.2886677606	0	0	0	-329.7675608		0.008415394232		
327.2075608	88	10	2	0.9933500409		0.008430403673				68.75334699	1.350238135	29.89641488	35.79406254	0.05849941556	64.14743805				0.2789551392	0.01092816512	-0.2898833043	0	0	0	-327.2075608		0.008430403673		
324.6475608	88	10	2	0.9934066347		0.008451182035				68.69502559	1.197320541	30.10765387	35.51364062	0.04879299954	64.43756638				0.2815272642	0.009740270372	-0.2912675346	0	0	0	-324.6475608		0.008451182035		
322.0875608	88	10	2	0.9934629721		0.008478109808				68.62339651	1.051933305	30.32467019	35.23053225	0.04021554466	64.7292522				0.28422447	0.008607104325	-0.2928315744	0	0	0	-322.0875608		0.008478109808		
319.5275608	88	10	2	0.9935190925		0.008511575181				68.53735261	0.9146122856	30.5480351	34.94460506	0.03270915934	65.02268578				0.2870545697	0.007532069965	-0.2945866397	0	0	0	-319.5275608		0.008511575181		
316.9675608	88	10	2	0.9935750362		0.008551961341				68.43576464	0.7858990201	30.77833634	34.65571943	0.02621234779	65.31806823				0.2900248219	0.006518786157	-0.296543608	0	0	0	-316.9675608		0.008551961341		
314.4075608	88	10	2	0.9936308443		0.008599627979				68.31750167	0.6663305769	31.01616776	34.36372962	0.02065981903	65.61561056				0.2931413459	0.005571063168	-0.2987124091	0	0	0	-314.4075608		0.008599627979		
311.8475608	88	10	2	0.9936865583		0.008654885795				68.18146297	0.5564232264	31.2621138	34.0684857	0.0159823647	65.91553193				0.296408371	0.00469283347	-0.3011012045	0	0	0	-311.8475608		0.008654885795		
309.2875608	88	10	2	0.9937422195		0.008717963242				68.02662381	0.4566486214	31.51672757	33.76983629	0.01210686567	66.21805684				0.2998273194	0.003888022141	-0.3037153415	0	0	0	-309.2875608		0.008717963242		
306.7275608	88	10	2	0.9937978679		0.008788965878				67.85209669	0.3674014782	31.78050183	33.46763241	0.008956504734	66.52341108				0.3033957649	0.003160339672	-0.3065561045	0	0	0	-306.7275608		0.008788965878		
304.1675608	88	10	2	0.9938535416		0.008867830837				67.65720837	0.2889585911	32.05383303	33.16173237	0.006451277416	66.83181635				0.307106379	0.002512982366	-0.3096193614	0	0	0	-304.1675608		0.008867830837		
301.6075608	88	10	2	0.9939092753		0.008954282286				67.44158935	0.221430727	32.33697993	32.85200749	0.004508897919	67.14348361				0.3109460737	0.001948235396	-0.3128943091	0	0	0	-301.6075608		0.008954282286		
300	88	10	2	0.9939442275		0.00566534919				67.29953033	0.1822282519	32.51824142	32.65573835	0.0034963247	67.34076532				0.1974977118	0.00101778515	-0.198515497	0	0	0	-300		0.00566534919		
