T	w(AL)	w(CU)	w(LI)	fs	fw(@FCC_A1#1)	fw(@FCC_A1#2)	w(AL@FCC_A1#1)	w(CU@FCC_A1#1)	w(LI@FCC_A1#1)	w(AL@FCC_A1#2)	w(CU@FCC_A1#2)	w(LI@FCC_A1#2)	w(AL@LIQUID)	w(CU@LIQUID)	w(LI@LIQUID)	dwdT_L(AL@FCC_A1#1)	dwdT_L(CU@FCC_A1#1)	dwdT_L(LI@FCC_A1#1)	dwdT_L(AL@FCC_A1#2)	dwdT_L(CU@FCC_A1#2)	dwdT_L(LI@FCC_A1#2)	dwdT_L(AL@LIQUID)	dwdT_L(CU@LIQUID)	dwdT_L(LI@LIQUID)	-T	fw(@FCC_A1#1)_1	fw(@FCC_A1#2)_1	-T//fw(@FCC_A1)	
K	%	%	%	mole/mole	kg/kg	kg/kg	%	%	%	%	%	%	%	%	%	SI	SI	SI	SI	SI	SI	SI	SI	SI					
830.0099118	75	20	5	0	0		96.7408071	0.4433364279	2.815856475				75	20	5	0.001313842569	-0.001181856535	-0.0001319860336				0.001313842569	-0.001181856535	-0.0001319860336	-830.0099118	0			
829.9999118	75	20	5	6.345484942E-05	6.052731155E-05		96.74066523	0.4433589376	2.815975834				74.99868683	20.00118095	5.00013222	0.002627608517	-0.002363656847	-0.0002639516701				0	0	0	-829.9999118	6.052731155E-05			
829.9799118	75	20	5	0.0001901082507	0.0001208533405		96.74038173	0.4434040725	2.816214194				74.99605926	20.0035446	5.000396143	0.003941151691	-0.003545288415	-0.0003958632763				0	0	0	-829.9799118	0.0001208533405			
829.9399118	75	20	5	0.0004432757518	0.0002415993797		96.73981507	0.4434942598	2.816690668				74.99080537	20.00827086	5.000923767	0.00656712294	-0.005907624514	-0.0006594984262				0	0	0	-829.9399118	0.0002415993797			
829.8599118	75	20	5	0.0009490989577	0.0004828127251		96.73868166	0.4436746108	2.817643727				74.9803017	20.01772008	5.001978224	0.01181626428	-0.01063008071	-0.001186183574				0	0	0	-829.8599118	0.0004828127251			
829.6999118	75	20	5	0.001958680339	0.0009639748664		96.73641544	0.4440349721	2.81954959				74.95931094	20.03660499	5.004084077	0.0223024314	-0.02006530726	-0.00223712414				0	0	0	-829.6999118	0.0009639748664			
829.3799118	75	20	5	0.00396971932	0.001921819473		96.73188556	0.4447544335	2.82336001				74.91739465	20.07432218	5.008283173	0.04322647061	-0.03889714843	-0.004329322183				0	0	0	-829.3799118	0.001921819473			
828.7399118	75	20	5	0.007959629208	0.003819342805		96.72283599	0.4461883185	2.830975688				74.83382147	20.14954732	5.016631217	0.0848827942	-0.0764075154	-0.008475278799				0	0	0	-828.7399118	0.003819342805			
827.4599118	75	20	5	0.01581351285	0.007543431417		96.70477727	0.4490360307	2.846186696				74.66769679	20.29917381	5.033129394	0.1674396173	-0.1508238829	-0.01661573444				0	0	0	-827.4599118	0.007543431417			
824.8999118	75	20	5	0.03101569572	0.01470425037		96.6688356	0.4546609632	2.876503437				74.33935693	20.59532885	5.065314219	0.329613099	-0.2973048738	-0.03230822523				0	0	0	-824.8999118	0.01470425037			
822.3399118	75	20	5	0.04557579293	0.01428224157		96.63305753	0.460158684	2.906783789				74.01634444	20.88706623	5.096589324	0.3242624115	-0.2928680454	-0.03139436607				0	0	0	-822.3399118	0.01428224157			
819.7799118	75	20	5	0.05953717786	0.01388256582		96.59743751	0.4655293781	2.937033114				73.69845234	21.17455631	5.126991354	0.3191225813	-0.2886045745	-0.03051800686				0	0	0	-819.7799118	0.01388256582			
817.2199118	75	20	5	0.07294000851	0.01350426973		96.56196828	0.4707733694	2.967258346				73.385475	21.45796898	5.156556026	0.3141891335	-0.2845116375	-0.029677496				0	0	0	-817.2199118	0.01350426973			
814.6599118	75	20	5	0.08582069317	0.01314560146		96.52664365	0.4758907232	2.997465626				73.07722227	21.73746127	5.18531646	0.3094465434	-0.2805763178	-0.02887022558				0	0	0	-814.6599118	0.01314560146			
812.0999118	75	20	5	0.09821245889	0.01280512692		96.49145781	0.4808813729	3.027660815				72.77351478	22.01318149	5.213303727	0.3048839909	-0.2767898523	-0.02809413855				0	0	0	-812.0999118	0.01280512692			
809.5399118	75	20	5	0.1101456962	0.01248154608		96.45640534	0.4857451318	3.057849526				72.47418314	22.28526985	5.240547009	0.3004914688	-0.2731441268	-0.02734734198				0	0	0	-809.5399118	0.01248154608			
806.9799118	75	20	5	0.1216482586	0.01217367711		96.42148116	0.4904817037	3.088037135				72.17906719	22.55385906	5.267073751	0.2962596954	-0.2696316055	-0.02662808986				0	0	0	-806.9799118	0.01217367711			
804.4199118	75	20	5	0.1327457258	0.0118804438		96.3866805	0.4950906928	3.118228808				71.88801538	22.81907483	5.292909786	0.2921800539	-0.2662452843	-0.02593476954				0	0	0	-804.4199118	0.0118804438			
801.8599118	75	20	5	0.1434616328	0.01160086341		96.35199888	0.4995716118	3.148429511				71.60088412	23.08103642	5.318079468	0.2882445356	-0.2629786462	-0.02526588944				0	0	0	-801.8599118	0.01160086341			
799.2999118	75	20	5	0.1538176738	0.01133403809		96.31743194	0.50392392	3.178644142				71.31753724	23.33985699	5.342605769	0.2844456883	-0.2598256203	-0.02462006798				0	0	0	-799.2999118	0.01133403809			
796.7399118	75	20	5	0.163833881	0.01107914545		96.28297599	0.5081469137	3.208877092				71.03784552	23.59564409	5.366510387	0.2807765694	-0.2567805457	-0.02399602371				0	0	0	-796.7399118	0.01107914545			
794.1799118	75	20	5	0.1735287827	0.0108354309		96.24862716	0.5122399082	3.239132931				70.76168616	23.84850001	5.389813832	0.2772307045	-0.2538381379	-0.02339256655				0	0	0	-794.1799118	0.0108354309			
791.6199118	75	20	5	0.1829195444	0.01060220107		96.2143819	0.5162021278	3.269415971				70.48894238	24.09852211	5.412535513	0.2738020488	-0.2509934591	-0.02280858974				0	0	0	-791.6199118	0.01060220107			
789.0599118	75	20	5	0.1920220931	0.01037881778		96.18023687	0.5200327414	3.299730393				70.21950305	24.34580314	5.434693812	0.270485854	-0.2482427169	-0.02224313708				0	0	0	-789.0599118	0.01037881778			
786.4999118	75	20	5	0.200851229	0.01016469275		96.14618888	0.5237308678	3.330080249				69.9532623	24.59043155	5.456306152	0.2672750148	-0.2455799178	-0.02169509697				0	0	0	-786.4999118	0.01016469275			
783.9399118	75	20	5	0.2094207253	0.00995928292		96.11223494	0.5272955816	3.360469478				69.69011917	24.83249176	5.477389064	0.2641655006	-0.243001851	-0.02116364952				0	0	0	-783.9399118	0.00995928292			
781.3799118	75	20	5	0.2177434166	0.009762086227		96.07837217	0.5307259182	3.390901908				69.42997736	25.07206439	5.497958246	0.261152671	-0.2405047141	-0.02064795688				0	0	0	-781.3799118	0.009762086227			
778.8199118	75	20	5	0.2258312794	0.009572637851		96.04459785	0.5340208787	3.421381269				69.17274488	25.30922651	5.518028611	0.2582321719	-0.2380849367	-0.02014723523				0	0	0	-778.8199118	0.009572637851			
776.2599118	75	20	5	0.2336955034	0.009390506931		96.01090937	0.5371794348	3.451911196				68.91833382	25.54405184	5.537614344	0.2553999138	-0.2357391633	-0.01966075053				0	0	0	-776.2599118	0.009390506931			
773.6999118	75	20	5	0.2413465568	0.009215293532		95.97730423	0.5402005334	3.482495236				68.66666011	25.77661095	5.556728943	0.2526520522	-0.2334642376	-0.0191878146				0	0	0	-773.6999118	0.009215293532			
771.1399118	75	20	5	0.2487942437	0.009046625962		95.94378004	0.5430831006	3.513136856				68.41764327	26.00697147	5.575385263	0.2499849697	-0.2312571881	-0.01872778158				0	0	0	-771.1399118	0.009046625962			
768.5799118	75	20	5	0.2560477579	0.008884158365		95.91033451	0.5458260468	3.543839446				68.17120622	26.23519823	5.593595553	0.2473952598	-0.2291152151	-0.01828004472				0	0	0	-768.5799118	0.008884158365			
766.0199118	75	20	5	0.2631157297	0.008727568533		95.8769654	0.54842827	3.574606326				67.92727509	26.46135342	5.611371496	0.2448797118	-0.2270356783	-0.01784403345				0	0	0	-766.0199118	0.008727568533			
763.4599118	75	20	5	0.2700062699	0.008576555997		95.84367059	0.5508886604	3.605440748				67.685779	26.68549676	5.628724238	0.2424352969	-0.2250160862	-0.01741921069				0	0	0	-763.4599118	0.008576555997			
760.8999118	75	20	5	0.2767270084	0.008430840176		95.81044799	0.5532061042	3.636345902				67.44664995	26.90768563	5.645664422	0.2400591557	-0.2230540853	-0.01700507042				0	0	0	-760.8999118	0.008430840176			
758.3399118	75	20	5	0.2832851308	0.008290158834		95.77729559	0.5553794877	3.667324922				67.20982261	27.12797518	5.662202214	0.2377485869	-0.2211474515	-0.01660113545				0	0	0	-758.3399118	0.008290158834			
755.7799118	75	20	5	0.2896874104	0.008154266609		95.74421141	0.5574077007	3.698380886				66.9752342	27.34641847	5.678347334	0.2355010362	-0.2192940808	-0.01620695533				0	0	0	-755.7799118	0.008154266609			
753.2199118	75	20	5	0.2959402381	0.008022933696		95.71119354	0.5592896409	3.72951682				66.74282435	27.56306657	5.694109074	0.2333140865	-0.2174919819	-0.01582210455				0	0	0	-753.2199118	0.008022933696			
750.6599118	75	20	5	0.3020496494	0.007895944656		95.67824008	0.5610242171	3.760735705				66.51253498	27.77796869	5.709496329	0.2311854494	-0.2157392686	-0.01544618076				0	0	0	-750.6599118	0.007895944656			
748.0999118	75	20	5	0.30802135	0.007773097321		95.64534917	0.5626103533	3.792040473				66.28431015	27.99117224	5.724517612	0.2291129561	-0.2140341529	-0.01507880319				0	0	0	-748.0999118	0.007773097321			
745.5399118	75	20	5	0.3138607375	0.007654201803		95.61251899	0.5640469925	3.823434016				66.05809597	28.20272295	5.739181079	0.2270945504	-0.2123749392	-0.01471961122				0	0	0	-745.5399118	0.007654201803			
742.9799118	75	20	5	0.3195729231	0.00753907959		95.57974771	0.5653330997	3.854919187				65.83384052	28.41266494	5.753494544	0.2251282811	-0.2107600181	-0.01436826304				0	0	0	-742.9799118	0.00753907959			
740.4199118	75	20	5	0.3251627507	0.007427562716		95.54703353	0.5664676666	3.8864988				65.61149369	28.62104081	5.767465497	0.2232122956	-0.2091878612	-0.01402443439				0	0	0	-740.4199118	0.007427562716			
737.8599118	75	20	5	0.3306348143	0.007319493006		95.51437465	0.5674497143	3.918175633				65.39100716	28.82789172	5.781101124	0.2213448337	-0.2076570163	-0.01368781744				0	0	0	-737.8599118	0.007319493006			
735.2999118	75	20	5	0.3359934744	0.007214721383		95.48176927	0.5682782975	3.94995243				65.17233425	29.03325744	5.794408318	0.2195242222	-0.2061661025	-0.01335811972				0	0	0	-735.2999118	0.007214721383			
732.7399118	75	20	5	0.3412428732	0.007113107229		95.44921559	0.5689525082	3.981831907				64.95542987	29.23717644	5.807393694	0.2177488693	-0.2047138061	-0.01303506317				0	0	0	-732.7399118	0.007113107229			
730.1799118	75	20	5	0.3463869481	0.007014517806		95.41671178	0.5694714788	4.013816744				64.74025044	29.43968595	5.820063606	0.2160172599	-0.2032988767	-0.01271838322				0	0	0	-730.1799118	0.007014517806			
727.6199118	75	20	5	0.3514294447	0.006918827717		95.38425602	0.5698343865	4.045909596				64.52675383	29.64082201	5.832424154	0.2143279513	-0.2019201234	-0.01240782796				0	0	0	-727.6199118	0.006918827717			
725.0599118	75	20	5	0.3563739288	0.006825918414		95.35184645	0.5700404563	4.078113089				64.31489927	29.84061952	5.844481202	0.2126795686	-0.2005764112	-0.01210315738				0	0	0	-725.0599118	0.006825918414			
722.4999118	75	20	5	0.3612237969	0.006735677739		95.31948121	0.570088965	4.110429824				64.1046473	30.03911232	5.856240383	0.2110708009	-0.1992666583	-0.01180414262				0	0	0	-722.4999118	0.006735677739			
719.9399118	75	20	5	0.3659822869	0.006647999513		95.28715838	0.5699792447	4.142862375				63.89595969	30.2363332	5.867707116	0.2095003979	-0.1979898325	-0.01151056533				0	0	0	-719.9399118	0.006647999513			
717.3799118	75	20	5	0.370652487	0.006562783141		95.25487602	0.5697106866	4.175413292				63.68879942	30.43231398	5.878886608	0.207967166	-0.196744949	-0.01122221703				0	0	0	-717.3799118	0.006562783141			
714.8199118	75	20	5	0.3752373451	0.006479933259		95.22263215	0.5692827444	4.208085101				63.48313059	30.62708554	5.889783871	0.2064699657	-0.1955310672	-0.01093889857				0	0	0	-714.8199118	0.006479933259			
712.2599118	75	20	5	0.3797396762	0.006399359402		95.19042475	0.568694938	4.240880308				63.27891839	30.82067788	5.900403726	0.2050077083	-0.1943472887	-0.01066041953				0	0	0	-712.2599118	0.006399359402			
709.6999118	75	20	5	0.3841621705	0.006320975699		95.15825175	0.5679468573	4.273801394				63.07612906	31.01312013	5.910750813	0.203579353	-0.1931927552	-0.01038659778				0	0	0	-709.6999118	0.006320975699			
707.1399118	75	20	5	0.3885074005	0.00624470059		95.12611102	0.5670381656	4.306850817				62.8747298	31.2044406	5.920829597	0.2021839045	-0.1920666456	-0.01011725898				0	0	0	-707.1399118	0.00624470059			
704.5799118	75	20	5	0.392777827	0.006170456559		95.09400038	0.565968603	4.340031018				62.6746888	31.39466682	5.930644378	0.2008204109	-0.1909681747	-0.009852236135				0	0	0	-704.5799118	0.006170456559			
702.0199118	75	20	5	0.3969758061	0.006098169895		95.0619176	0.5647379906	4.373344414				62.47597512	31.58382558	5.940199297	0.1994879606	-0.1898965914	-0.009591369219				0	0	0	-702.0199118	0.006098169895			
699.4599118	75	20	5	0.4011035939	0.00602777046		95.02986037	0.5633462332	4.406793401				62.27855871	31.77194295	5.94949834	0.1981856809	-0.1888511762	-0.009334504768				0	0	0	-699.4599118	0.00602777046			
696.8999118	75	20	5	0.4051633529	0.005959191491		94.99782632	0.5617933233	4.440380356				62.08241034	31.95904431	5.958545349	0.1969127358	-0.1878312403	-0.009081495535				0	0	0	-696.8999118	0.005959191491			
694.3399118	75	20	5	0.4091571562	0.005892369377		94.96581302	0.5600793445	4.474107634				61.8875016	32.14515438	5.967344023	0.1956683239	-0.1868361237	-0.008832200151				0	0	0	-694.3399118	0.005892369377			
691.7799118	75	20	5	0.4130869928	0.005827243507		94.93381795	0.5582044746	4.507977573				61.69380482	32.33029725	5.975897927	0.1944516768	-0.185865194	-0.00858648281				0	0	0	-691.7799118	0.005827243507			
689.2199118	75	20	5	0.4169547715	0.00576375608		94.90183853	0.5561689892	4.541992485				61.50129309	32.51449642	5.984210495	0.1932620576	-0.1849178447	-0.008344212984				0	0	0	-689.2199118	0.00576375608			
686.6599118	75	20	5	0.4207623251	0.005701851952		94.86987207	0.5539732649	4.576154666				61.30994017	32.69777479	5.992285036	0.1920987591	-0.183993494	-0.008105265138				0	0	0	-686.6599118	0.005701851952			
684.0999118	75	20	5	0.4245114148	0.005641478488		94.83791583	0.5516177825	4.61046639				61.11972053	32.88015473	6.00012474	0.1909611024	-0.1830915839	-0.007869518477				0	0	0	-684.0999118	0.005641478488			
681.5399118	75	20	5	0.428203733	0.005582585422		94.80596696	0.54910313	4.644929908				60.93060928	33.06165804	6.00773268	0.1898484355	-0.1822115788	-0.007636856699				0	0	0	-681.5399118	0.005582585422			
678.9799118	75	20	5	0.4318409072	0.005525124728		94.77402254	0.5464300055	4.679547453				60.74258214	33.24230604	6.015111817	0.188760132	-0.1813529643	-0.007407167772				0	0	0	-678.9799118	0.005525124728			
676.4199118	75	20	5	0.4354245034	0.005469050498		94.74207955	0.5435992206	4.714321234				60.55561544	33.42211955	6.022265006	0.1876955901	-0.1805152464	-0.007180343713				0	0	0	-676.4199118	0.005469050498			
673.8599118	75	20	5	0.4389560285	0.005414318829		94.71013486	0.5406117026	4.749253439				60.36968609	33.60111891	6.029194996	0.1866542311	-0.1796979507	-0.006956280389				0	0	0	-673.8599118	0.005414318829			
671.2999118	75	20	5	0.4424369336	0.005360887719		94.67818527	0.5374684974	4.784346233				60.18477156	33.77932401	6.035904438	0.1856354983	-0.178900621	-0.006734877325				0	0	0	-671.2999118	0.005360887719			
668.7399118	75	20	5	0.4458686164	0.005308716959		94.64622747	0.5341707724	4.819601758				60.00084982	33.95675429	6.042395886	0.1846388564	-0.1781228189	-0.006516037524				0	0	0	-668.7399118	0.005308716959			
666.1799118	75	20	5	0.4492524242	0.005257768051		94.61425805	0.530719818	4.855022134				59.8178994	34.1334288	6.048671799	0.1836637901	-0.1773641228	-0.006299667298				0	0	0	-666.1799118	0.005257768051			
663.6199118	75	20	5	0.4525896554	0.005208004109		94.58227349	0.5271170507	4.890609456				59.63589929	34.30936616	6.054734548	0.1827098032	-0.1766241271	-0.006085676109				0	0	0	-663.6199118	0.005208004109			
661.0599118	75	20	5	0.4558815628	0.005159389785		94.55027019	0.5233640148	4.926365795				59.45482897	34.48458461	6.060586416	0.1817764181	-0.1759024417	-0.005873976416				0	0	0	-661.0599118	0.005159389785			
658.4999118	75	20	5	0.4591293547	0.005111891185		94.51824442	0.5194623841	4.962293196				59.27466838	34.65910202	6.0662296	0.1808631744	-0.1751986908	-0.00566448353				0	0	0	-658.4999118	0.005111891185			
655.9399118	75	20	5	0.4623341977	0.005065475801		94.48619235	0.5154139641	4.998393681				59.0953979	34.83293589	6.071666218	0.1799696286	-0.1745125131	-0.005457115485				0	0	0	-655.9399118	0.005065475801			
653.3799118	75	20	5	0.4654972182	0.005020112437		94.45411006	0.5112206927	5.034669243				58.91699832	35.00610337	6.076898308	0.1790953532	-0.1738435603	-0.005251792903				0	0	0	-653.3799118	0.005020112437			
650.8199118	75	20	5	0.4686195041	0.00497577115		94.42199351	0.5068846423	5.07112185				58.73945086	35.17862131	6.08192783	0.178239936	-0.1731914971	-0.005048438879				0	0	0	-650.8199118	0.00497577115			
648.2599118	75	20	5	0.4717021067	0.004932423183		94.38983854	0.5024080204	5.107753441				58.56273714	35.35050619	6.086756672	0.1774029792	-0.1725560004	-0.004846978862				0	0	0	-648.2599118	0.004932423183			
645.6999118	75	20	5	0.4747460424	0.004890040913		94.3576409	0.4977931703	5.14456593				58.38683915	35.52177421	6.091386648	0.1765840992	-0.1719367587	-0.004647340547				0	0	0	-645.6999118	0.004890040913			
643.1399118	75	20	5	0.4777522938	0.004848597791		94.32539623	0.493042572	5.181561199				58.21173924	35.69244126	6.095819503	0.1757829258	-0.171333472	-0.004449453774				0	0	0	-643.1399118	0.004848597791			
640.5799118	75	20	5	0.4807218115	0.004808068297		94.29310005	0.4881588422	5.218741105				58.03742014	35.86252295	6.100056915	0.1749991012	-0.1707458508	-0.004253250428				0	0	0	-640.5799118	0.004808068297			
638.0199118	75	20	5	0.4836555153	0.004768427885		94.26074779	0.4831447347	5.256107471				57.8638649	36.0320346	6.104100494	0.1742322805	-0.1701736161	-0.004058664344				0	0	0	-638.0199118	0.004768427885			
635.4599118	75	20	5	0.4865542957	0.004729652945		94.22833477	0.4780031396	5.293662093				57.69105693	36.20099128	6.107951787	0.17348213	-0.1696164987	-0.003865631223				0	0	0	-635.4599118	0.004729652945			
632.8999118	75	20	5	0.4894190147	0.00469172075		94.19585618	0.4727370833	5.331406735				57.51897993	36.36940779	6.111612279	0.1727483275	-0.1690742389	-0.003674088544				0	0	0	-632.8999118	0.00469172075			
630.3399118	75	20	5	0.4922505074	0.004654609424		94.16330714	0.4673497272	5.369343131				57.34761794	36.53729867	6.115083395	0.1720305615	-0.168546586	-0.003483975486				0	0	0	-630.3399118	0.004654609424			
627.7799118	75	20	5	0.4950495829	0.004618297898		94.13068265	0.4618443672	5.407472981				57.17695527	36.70467823	6.1183665	0.171328531	-0.1680332981	-0.003295232849				0	0	0	-627.7799118	0.004618297898			
625.2199118	75	20	5	0.4978170253	0.004582765876		94.09797761	0.4562244314	5.445797958				57.00697655	36.87156055	6.121462902	0.1706419448	-0.1675341418	-0.003107802985				0	0	0	-625.2199118	0.004582765876			
622.6599118	75	20	5	0.5005535949	0.004547993798		94.06518682	0.4504934792	5.484319697				56.83766666	37.03795949	6.124373852	0.1699705212	-0.1670488914	-0.002921629724				0	0	0	-622.6599118	0.004547993798			
620.0999118	75	20	5	0.503260029	0.00451396281		94.032305	0.4446551986	5.523039804				56.66901078	37.20388868	6.127100547	0.1693139877	-0.1665773294	-0.002736658312				0	0	0	-620.0999118	0.00451396281			
617.5399118	75	20	5	0.5059370427	0.004480654728		93.99932674	0.4387134039	5.561959852				56.50099433	37.36936154	6.129644133	0.1686720805	-0.1661192452	-0.002552835342				0	0	0	-617.5399118	0.004480654728			
614.9799118	75	20	5	0.50858533	0.004448052014		93.96624659	0.4326720331	5.601081381				56.333603	37.5343913	6.132005701	0.1680445445	-0.1656744358	-0.002370108699				0	0	0	-614.9799118	0.004448052014			
612.4199118	75	20	5	0.5112055646	0.004416137745		93.93305896	0.426535145	5.640405897				56.16682273	37.69899098	6.134186292	0.1674311323	-0.1652427048	-0.002188427499				0	0	0	-612.4199118	0.004416137745			
609.8599118	75	20	5	0.5137984004	0.004384895586		93.89975821	0.4203069152	5.679934874				56.00063967	37.86317343	6.136186899	0.1668316046	-0.1648238626	-0.002007742032				0	0	0	-609.8599118	0.004384895586			
607.2999118	75	20	5	0.5163644727	0.004354309766		93.86633861	0.4139916328	5.719669754				55.83504023	38.0269513	6.138008465	0.1662457295	-0.1644177258	-0.001828003713				0	0	0	-607.2999118	0.004354309766			
604.7399118	75	20	5	0.5189043983	0.004324365052		93.83279436	0.4075936962	5.759611945				55.67001104	38.19033707	6.139651887	0.1656732823	-0.1640241173	-0.001649165025				0	0	0	-604.7399118	0.004324365052			
602.1799118	75	20	5	0.5214187767	0.00429504673		93.79911957	0.4011176087	5.799762823				55.50553893	38.35334305	6.141118014	0.1651140452	-0.1636428657	-0.001471179473				0	0	0	-602.1799118	0.00429504673			
599.6199118	75	20	5	0.5239081908	0.004266340578		93.76530829	0.3945679736	5.840123732				55.34161096	38.51598139	6.142407651	0.1645678071	-0.1632738056	-0.001294001537				0	0	0	-599.6199118	0.004266340578			
597.0599118	75	20	5	0.5263732069	0.00423823285		93.73135453	0.3879494894	5.880695985				55.17821438	38.67826407	6.143521558	0.1640343634	-0.1629167768	-0.001117586624				0	0	0	-597.0599118	0.00423823285			
594.4999118	75	20	5	0.528814376	0.004210710253		93.69725219	0.3812669439	5.921480862				55.01533664	38.84020291	6.144460452	0.1635135157	-0.1625716247	-0.0009418910266				0	0	0	-594.4999118	0.004210710253			
591.9399118	75	20	5	0.5312322338	0.004183759932		93.66299518	0.3745252093	5.962479615				54.85296538	39.00180961	6.145225007	0.1630050715	-0.1622381996	-0.0007668718775				0	0	0	-591.9399118	0.004183759932			
589.3799118	75	20	5	0.5336273016	0.004157369448		93.6285773	0.3677292353	6.003693465				54.69108845	39.1630957	6.145815854	0.1625088441	-0.161916357	-0.000592487111				0	0	0	-589.3799118	0.004157369448			
586.8199118	75	20	5	0.5360000867	0.004131526765		93.59399235	0.3608840434	6.045123605				54.52969385	39.32407257	6.146233586	0.1620246525	-0.1616059571	-0.0004186954221				0	0	0	-586.8199118	0.004131526765			
584.2599118	75	20	5	0.5383510828	0.00410622023		93.55923408	0.3539947201	6.086771198				54.36876976	39.48475149	6.146478751	0.1615523209	-0.1613068647	-0.0002454562282				0	0	0	-584.2599118	0.00410622023			
581.6999118	75	20	5	0.5406807709	0.004081438561		93.52429621	0.34706641	6.128637382				54.20830454	39.6451436	6.146551861	0.1610916787	-0.1610189491	-7.272963214E-05				0	0	0	-581.6999118	0.004081438561			
579.1399118	75	20	5	0.5429896188	0.004057170831		93.48917242	0.3401043089	6.17072327				54.04828671	39.80525991	6.146453388	0.1606425606	-0.1607420842	9.952361441E-05				0	0	0	-579.1399118	0.004057170831			
576.5799118	75	20	5	0.5452780828	0.004033406455		93.4538564	0.3331136561	6.213029948				53.88870495	39.96511129	6.146183765	0.1602048057	-0.1604761479	0.0002713421456				0	0	0	-576.5799118	0.004033406455			
574.0199118	75	20	5	0.547546607	0.004010135174		93.41834179	0.3260997272	6.255558482				53.7295481	40.12470852	6.145743386	0.1597782584	-0.1602210224	0.0004427640158				0	0	0	-574.0199118	0.004010135174			
571.4599118	75	20	5	0.5497956244	0.003987347048		93.38262226	0.319067826	6.298309914				53.57080514	40.28406225	6.14513261	0.1593627671	-0.1599765938	0.0006138267328				0	0	0	-571.4599118	0.003987347048			
568.8999118	75	20	5	0.552025557	0.003965032437		93.34669145	0.312023277	6.341285268				53.41246521	40.44318303	6.144351757	0.1589581849	-0.1597427522	0.0007845672899				0	0	0	-568.8999118	0.003965032437			
566.3399118	75	20	5	0.554236816	0.003943181994		93.31054303	0.3049714165	6.384485549				53.25451759	40.6020813	6.143401113	0.1585643693	-0.1595193915	0.0009550221979				0	0	0	-566.3399118	0.003943181994			
563.7799118	75	20	5	0.5564298027	0.003921786655		93.27417067	0.297917585	6.427911747				53.09695168	40.7607674	6.142280926	0.1581811817	-0.1593064093	0.001125227516				0	0	0	-563.7799118	0.003921786655			
561.2199118	75	20	5	0.5586049083	0.003900837625		93.23756805	0.2908671187	6.471564835				52.93975703	40.91925156	6.140991409	0.1578084878	-0.1591037067	0.00129521888				0	0	0	-561.2199118	0.003900837625			
558.6599118	75	20	5	0.5607625144	0.003880326369		93.20072888	0.2838253407	6.515445777				52.78292332	41.07754394	6.139532741	0.157446157	-0.1589111885	0.001465031537				0	0	0	-558.6599118	0.003880326369			
556.0999118	75	20	5	0.5629029933	0.003860244605		93.16364692	0.2767975524	6.559555525				52.62644035	41.23565459	6.137905064	0.1570940627	-0.1587287631	0.001634700367				0	0	0	-556.0999118	0.003860244605			
553.5399118	75	20	5	0.5650267086	0.003840584294		93.12631595	0.2697890252	6.603895022				52.47029805	41.39359346	6.136108488	0.156752082	-0.1585563419	0.001804259918				0	0	0	-553.5399118	0.003840584294			
550.9799118	75	20	5	0.5671340148	0.00382133763		93.0887298	0.2628049915	6.648465209				52.31448646	41.55137045	6.134143087	0.1564200955	-0.1583938399	0.001973744427				0	0	0	-550.9799118	0.00382133763			
548.4199118	75	20	5	0.5692252583	0.003802497031		93.05088234	0.2558506363	6.69326702				52.15899574	41.70899535	6.132008903	0.1560979876	-0.1582411755	0.002143187856				0	0	0	-548.4199118	0.003802497031			
545.8599118	75	20	5	0.5713007772	0.003784055135		93.01276752	0.2489310881	6.738301392				52.00381617	41.86647789	6.129705943	0.155785646	-0.1580982699	0.002312623911				0	0	0	-545.8599118	0.003784055135			
543.2999118	75	20	5	0.5733609018	0.003766004791		92.97437933	0.2420514106	6.783569262				51.84893812	42.0238277	6.127234182	0.1554829618	-0.1579650479	0.00248208607				0	0	0	-543.2999118	0.003766004791			
542.0199118	75	20	5	0.5743849784	0.001877726813		92.95505262	0.238621997	6.806325384				51.77165842	42.10237627	6.125965316	0.07789673622	-0.07918394871	0.001287212493				0	0	0	-542.0199118	0.001877726813			
541.6999118	75	20	5	0.5746404095	0.0004691163721		92.95020373	0.2377651594	6.812031111				51.75236039	42.12199145	6.125648158	0.01990876028	-0.02024054018	0.0003317798986				0	0	0	-541.6999118	0.0004691163721			
541.6199118	75	20	5	0.5747041292	0.0001171441929		92.94899134	0.2375511848	6.813457473				51.74753566	42.12689646	6.125567877	0.005428567294	-0.005519225162	9.065786793E-05				0	0	0	-541.6199118	0.0001171441929			
541.5799118	75	20	5	0.5747359772	5.853628107E-05		92.94838512	0.2374442307	6.814170653				51.74512327	42.12934913	6.125527598	0.003015806816	-0.003066224176	5.041736013E-05				0	0	0	-541.5799118	5.853628107E-05			
541.5599118	75	20	5	0.5747519058	2.927814926E-05		92.94808199	0.2373907732	6.814527232				51.74391663	42.13057594	6.125507438	0.001809526219	-0.001839793224	3.026700423E-05				0	0	0	-541.5599118	2.927814926E-05			
541.5499118	75	20	5	0.5747598631	1.462680823E-05		92.94793041	0.2373640293	6.814705564				51.7433138	42.13118884	6.125497363	0.001205929725	-0.001226105978	2.017625241E-05				0	0	0	-541.5499118	1.462680823E-05			
541.5299118	75	20	5	0.5901971347	0.002876238741	0.04496226337	92.70545715	0.1914333815	7.103109473	40.36549847	59.04009261	0.5944089144	52.15685087	41.45941993	6.383729198	0.0007103977775	-0.000413857771	-0.0002965400065	-0.0004828634713	0.001076708617	-0.0005938451462	0	0	0	-541.5299118	0.002876238741	0.04496226337	-0.0787901395713046	
541.5099118	75	20	5	0.5902492229	3.741936571E-05	0.0001107894082	92.70454143	0.1912881865	7.104170384	40.36376974	59.04174884	0.5944814224	52.1566501	41.45900564	6.384344263	0.0008105447264	-0.000206307797	-0.0006042369294	-0.0003826189717	0.001284108823	-0.0009014898513	0	0	0	-541.5099118	3.741936571E-05	0.0001107894082	0.33403662841582	
541.4699118	75	20	5	0.5903531043	7.440037205E-05	0.0002217212244	92.70271	0.190998111	7.106291893	40.3603132	59.04506037	0.594626431	52.15624849	41.4581771	6.38557441	0.001011404476	0.0002079003609	-0.001219304837	-0.0001818926478	0.001698502301	-0.001516609653	0	0	0	-541.4699118	7.440037205E-05	0.0002217212244	0.334189122603552	
541.3899118	75	20	5	0.5905608473	0.0001488663097	0.0004434566259	92.69904526	0.190419005	7.110535735	40.35340004	59.05168343	0.5949165278	52.15544593	41.45651867	6.388035406	0.001412378264	0.001037748156	-0.002450126421	0.0002188128735	0.002528722396	-0.002747535269	0	0	0	-541.3899118	0.0001488663097	0.0004434566259	0.336026072458855	
541.2299118	75	20	5	0.5909762655	0.0002980302316	0.0008868514669	92.69170831	0.1892649635	7.119026724	40.33957336	59.0649296	0.5954970404	52.1538435	41.45319629	6.392960216	0.002212311906	0.002701571191	-0.004913883097	0.001018208701	0.004193291478	-0.005211500179	0	0	0	-541.2299118	0.0002980302316	0.0008868514669	0.33663417146674	
540.9099118	75	20	5	0.5918067678	0.0005970352414	0.001773906521	92.67700457	0.1869734978	7.13602193	40.31191798	59.0914227	0.5966593237	52.15064941	41.44652946	6.402821129	0.003804101518	0.006045772683	-0.009849874201	0.002608911798	0.007538997445	-0.01014790924	0	0	0	-540.9099118	0.0005970352414	0.001773906521	0.337638096943961	
540.2699118	75	20	5	0.5934665204	0.001198294314	0.003548774616	92.64747788	0.1824565449	7.170065575	40.25660107	59.14440994	0.5989889895	52.14430454	41.43310709	6.422588366	0.006955199104	0.01280077196	-0.01975597107	0.005757773312	0.01429707654	-0.02005484985	0	0	0	-540.2699118	0.001198294314	0.003548774616	0.339866044900268	
538.9899118	75	20	5	0.5967811419	0.002413641064	0.007101643831	92.58795089	0.1736823957	7.238366718	40.14594072	59.25039059	0.6036686916	52.13178933	41.40590425	6.46230642	0.01312596274	0.02658037257	-0.03970633531	0.01192429724	0.02808259454	-0.04000689178	0	0	0	-538.9899118	0.002413641064	0.007101643831	0.344264153780332	
536.4299118	75	20	5	0.6033842779	0.004892276614	0.01421097824	92.46702343	0.1571407152	7.375835857	39.92450897	59.46238131	0.6131097112	52.10747097	41.35003695	6.542492077	0.02493008495	0.05524293809	-0.08017302304	0.02371967464	0.05675736177	-0.08047703641	0	0	0	-536.4299118	0.004892276614	0.01421097824	1.26429861976517	
533.8699118	75	20	5	0.6099196709	0.00496866102	0.01427102733	92.34363679	0.1418802851	7.514482929	39.70292171	59.67441846	0.6226598314	52.0841281	41.29216463	6.623707265	0.02395589273	0.05724572871	-0.08120162144	0.02273639338	0.05877275173	-0.0815091451	0	0	0	-533.8699118	0.00496866102	0.01427102733	1.24857573797611	
531.3099118	75	20	5	0.6163892635	0.005047437017	0.01433541715	92.21783396	0.1278295215	7.654336516	39.48116693	59.88651379	0.6323192791	52.06179196	41.23221887	6.705989175	0.02295031731	0.05931708493	-0.08226740224	0.0217216986	0.06085685661	-0.08257855521	0	0	0	-531.3099118	0.005047437017	0.01433541715	1.20295620394442	
528.7499118	75	20	5	0.6227949544	0.0051287288	0.01440424559	92.08965441	0.1149186486	7.795426944	39.25923324	60.09867852	0.6420882455	52.04049556	41.17012793	6.78937651	0.02191179105	0.06146008223	-0.08337187328	0.02067387384	0.06301287423	-0.08368674807	0	0	0	-528.7499118	0.0051287288	0.01440424559	1.16355936196064	
526.1899118	75	20	5	0.6291385721	0.005212662023	0.01447755615	91.95913369	0.1030798114	7.9377865	39.03710825	60.31092489	0.6519668647	52.02027269	41.10581786	6.87390945	0.02083954678	0.06367696346	-0.08451651023	0.0195921463	0.0652430557	-0.084835202	0	0	0	-526.1899118	0.005212662023	0.01447755615	1.12979877473352	
523.6299118	75	20	5	0.6354218768	0.005299364741	0.01455540275	91.82630349	0.09224716935	8.081449343	38.81477893	60.52326585	0.6619552194	52.00115821	41.03921203	6.959629761	0.01973253435	0.06597036347	-0.08570289782	0.01847546033	0.06755004417	-0.0860255045	0	0	0	-523.6299118	0.005299364741	0.01455540275	1.10072024534212	
521.0699118	75	20	5	0.6416465643	0.005388972864	0.01463784601	91.69119154	0.08235697947	8.226451484	38.59223164	60.73571501	0.6720533443	51.98318803	40.97023109	7.046580879	0.01858966468	0.06834304281	-0.08693270749	0.01732272107	0.06993660882	-0.08725932989	0	0	0	-521.0699118	0.005388972864	0.01463784601	1.07563221892736	
518.5099118	75	20	5	0.6478142687	0.005481630664	0.01472495333	91.55382157	0.07334766785	8.372830762	38.36945212	60.94828665	0.6822612289	51.96639923	40.89879276	7.134808005	0.01740980588	0.07079789691	-0.08820770279	0.0161327907	0.072405654	-0.0885384447	0	0	0	-518.5099118	0.005481630664	0.01472495333	1.0539824997162	
515.9499118	75	20	5	0.6539265661	0.005577491322	0.01481679893	91.41421328	0.06515989045	8.520626826	38.14642551	61.16099567	0.692578821	51.95083005	40.82481174	7.224358204	0.01619177905	0.07333796597	-0.08952974502	0.01490448427	0.07496022912	-0.08986471339	0	0	0	-515.9499118	0.005577491322	0.01481679893	1.03532523299342	
513.3899118	75	20	5	0.6599849767	0.005676717514	0.01491346399	91.27238229	0.05773658347	8.669881126	37.92313637	61.3738576	0.7030060296	51.93651997	40.74819953	7.315280505	0.01493435414	0.0759664453	-0.09090079944	0.01363656543	0.077603539	-0.09124010442	0	0	0	-513.3899118	0.005676717514	0.01491346399	1.01929694092678	
510.8299118	75	20	5	0.6659909677	0.005779482061	0.01501503673	91.12834009	0.05102300362	8.820636902	37.6995687	61.58688857	0.7135427283	51.92350975	40.66886423	7.407626013	0.01363624561	0.07868669613	-0.09232294173	0.01232774223	0.08033895467	-0.09266669689	0	0	0	-510.8299118	0.005779482061	0.01501503673	1.00559898757867	
508.2699118	75	20	5	0.6719459555	0.00588596863	0.01512161258	90.98209405	0.04496675869	8.972939188	37.47570596	61.80010528	0.7241887588	51.91184152	40.58671045	7.501448029	0.01229610814	0.08150225699	-0.09379836513	0.01097666275	0.08317002479	-0.09414668754	0	0	0	-508.2699118	0.00588596863	0.01512161258	0.993984447056374	
505.7099118	75	20	5	0.6778513079	0.005996372422	0.01523329417	90.83364742	0.03951782712	9.126834755	37.25153105	62.01352501	0.7349439339	51.90155879	40.50163904	7.596802172	0.01091253222	0.0844168557	-0.09532938792	0.0095819107	0.08610048762	-0.09568239832	0	0	0	-505.7099118	0.005996372422	0.01523329417	0.984247640966102	
503.1499118	75	20	5	0.6837083457	0.006110901205	0.01535019184	90.68299908	0.03462857605	9.282372349	37.02702635	62.22716561	0.7458080409	51.89270657	40.41354692	7.693746513	0.009484039501	0.08743442207	-0.09691846158	0.008142001243	0.08913428311	-0.09727628436	0	0	0	-503.1499118	0.006110901205	0.01535019184	0.976216808821299	
500.5899118	75	20	5	0.689518345	0.006229775946	0.01547242334	90.53014388	0.03025375427	9.439602363	36.80217372	62.44104543	0.7567808452	51.88533143	40.32232685	7.792341718	0.008009077956	0.09055910155	-0.09856817951	0.006655377267	0.09227556506	-0.09893094233	0	0	0	-500.5899118	0.006229775946	0.01547242334	0.969706077438616	
498.0299118	75	20	5	0.6952825032	0.006353171328	0.01560006284	90.37507434	0.02635052248	9.598575142	36.57695685	62.65518119	0.7678619633	51.87948309	40.22786597	7.892650945	0.006484485602	0.09379654657	-0.1002810322	0.00511886869	0.09552999856	-0.1006488673	0	0	0	-498.0299118	0.006353171328	0.01560006284	0.96472296305993	
495.4699118	75	20	5	0.7010020794	0.006481517437	0.01573339471	90.21777295	0.02287831613	9.759348732	36.35135194	62.86959668	0.7790513843	51.87520842	40.13005057	7.994741008	0.004913128918	0.0971475471	-0.102060676	0.003535329151	0.0988983918	-0.102433721	0	0	0	-495.4699118	0.006481517437	0.01573339471	0.961081730572354	
492.9099118	75	20	5	0.7066781903	0.006614906355	0.01587241506	90.05822363	0.01979900751	9.921977367	36.12534158	63.08430972	0.7903487029	51.87256059	40.02875834	8.098681071	0.003288696695	0.1006207619	-0.1039094586	0.001898447207	0.1023894067	-0.1042878539	0	0	0	-492.9099118	0.006614906355	0.01587241506	0.958606430260639	
490.3499118	75	20	5	0.7123119462	0.006753681268	0.01601732195	89.89640409	0.01707674825	10.08651916	35.89890557	63.2993408	0.8017536327	51.87159317	39.92386302	8.204543802	0.001610809153	0.1042200745	-0.1058308837	0.0002078303529	0.1060069452	-0.1062147756	0	0	0	-490.3499118	0.006753681268	0.01601732195	0.957360822620102	
487.7899118	75	20	5	0.7179044187	0.006898146544	0.01616827443	89.7322878	0.01467796287	10.25303424	35.67202324	63.51471088	0.8132658812	51.87236172	39.81523294	8.312405331	-0.0001225251447	0.1079509363	-0.1078284111	-0.001538519552	0.1097564697	-0.1082179502	0	0	0	-487.7899118	0.006898146544	0.01616827443	0.957239775212276	
485.2299118	75	20	5	0.7234566406	0.007048626291	0.01632543942	89.56584391	0.01257130222	10.42158478	35.44467345	63.7304414	0.8248851512	51.87492392	39.70273063	8.422345453	-0.001913418751	0.111819124	-0.1099057053	-0.003342723015	0.1136437703	-0.1103010473	0	0	0	-485.2299118	0.007048626291	0.01632543942	0.958194821858079	
482.6699118	75	20	5	0.7289696057	0.007205466039	0.01648899205	89.39703732	0.01072758965	10.59223509	35.21683467	63.94655419	0.8366111423	51.87933967	39.58621248	8.53444785	-0.00376411105	0.1158307616	-0.1120666506	-0.00520702742	0.1176749837	-0.1124679562	0	0	0	-482.6699118	0.007205466039	0.01648899205	0.960186871101109	
480.1099118	75	20	5	0.7344442695	0.007369034291	0.01665911561	89.22582866	0.009119760356	10.76505158	34.98848497	64.16307148	0.8484435513	51.88567128	39.4655284	8.64880032	-0.005676975945	0.1199923409	-0.114315365	-0.007133814705	0.1218566152	-0.1147228005	0	0	0	-480.1099118	0.007369034291	0.01665911561	0.963235658786364	
477.5499118	75	20	5	0.7398815365	0.00753970829	0.01683596632	89.05217429	0.007722794401	10.94010292	34.7596021	64.38001583	0.8603820736	51.89398356	39.34052141	8.765495034	-0.007654529384	0.1243107448	-0.1166562154	-0.009125608803	0.1261955612	-0.1170699524	0	0	0	-477.5499118	0.00753970829	0.01683596632	0.967231724904279	
474.9899118	75	20	5	0.7452822975	0.00771794577	0.01701981581	88.87602635	0.006513643986	11.11746001	34.5301635	64.5974101	0.8724264025	51.9043438	39.21102765	8.88462855	-0.009699089986	0.1287926724	-0.1190935825	-0.01118534696	0.1306993657	-0.1195140188	0	0	0	-474.9899118	0.00771794577	0.01701981581	0.972107928368955	
472.4299118	75	20	5	0.7506473966	0.007904185063	0.01721086105	88.69733275	0.005471155573	11.2971961	34.30014634	64.81527743	0.8845762298	51.91682251	39.07687441	9.00630308	-0.01181440674	0.133447556	-0.1216331493	-0.01331534717	0.135375589	-0.1220602418	0	0	0	-472.4299118	0.007904185063	0.01721086105	0.977914911843364	
469.8699118	75	20	5	0.7559776207	0.008098869566	0.01740929503	88.51603717	0.004575987509	11.47938684	34.06952762	65.03364113	0.8968312444	51.9314936	38.93788088	9.130625522	-0.01400316301	0.1382827184	-0.1242795554	-0.01551895328	0.1402322377	-0.1247132844	0	0	0	-469.8699118	0.008098869566	0.01740929503	0.984871825777066	
467.3099118	75	20	5	0.7612737116	0.008302536223	0.0176152723	88.33207913	0.003810523828	11.66411035	33.83828417	65.2525247	0.9091911319	51.94843253	38.79385958	9.257707889	-0.01626734247	0.1433052856	-0.1270379431	-0.01779872517	0.145277444	-0.1274787188	0	0	0	-467.3099118	0.008302536223	0.0176152723	0.992809950598661	
464.7499118	75	20	5	0.766536382	0.008515734318	0.01782911374	88.14539394	0.003158784967	11.85144728	33.60639274	65.47195169	0.9216555725	51.96771953	38.64461172	9.387668747	-0.01861157824	0.1485264337	-0.1299148555	-0.02015891024	0.1505217899	-0.1303628797	0	0	0	-464.7499118	0.008515734318	0.01782911374	1.00156332855523	
462.1899118	75	20	5	0.7717662926	0.008739045985	0.01805102565	87.95591276	0.002606336133	12.0414809	33.37383005	65.69194571	0.9342242387	51.98943794	38.4899294	9.520632661	-0.02103900277	0.1539552935	-0.1329162907	-0.02260264809	0.15597442	-0.1333717719	0	0	0	-462.1899118	0.008739045985	0.01805102565	1.01137517968485	
459.6299118	75	20	5	0.7769640549	0.00897309799	0.01828124849	87.76356262	0.002140194074	12.23429719	33.14057288	65.91253033	0.946896793	52.01367481	38.32959438	9.656730808	-0.0235533346	0.1596021925	-0.1360488578	-0.02513366404	0.161645675	-0.136512011	0	0	0	-459.6299118	0.00897309799	0.01828124849	1.02220845981777	
457.0699118	75	20	5	0.7821302297	0.009218561332	0.01852002798	87.56826643	0.001748733019	12.42998483	32.90659815	66.13372897	0.9596728838	52.04052115	38.16337747	9.796101377	-0.0261584911	0.1654780599	-0.1393195688	-0.02775588182	0.1675464977	-0.1397906159	0	0	0	-457.0699118	0.009218561332	0.01852002798	1.03409466216556	
454.5099118	75	20	5	0.7872653233	0.009476154541	0.01876761314	87.36994303	0.001421590543	12.62863538	32.671883	66.35556486	0.9725521411	52.07007207	37.99103794	9.938889997	-0.02885859352	0.1715944555	-0.142735862	-0.03047342852	0.1736884604	-0.1432150319	0	0	0	-454.5099118	0.009476154541	0.01876761314	1.04709589260331	
451.9499118	75	20	5	0.7923698772	0.00974688411	0.01902446769	87.16850105	0.001149569267	12.83034939	32.43639871	66.57806676	0.9855345347	52.10242293	37.81232562	10.08525144	-0.03165389535	0.1779607737	-0.1463068783	-0.0332865697	0.1800809783	-0.1467944086	0	0	0	-451.9499118	0.00974688411	0.01902446769	1.06120175196077	
449.3899118	75	20	5	0.7974441023	0.01003088761	0.01929023089	86.96386309	0.0009245645838	13.03521235	32.2001352	66.80124586	0.9986189413	52.13768564	37.62696913	10.23534522	-0.03456091647	0.1845982716	-0.1500373551	-0.03621180717	0.1867452921	-0.1505334849	0	0	0	-449.3899118	0.01003088761	0.01929023089	1.07648771436335	
446.8299118	75	20	5	0.802488426	0.01032976649	0.01956578895	86.75592892	0.0007394430999	13.24333164	31.96306383	67.02513085	1.01180532	52.17596424	37.43469225	10.38934351	-0.03757178629	0.1915117271	-0.1539399408	-0.03924131645	0.1936862421	-0.1544449256	0	0	0	-446.8299118	0.01032976649	0.01956578895	1.09310018783798	
444.2699118	75	20	5	0.8075031343	0.01064429506	0.01985123794	86.54459918	0.0005879771647	13.45481284	31.72516163	67.24974507	1.025093297	52.21737103	37.23520201	10.54742696	-0.04069476179	0.1987178988	-0.158023137	-0.04238333881	0.2009205738	-0.1585372349	0	0	0	-444.2699118	0.01064429506	0.01985123794	1.11101630754601	
441.7099118	75	20	5	0.8124884565	0.01097555102	0.02014687396	86.32976928	0.0004647550808	13.66976596	31.48640527	67.47511221	1.03848252	52.26202269	37.02819077	10.70978654	-0.04393420888	0.2062314504	-0.1622972415	-0.04564225468	0.2084629748	-0.1628207201	0	0	0	-441.7099118	0.01097555102	0.02014687396	1.13034387865216	
439.1499118	75	20	5	0.8174445635	0.01132470313	0.02045299958	86.11132922	0.0003651005231	13.88830568	31.24677103	67.70125631	1.051972659	52.31004037	36.81333541	10.87662422	-0.04729458727	0.2140678332	-0.166773246	-0.04902253216	0.2163289134	-0.1673063813	0	0	0	-439.1499118	0.01132470313	0.02045299958	1.15117180357696	
436.5899118	75	20	5	0.8223715643	0.01169301847	0.02076992093	85.88916335	0.0002849959533	14.11055166	31.00623477	67.92820182	1.06556341	52.36154977	36.59029655	11.04815368	-0.05078043395	0.2222433046	-0.1714628707	-0.05252871913	0.2245346665	-0.1720059474	0	0	0	-436.5899118	0.01169301847	0.02076992093	1.17360191326288	
434.0299118	75	20	5	0.8272695025	0.01208187234	0.02109794638	85.66315016	0.0002210103757	14.33662883	30.76477196	68.15597355	1.079254492	52.41668119	36.35871769	11.22460111	-0.05439635076	0.2307749682	-0.1763786174	-0.05616541965	0.2330973479	-0.1769319282	0	0	0	-434.0299118	0.01208187234	0.02109794638	1.19774950177023	
431.4699118	75	20	5	0.832138353	0.01249275892	0.02143738482	85.43316203	0.0001702317144	14.56666774	30.52235764	68.38459671	1.093045651	52.47556959	36.11822437	11.40620604	-0.05814695909	0.2396807798	-0.1815338207	-0.05993726571	0.242034933	-0.1820976673	0	0	0	-431.4699118	0.01249275892	0.02143738482	1.22374513547154	
428.9099118	75	20	5	0.8369780176	0.01292730322	0.02178854344	85.19906491	0.0001302040043	14.80080488	30.27896642	68.61409692	1.106936659	52.53835453	35.86842324	11.59322222	-0.06203687672	0.2489795817	-0.1869427049	-0.06384888237	0.25136628	-0.1875173977	0	0	0	-428.9099118	0.01292730322	0.02178854344	1.25173701188069	
426.3499118	75	20	5	0.8417883208	0.01338727443	0.0221517252	84.96071804	9.886950962E-05	15.03918309	30.03457245	68.84450023	1.120927317	52.60518019	35.60890123	11.78591858	-0.06607067223	0.2586911151	-0.1926204428	-0.06790484507	0.2611111456	-0.1932063006	0	0	0	-426.3499118	0.01338727443	0.0221517252	1.28189306776624	
423.7899118	75	20	5	0.8465690045	0.01387460062	0.02252722582	84.71797356	7.451580138E-05	15.28195192	29.78914942	69.07583313	1.135017454	52.6761952	35.33922456	11.98458025	-0.07025281302	0.26883603	-0.198583217	-0.07210962755	0.2712901948	-0.1991805672	0	0	0	-423.7899118	0.01387460062	0.02252722582	1.31440409121583	
421.2299118	75	20	5	0.8513197234	0.01439138541	0.02291533018	84.47067616	5.572775511E-05	15.52926811	29.54267051	69.30812257	1.149206929	52.75155252	35.0589379	12.18950958	-0.07458760249	0.2794358867	-0.2048482842	-0.07646753896	0.2819250017	-0.2054574628	0	0	0	-421.2299118	0.01439138541	0.02291533018	1.34948723172458	
418.6699118	75	20	5	0.8560400393	0.01493992633	0.02331630814	84.21866264	4.134436196E-05	15.78129602	29.29510839	69.54139597	1.163495633	52.8314092	34.76756342	12.40102738	-0.07907910437	0.2905131462	-0.2114340419	-0.08098264806	0.2930380409	-0.2120553928	0	0	0	-418.6699118	0.01493992633	0.02331630814	1.38738997315013	
416.1099118	75	20	5	0.8607294144	0.01552273562	0.0237304097	83.96176144	3.042018962E-05	16.03820814	29.04643521	69.77568131	1.177883486	52.91592605	34.46459994	12.61947401	-0.08373105194	0.3020911488	-0.2183600968	-0.08565869237	0.3046526643	-0.218993972	0	0	0	-416.1099118	0.01552273562	0.0237304097	1.428395275874	
413.5499118	75	20	5	0.8653872056	0.01614256342	0.02415785933	83.69979214	2.219127913E-05	16.30018567	28.79662251	70.01100705	1.192370445	53.00526717	34.14952205	12.84521078	-0.08854673962	0.3141940751	-0.2256473354	-0.09049896966	0.3167930635	-0.2262940938	0	0	0	-413.5499118	0.01614256342	0.02415785933	1.4728276063442	
410.9899118	75	20	5	0.8700126572	0.01680242392	0.02459884941	83.43256489	1.604522366E-05	16.56741907	28.54564122	70.24740228	1.206956499	53.09959944	33.82177938	13.07862118	-0.09352889398	0.3268468884	-0.2333179944	-0.09550620877	0.3294842106	-0.2339780019	0	0	0	-410.9899118	0.01680242392	0.02459884941	1.5210601048464	
408.4299118	75	20	5	0.8746048938	0.01750562475	0.02505353278	83.15987976	1.14951442E-05	16.84010874	28.29346161	70.48489671	1.221641676	53.19909174	33.48079584	13.32011242	-0.09867952042	0.3400752527	-0.2413957323	-0.1006824162	0.3427517767	-0.2420693605	0	0	0	-408.4299118	0.01750562475	0.02505353278	1.57352347755052	
405.8699118	75	20	5	0.8791629123	0.01825580022	0.02552201408	82.8815261	8.157255657E-06	17.11846574	28.04005322	70.72352074	1.236426043	53.30391412	33.12596906	13.57011682	-0.1039997218	0.353905421	-0.2499056992	-0.1060286946	0.3566220196	-0.250593325	0	0	0	-405.8699118	0.01825580022	0.02552201408	1.63071702901585	
403.3099118	75	20	5	0.8836855739	0.01905694903	0.02600433998	82.59728171	5.73170364E-06	17.40271256	27.78538479	70.9633055	1.25130971	53.4142366	32.75666996	13.82909344	-0.1094894841	0.3683640893	-0.2588746052	-0.1115450284	0.3711216374	-0.259576609	0	0	0	-403.3099118	0.01905694903	0.02600433998	1.69322182582609	
400.7499118	75	20	5	0.8881715957	0.01991347695	0.02650048808	82.30691201	3.98634757E-06	17.693084	27.52942416	71.20428301	1.266292834	53.53022789	32.37224243	14.09752968	-0.1151474239	0.3834782077	-0.2683307838	-0.1172300307	0.3862775791	-0.2690475484	0	0	0	-400.7499118	0.01991347695	0.02650048808	1.76142036958845	
398.1899118	75	20	5	0.8926195719	0.02083049253	0.02701065647	82.01016797	2.743165979E-06	17.98982929	27.27213719	71.44648714	1.281375672	53.65205324	31.97200323	14.37594353	-0.1209713187	0.3992763233	-0.2783050046	-0.1230799302	0.4021165427	-0.2790366125	0	0	0	-398.1899118	0.02083049253	0.02701065647	1.8367334783465	
395.6299118	75	20	5	0.8970278621	0.02181282133	0.02753400555	81.70678942	1.866986156E-06	18.29320871	27.01349151	71.68995009	1.296558402	53.77987414	31.55524282	14.66488303	-0.1269549432	0.4157819252	-0.288826982	-0.1290914985	0.4186655967	-0.2895740983	0	0	0	-395.6299118	0.02181282133	0.02753400555	1.91999522931968	
393.0699118	75	20	5	0.9013947125	0.02286678713	0.0280706273	81.39649731	1.256200395E-06	18.60350144	26.75345056	71.93470803	1.311841404	53.9138434	31.12122517	14.96493143	-0.1330907284	0.4330227949	-0.2999320665	-0.1352556898	0.4359507571	-0.3006950673	0	0	0	-393.0699118	0.02286678713	0.0280706273	2.0118142205844	
390.5099118	75	20	5	0.9057181756	0.02399891731	0.02862002134	81.07899658	8.352437095E-07	18.92100258	26.49197722	72.18079769	1.327225096	54.05410387	30.66918939	15.27670674	-0.1393686999	0.4510237344	-0.3116550344	-0.1415625202	0.4539968089	-0.3124342887	0	0	0	-390.5099118	0.02399891731	0.02862002134	2.11386524540454	
387.9499118	75	20	5	0.9099961158	0.02521654757	0.02918160163	80.75397353	5.485313365E-07	19.24602592	26.22903253	72.42825748	1.342709984	54.20078463	30.19835126	15.60086411	-0.1457750069	0.4698080257	-0.3240330188	-0.1479981225	0.4728270068	-0.3248288843	0	0	0	-387.9499118	0.02521654757	0.02918160163	2.22772289960598	
385.3899118	75	20	5	0.9142262012	0.02652785084	0.0297546145	80.42109396	3.556395968E-07	19.57890569	25.96457545	72.67712787	1.358296687	54.35399683	29.70790552	15.93809765	-0.1522916849	0.4893966388	-0.3371049539	-0.154544515	0.4924622879	-0.3379177728	0	0	0	-385.3899118	0.02652785084	0.0297546145	2.35534457162947	
382.8299118	75	20	5	0.9184058963	0.02794195616	0.03033811694	80.08000097	2.275169607E-07	19.9199988	25.69856234	72.92745171	1.373985959	54.51382887	29.19702896	16.28914217	-0.1588958984	0.5098074419	-0.3509115436	-0.1611788419	0.5129204794	-0.3517416375	0	0	0	-382.8299118	0.02794195616	0.03033811694	2.49912218233138	
380.2699118	75	20	5	0.9225324558	0.02946908999	0.03093095381	79.73031252	1.435403478E-07	20.26968734	25.43094651	73.17927478	1.389778711	54.68034062	28.66488451	16.65477487	-0.1655590587	0.5310542615	-0.3654952027	-0.1678724913	0.5342153577	-0.3663428664	0	0	0	-380.2699118	0.02946908999	0.03093095381	2.66200301832438	
377.7099118	75	20	5	0.9266029197	0.03112074568	0.03153173452	79.37161836	8.925612231E-08	20.62838156	25.16167752	73.43264642	1.405676055	54.85355667	28.11062629	17.03581703	-0.1722457994	0.5531457706	-0.3808999712	-0.1745900705	0.5563555359	-0.3817654654	0	0	0	-377.7099118	0.03112074568	0.03153173452	2.84765082487236	
375.1499118	75	20	5	0.9306141107	0.03290988859	0.03213880992	79.00347652	5.466851943E-08	20.99652343	24.89070039	73.68762027	1.421679342	55.03345837	27.53340617	17.43313547	-0.1789127872	0.5760841865	-0.3971713993	-0.1812882172	0.5793431595	-0.3980549423	0	0	0	-375.1499118	0.03290988859	0.03213880992	3.06066335230867	
372.5899118	75	20	5	0.9345626335	0.03485120722	0.03275025043	78.62540903	3.295989312E-08	21.37459094	24.6179545	73.94425527	1.437790226	55.21997447	26.93238162	17.84764391	-0.1855073447	0.5998637519	-0.4143564072	-0.1879142228	0.6031723874	-0.4152581647	0	0	0	-372.5899118	0.03485120722	0.03275025043	3.30697755182787	
370.0299118	75	20	5	0.9384448734	0.03696138604	0.03336377902	78.23689672	1.954689044E-08	21.76310326	24.34337234	74.20261693	1.45401073	55.41296959	26.30672691	18.2803035	-0.1919651579	0.6244675528	-0.4325023949	-0.1944046153	0.6278275475	-0.4334229322	0	0	0	-370.0299118	0.03696138604	0.03336377902	3.59372542814798	
367.4699118	75	20	5	0.9422570201	0.0392596796	0.03397699133	77.83737289	1.139422791E-08	22.1626271	24.06687784	74.46277882	1.47034334	55.61223394	25.65563947	18.73212658	-0.1982117595	0.6498723419	-0.4516605823	-0.2006832992	0.6532828409	-0.4525995416	0	0	0	-367.4699118	0.0392596796	0.03397699133	3.93084726379831	
364.9099118	75	20	5	0.9459950528	0.04176805091	0.03458689261	77.42621554	6.523098923E-09	22.57378445	23.78838427	74.72482461	1.486791122	55.81746477	24.97836154	19.20417368	-0.2041539979	0.6760331449	-0.471879147	-0.2066578365	0.6794943098	-0.4728364732	0	0	0	-364.9099118	0.04176805091	0.03458689261	4.33118166735805	
362.3499118	75	20	5	0.9496547737	0.04451215591	0.03519034994	77.00273764	3.664392802E-09	22.99726236	23.50779163	74.98885051	1.503357866	56.02825135	24.27419179	19.69755686	-0.209683738	0.7028933783	-0.4932096403	-0.212220055	0.706405222	-0.494185167	0	0	0	-362.3499118	0.04451215591	0.03519034994	4.81129888611776	
359.7899118	75	20	5	0.953231826	0.04752200877	0.03578389728	76.56617498	2.017957477E-09	23.43382502	23.22498328	75.25496845	1.52004827	56.24405415	23.54250581	20.21344004	-0.214671974	0.7303759147	-0.5157039407	-0.2172409425	0.7339383159	-0.5166973734	0	0	0	-359.7899118	0.04752200877	0.03578389728	5.39393914495003	
357.2299118	75	20	5	0.9567217231	0.05083312097	0.03636382647	76.11567077	1.088244583E-09	23.88432923	22.93982166	75.52331016	1.536868182	56.46418128	22.78277841	20.75304031	-0.2189661328	0.7583813568	-0.5394152239	-0.2215678882	0.7619939972	-0.540426109	0	0	0	-357.2299118	0.05083312097	0.03636382647	6.10988697007579	
354.6699118	75	20	5	0.960119886	0.05448799258	0.0369262709	75.65025599	5.740370762E-10	24.34974401	22.65214279	75.79403231	1.553824899	56.68776102	21.994609	21.31762998	-0.2223860741	0.7867848343	-0.5643987602	-0.2250207771	0.7904472422	-0.5654264651	0	0	0	-354.6699118	0.05448799258	0.0369262709	7.00140830460675	
352.1099118	75	20	5	0.9634216891	0.05853815606	0.03746733879	75.16882399	2.95793409E-10	24.83117601	22.36174917	76.06732327	1.570927563	56.9137097	21.17774999	21.90854031	-0.2247195577	0.8154330453	-0.5907134877	-0.2273873806	0.8191445438	-0.5917571632	0	0	0	-352.1099118	0.05853815606	0.03746733879	8.12687067410219	
349.5499118	75	20	5	0.9666225144	0.06304702708	0.03798331646	74.6700973	1.486746963E-10	25.3299027	22.06840055	76.34341178	1.588187668	57.14069413	20.33213804	22.52716784	-0.225716656	0.8441414158	-0.6184247598	-0.2284178389	0.8479011472	-0.6194833083	0	0	0	-349.5499118	0.06304702708	0.03798331646	9.56667984994216	
346.9899118	75	20	5	0.9697178164	0.06809395663	0.03847097084	74.1525839	7.277161914E-11	25.8474161	21.77180174	76.62257853	1.605619731	57.36708725	19.45792727	23.17498549	-0.2250830288	0.8726920245	-0.6476089957	-0.2278179296	0.8764989616	-0.648681032	0	0	0	-346.9899118	0.06809395663	0.03847097084	11.4294785790256	
344.4299118	75	20	5	0.9727031956	0.07378011006	0.03892799411	73.61451846	3.462010124E-11	26.38548154	21.4715865	76.90517133	1.623242177	57.59091536	18.5555234	23.85356124	-0.2224714485	0.900832746	-0.6783612974	-0.2252411795	0.9046866291	-0.6794454496	0	0	0	-344.4299118	0.07378011006	0.03892799411	13.8540557551691	
341.8699118	75	20	5	0.9755744818	0.08023719261	0.03935365679	73.05378251	1.597196022E-11	26.94621749	21.16729566	77.1916258	1.641078538	57.80979439	17.62561651	24.5645891	-0.2174707854	0.9282785311	-0.7108077457	-0.2202756811	0.9321772845	-0.7119016034	0	0	0	-341.8699118	0.08023719261	0.03935365679	16.9931704807992	
339.3099118	75	20	5	0.9783278253	0.08764073622	0.03974977419	72.46779372	7.126697887E-12	27.53220628	20.85834729	77.48249363	1.659159087	58.0208512	16.669209	25.3099398	-0.2095910304	0.9547161485	-0.7451251181	-0.212432457	0.958658645	-0.7462261879	0	0	0	-339.3099118	0.08764073622	0.03974977419	20.946669564026	
336.7499118	75	20	5	0.9809597959	0.09623093725	0.04012216196	71.85334916	3.065555349E-12	28.14665084	20.5439946	77.77848227	1.677523129	58.22062356	15.68763324	26.0917432	-0.1982418606	0.9798144296	-0.781572569	-0.2011219384	0.9837998576	-0.7826779193	0	0	0	-336.7499118	0.09623093725	0.04012216196	25.5945466478894	
334.1899118	75	20	5	0.9834674857	0.1063464851	0.04048288934	71.20639754	1.266127126E-12	28.79360246	20.22326567	78.08051204	1.696222295	58.40492786	14.68255003	26.91252211	-0.1827002114	1.003243254	-0.820543043	-0.1856222057	1.007271501	-0.8216492956	0	0	0	-334.1899118	0.1063464851	0.04048288934	30.3423227301713	
331.6299118	75	20	5	0.9858486147	0.1184817898	0.0408539068	70.52169788	4.995571104E-13	29.47830212	19.89487365	78.38980093	1.715325419	58.56867504	13.65591371	27.77541125	-0.1620583299	1.02470668	-0.8626483501	-0.1650272479	1.028778964	-0.8637517162	0	0	0	-331.6299118	0.1184817898	0.0408539068	34.0436262288251	
329.0699118	75	20	5	0.9881016355	0.1333887614	0.0412731975	69.79228824	1.870504159E-13	30.20771176	19.55707831	78.70799562	1.734926067	58.70559864	12.60987991	28.68452145	-0.1351355802	1.04399989	-0.9088643094	-0.1381591037	1.048119817	-0.9099607132	0	0	0	-329.0699118	0.1333887614	0.0412731975	35.5036942460287	
326.5099118	75	20	5	0.9902258349	0.1522694006	0.04180592793	69.00861821	6.587640372E-14	30.99138179	19.2074613	79.03738397	1.75515473	58.80782442	11.54661268	29.6455629	-0.1003193146	1.061108941	-0.9607896266	-0.1034093098	1.065284322	-0.9618750122	0	0	0	-326.5099118	0.1522694006	0.04180592793	36.3025970035915	
325.2299118	75	20	5	0.9911694638	0.08391488135	0.0214275691	68.59239463	3.806519464E-14	31.40760537	19.02718858	79.20725111	1.765560308	58.84285469	11.00910725	30.14803806	-0.0330556214	0.5352753276	-0.5022197062	-0.0361845334	0.5394825032	-0.5032979698	0	0	0	-325.2299118	0.08391488135	0.0214275691	30.1424450945343	
323.9499118	75	20	5	0.9920850154	0.0909053223	0.02166187688	68.15704419	2.15512167E-14	31.84295581	18.84253843	79.38126173	1.776199837	58.86513353	10.46790513	30.66696134	-0.0202277436	0.5388910454	-0.5186633018	-0.02340197139	0.5431359965	-0.5197340251	0	0	0	-323.9499118	0.0909053223	0.02166187688	29.0470216769208	
322.6699118	75	20	5	0.9929727292	0.09917749148	0.02195672002	67.69976471	1.192528092E-14	32.30023529	18.65279143	79.56009629	1.787112274	58.8727939	9.923050335	31.20415576	-0.005523251189	0.5424518487	-0.5369285975	-0.008750120562	0.5467415909	-0.5379914703	0	0	0	-322.6699118	0.09917749148	0.02195672002	27.2774049473878	
321.3899118	75	20	5	0.9938329179	0.1091447342	0.02233605645	67.21700681	6.42903788E-15	32.78299319	18.45703575	79.74461723	1.798347027	58.86358136	9.374432185	31.76198646	0.01144750165	0.5461094939	-0.5575569955	0.008158551515	0.5504537338	-0.5586122853	0	0	0	-321.3899118	0.1091447342	0.02233605645	25.5571445562795	
320.1099118	75	20	5	0.994665985	0.1214218602	0.02283487172	66.70417015	3.3630949E-15	33.29582985	18.25408944	79.93594242	1.809968146	58.83470501	8.821701345	32.34359365	0.03122376648	0.550098754	-0.5813225205	0.02786066581	0.5545107485	-0.5823714144	0	0	0	-320.1099118	0.1214218602	0.02283487172	23.9830254088084	
318.8299118	75	20	5	0.9954724425	0.1369630564	0.02350662667	66.15512173	1.697906586E-15	33.84487827	18.04237753	80.13556149	1.822060981	58.78260051	8.264137728	32.95326176	0.0545836605	0.5547838763	-0.6093675368	0.05112987367	0.5592829907	-0.6104128644	0	0	0	-318.8299118	0.1369630564	0.02350662667	22.6110535213703	
317.5499118	75	20	5	0.9962529412	0.1573334952	0.02443743157	65.56138877	8.212403065E-16	34.43861123	17.81972622	80.34553046	1.83474332	58.70253291	7.700428342	33.59703875	0.08270375288	0.5607488535	-0.6434526064	0.07913708772	0.5653628287	-0.6444999164	0	0	0	-317.5499118	0.1573334952	0.02443743157	23.2573148596031	
316.9099118	75	20	5	0.9966069762	0.08706319659	0.01273891763	65.24414416	5.602836724E-16	34.75585584	17.70337015	80.45527401	1.841355838	58.65004898	7.415603943	33.93434707	0.05521064107	0.2817569383	-0.3369675794	0.05157682994	0.2864424529	-0.3380192828	0	0	0	-316.9099118	0.08706319659	0.01273891763	20.5824800076589	
316.2699118	75	20	5	0.9969555754	0.09501259001	0.01313461734	64.91070936	3.765419961E-16	35.08929064	17.58299359	80.56882103	1.848185379	58.58788396	7.128266093	34.28384994	0.06499259033	0.2841489042	-0.3491414945	0.06128218563	0.2889190194	-0.350201205	0	0	0	-316.2699118	0.09501259001	0.01313461734	19.9388999308168	
315.6299118	75	20	5	0.9972988879	0.1046510716	0.01362256163	64.55849913	2.487289915E-16	35.44150087	17.45793533	80.68679692	1.855267756	58.51469031	6.837842708	34.64746698	0.07613431149	0.2870950417	-0.3632293532	0.07233611529	0.2919658483	-0.3643019636	0	0	0	-315.6299118	0.1046510716	0.01362256163	19.635005702455	
314.9899118	75	20	5	0.9976370912	0.1165900347	0.0142352389	64.18418	1.610324759E-16	35.81582	17.32734346	80.81000744	1.862649099	58.42875202	6.543556964	35.02769102	0.08900695644	0.2907953111	-0.3798022675	0.0851071836	0.2957874759	-0.3808946595	0	0	0	-314.9899118	0.1165900347	0.0142352389	19.4037837460922	
314.3499118	75	20	5	0.9979704053	0.1317774839	0.01502225643	63.78332984	1.017992149E-16	36.21667016	17.19008889	80.93952057	1.870390544	58.32781824	6.244330943	35.42785082	0.1041490148	0.2955440744	-0.3996930892	0.1001304154	0.3006847194	-0.4008151349	0	0	0	-314.3499118	0.1317774839	0.01502225643	19.2531134389132	
313.7099118	75	20	5	0.9982991135	0.1517663019	0.01606364351	63.34986853	6.251529882E-17	36.65013147	17.04462055	81.0768034	1.878576056	58.20882543	5.938624268	35.8525503	0.1223781839	0.3017939329	-0.4241721168	0.1182187137	0.3071196564	-0.4253383701	0	0	0	-313.7099118	0.1517663019	0.01606364351	19.1926435029796	
313.0699118	75	20	5	0.998623604	0.1792896413	0.01749788277	62.87503828	3.70198599E-17	37.12496172	16.88870629	81.22396725	1.887326457	58.06740057	5.624143489	36.30845594	0.145011033	0.310282913	-0.455293946	0.1406818782	0.315844805	-0.4565266831	0	0	0	-313.0699118	0.1792896413	0.01749788277	21.2504084743418	
312.7499118	75	20	5	0.9987712538	0.1013430641	0.009430059227	62.61818642	2.800950923E-17	37.38181358	16.80583273	81.30219971	1.891967558	57.9863306	5.462560669	36.55110873	0.0847715119	0.157214505	-0.2419860169	0.08034326054	0.1629211699	-0.2432644305	0	0	0	-312.7499118	0.1013430641	0.009430059227	19.8451284676401	
312.4299118	75	20	5	0.9989181578	0.1131074943	0.01004708742	62.34540282	2.090220514E-17	37.65459718	16.71892463	81.38424847	1.896826897	57.89688842	5.297269437	36.80584215	0.09327090662	0.1607287209	-0.2539996275	0.08873252394	0.1666025038	-0.2553350277	0	0	0	-312.4299118	0.1131074943	0.01004708742	19.1230601602903	
312.1099118	75	20	5	0.9990644185	0.1280767557	0.0108269465	62.05356312	1.534477787E-17	37.94643688	16.62718721	81.47086531	1.901947484	57.79753912	5.127404913	37.07505597	0.103319574	0.1650776559	-0.2683972299	0.09865749684	0.1711473557	-0.2698048525	0	0	0	-312.1099118	0.1280767557	0.0108269465	19.1145086658824	
311.7899118	75	20	5	1	0.9257981758	0.07420182416	61.73838413	1.104229418E-17	38.26161587	16.52953132	81.56308046	1.907388222				0.1154832616	0.1705864458	-0.2860697074	0.1106811104	0.1768892674	-0.2875703779				-311.7899118	0.9257981758	0.07420182416	12.587344537053	
311.7799118	75	20	5	1	0.9257981758	0.07420182416	61.73838413	1.104229418E-17	38.26161587	16.52953132	81.56308046	1.907388222				0	0	0	0	0	0				-311.7799118	0.9257981758	0.07420182416	NaN	
311.7599118	75	20	5	1	0.9257981758	0.07420182416	61.73838413	1.104229418E-17	38.26161587	16.52953132	81.56308046	1.907388222				0	0	0	0	0	0				-311.7599118	0.9257981758	0.07420182416	NaN	
311.7199118	75	20	5	1	0.9257981758	0.07420182416	61.73838413	1.104229418E-17	38.26161587	16.52953132	81.56308046	1.907388222				0	0	0	0	0	0				-311.7199118	0.9257981758	0.07420182416	NaN	
311.6399118	75	20	5	1	0.9257981758	0.07420182416	61.73838413	1.104229418E-17	38.26161587	16.52953132	81.56308046	1.907388222				0	0	0	0	0	0				-311.6399118	0.9257981758	0.07420182416	NaN	
311.4799118	75	20	5	1	0.9257981758	0.07420182416	61.73838413	1.104229418E-17	38.26161587	16.52953132	81.56308046	1.907388222				0	0	0	0	0	0				-311.4799118	0.9257981758	0.07420182416	NaN	
311.1599118	75	20	5	1	0.9257981758	0.07420182416	61.73838413	1.104229418E-17	38.26161587	16.52953132	81.56308046	1.907388222				0	0	0	0	0	0				-311.1599118	0.9257981758	0.07420182416	NaN	
310.5199118	75	20	5	1	0.9257981758	0.07420182416	61.73838413	1.104229418E-17	38.26161587	16.52953132	81.56308046	1.907388222				0	0	0	0	0	0				-310.5199118	0.9257981758	0.07420182416	NaN	
309.2399118	75	20	5	1	0.9257981758	0.07420182416	61.73838413	1.104229418E-17	38.26161587	16.52953132	81.56308046	1.907388222				0	0	0	0	0	0				-309.2399118	0.9257981758	0.07420182416	NaN	
306.6799118	75	20	5	1	0.9257981758	0.07420182416	61.73838413	1.104229418E-17	38.26161587	16.52953132	81.56308046	1.907388222				0	0	0	0	0	0				-306.6799118	0.9257981758	0.07420182416	NaN	
301.5599118	75	20	5	1	0.9257981758	0.07420182416	61.73838413	1.104229418E-17	38.26161587	16.52953132	81.56308046	1.907388222				0	0	0	0	0	0				-301.5599118	0.9257981758	0.07420182416	NaN	
300	75	20	5	1	0.9257981758	0.07420182416	61.73838413	1.104229418E-17	38.26161587	16.52953132	81.56308046	1.907388222				0	0	0	0	0	0				-300	0.9257981758	0.07420182416	NaN	
