T	w(AL)	fs	fw(@FCC_A1)	w(AL@FCC_A1)	w(AL@LIQUID)	dwdT_L(AL@FCC_A1)	dwdT_L(AL@LIQUID)	-T	fw(@FCC_A1)_1	-T//fw(@FCC_A1)	
K	%	mole/mole	kg/kg	%	%	SI	SI				
933.4708328	100	0	0	100	100	0	0	-933.4708328	0	0.0200000000000955	
933.4508328	100	1	1	100		0		-933.4508328	1	0.0200000000000955	
933.4308328	100	1	1	100		0		-933.4308328	1	NaN	
933.3908328	100	1	1	100		0		-933.3908328	1	NaN	
933.3108328	100	1	1	100		0		-933.3108328	1	NaN	
933.1508328	100	1	1	100		0		-933.1508328	1	NaN	
932.8308328	100	1	1	100		0		-932.8308328	1	NaN	
932.1908328	100	1	1	100		0		-932.1908328	1	NaN	
930.9108328	100	1	1	100		0		-930.9108328	1	NaN	
928.3508328	100	1	1	100		0		-928.3508328	1	NaN	
923.2308328	100	1	1	100		0		-923.2308328	1	NaN	
918.1108328	100	1	1	100		0		-918.1108328	1	NaN	
912.9908328	100	1	1	100		0		-912.9908328	1	NaN	
907.8708328	100	1	1	100		0		-907.8708328	1	NaN	
902.7508328	100	1	1	100		0		-902.7508328	1	NaN	
897.6308328	100	1	1	100		0		-897.6308328	1	NaN	
892.5108328	100	1	1	100		0		-892.5108328	1	NaN	
887.3908328	100	1	1	100		0		-887.3908328	1	NaN	
882.2708328	100	1	1	100		0		-882.2708328	1	NaN	
877.1508328	100	1	1	100		0		-877.1508328	1	NaN	
872.0308328	100	1	1	100		0		-872.0308328	1	NaN	
866.9108328	100	1	1	100		0		-866.9108328	1	NaN	
861.7908328	100	1	1	100		0		-861.7908328	1	NaN	
856.6708328	100	1	1	100		0		-856.6708328	1	NaN	
851.5508328	100	1	1	100		0		-851.5508328	1	NaN	
846.4308328	100	1	1	100		0		-846.4308328	1	NaN	
841.3108328	100	1	1	100		0		-841.3108328	1	NaN	
836.1908328	100	1	1	100		0		-836.1908328	1	NaN	
831.0708328	100	1	1	100		0		-831.0708328	1	NaN	
825.9508328	100	1	1	100		0		-825.9508328	1	NaN	
820.8308328	100	1	1	100		0		-820.8308328	1	NaN	
815.7108328	100	1	1	100		0		-815.7108328	1	NaN	
810.5908328	100	1	1	100		0		-810.5908328	1	NaN	
805.4708328	100	1	1	100		0		-805.4708328	1	NaN	
800.3508328	100	1	1	100		0		-800.3508328	1	NaN	
795.2308328	100	1	1	100		0		-795.2308328	1	NaN	
790.1108328	100	1	1	100		0		-790.1108328	1	NaN	
784.9908328	100	1	1	100		0		-784.9908328	1	NaN	
779.8708328	100	1	1	100		0		-779.8708328	1	NaN	
774.7508328	100	1	1	100		0		-774.7508328	1	NaN	
769.6308328	100	1	1	100		0		-769.6308328	1	NaN	
764.5108328	100	1	1	100		0		-764.5108328	1	NaN	
759.3908328	100	1	1	100		0		-759.3908328	1	NaN	
754.2708328	100	1	1	100		0		-754.2708328	1	NaN	
749.1508328	100	1	1	100		0		-749.1508328	1	NaN	
744.0308328	100	1	1	100		0		-744.0308328	1	NaN	
738.9108328	100	1	1	100		0		-738.9108328	1	NaN	
733.7908328	100	1	1	100		0		-733.7908328	1	NaN	
728.6708328	100	1	1	100		0		-728.6708328	1	NaN	
723.5508328	100	1	1	100		0		-723.5508328	1	NaN	
718.4308328	100	1	1	100		0		-718.4308328	1	NaN	
713.3108328	100	1	1	100		0		-713.3108328	1	NaN	
708.1908328	100	1	1	100		0		-708.1908328	1	NaN	
703.0708328	100	1	1	100		0		-703.0708328	1	NaN	
697.9508328	100	1	1	100		0		-697.9508328	1	NaN	
692.8308328	100	1	1	100		0		-692.8308328	1	NaN	
687.7108328	100	1	1	100		0		-687.7108328	1	NaN	
682.5908328	100	1	1	100		0		-682.5908328	1	NaN	
677.4708328	100	1	1	100		0		-677.4708328	1	NaN	
672.3508328	100	1	1	100		0		-672.3508328	1	NaN	
667.2308328	100	1	1	100		0		-667.2308328	1	NaN	
662.1108328	100	1	1	100		0		-662.1108328	1	NaN	
656.9908328	100	1	1	100		0		-656.9908328	1	NaN	
651.8708328	100	1	1	100		0		-651.8708328	1	NaN	
646.7508328	100	1	1	100		0		-646.7508328	1	NaN	
641.6308328	100	1	1	100		0		-641.6308328	1	NaN	
636.5108328	100	1	1	100		0		-636.5108328	1	NaN	
631.3908328	100	1	1	100		0		-631.3908328	1	NaN	
626.2708328	100	1	1	100		0		-626.2708328	1	NaN	
621.1508328	100	1	1	100		0		-621.1508328	1	NaN	
616.0308328	100	1	1	100		0		-616.0308328	1	NaN	
610.9108328	100	1	1	100		0		-610.9108328	1	NaN	
605.7908328	100	1	1	100		0		-605.7908328	1	NaN	
600.6708328	100	1	1	100		0		-600.6708328	1	NaN	
595.5508328	100	1	1	100		0		-595.5508328	1	NaN	
590.4308328	100	1	1	100		0		-590.4308328	1	NaN	
585.3108328	100	1	1	100		0		-585.3108328	1	NaN	
580.1908328	100	1	1	100		0		-580.1908328	1	NaN	
575.0708328	100	1	1	100		0		-575.0708328	1	NaN	
569.9508328	100	1	1	100		0		-569.9508328	1	NaN	
564.8308328	100	1	1	100		0		-564.8308328	1	NaN	
559.7108328	100	1	1	100		0		-559.7108328	1	NaN	
554.5908328	100	1	1	100		0		-554.5908328	1	NaN	
549.4708328	100	1	1	100		0		-549.4708328	1	NaN	
544.3508328	100	1	1	100		0		-544.3508328	1	NaN	
539.2308328	100	1	1	100		0		-539.2308328	1	NaN	
534.1108328	100	1	1	100		0		-534.1108328	1	NaN	
528.9908328	100	1	1	100		0		-528.9908328	1	NaN	
523.8708328	100	1	1	100		0		-523.8708328	1	NaN	
518.7508328	100	1	1	100		0		-518.7508328	1	NaN	
513.6308328	100	1	1	100		0		-513.6308328	1	NaN	
508.5108328	100	1	1	100		0		-508.5108328	1	NaN	
503.3908328	100	1	1	100		0		-503.3908328	1	NaN	
498.2708328	100	1	1	100		0		-498.2708328	1	NaN	
493.1508328	100	1	1	100		0		-493.1508328	1	NaN	
488.0308328	100	1	1	100		0		-488.0308328	1	NaN	
482.9108328	100	1	1	100		0		-482.9108328	1	NaN	
477.7908328	100	1	1	100		0		-477.7908328	1	NaN	
472.6708328	100	1	1	100		0		-472.6708328	1	NaN	
467.5508328	100	1	1	100		0		-467.5508328	1	NaN	
462.4308328	100	1	1	100		0		-462.4308328	1	NaN	
457.3108328	100	1	1	100		0		-457.3108328	1	NaN	
452.1908328	100	1	1	100		0		-452.1908328	1	NaN	
447.0708328	100	1	1	100		0		-447.0708328	1	NaN	
441.9508328	100	1	1	100		0		-441.9508328	1	NaN	
436.8308328	100	1	1	100		0		-436.8308328	1	NaN	
431.7108328	100	1	1	100		0		-431.7108328	1	NaN	
426.5908328	100	1	1	100		0		-426.5908328	1	NaN	
421.4708328	100	1	1	100		0		-421.4708328	1	NaN	
416.3508328	100	1	1	100		0		-416.3508328	1	NaN	
411.2308328	100	1	1	100		0		-411.2308328	1	NaN	
406.1108328	100	1	1	100		0		-406.1108328	1	NaN	
400.9908328	100	1	1	100		0		-400.9908328	1	NaN	
395.8708328	100	1	1	100		0		-395.8708328	1	NaN	
390.7508328	100	1	1	100		0		-390.7508328	1	NaN	
385.6308328	100	1	1	100		0		-385.6308328	1	NaN	
380.5108328	100	1	1	100		0		-380.5108328	1	NaN	
375.3908328	100	1	1	100		0		-375.3908328	1	NaN	
370.2708328	100	1	1	100		0		-370.2708328	1	NaN	
365.1508328	100	1	1	100		0		-365.1508328	1	NaN	
360.0308328	100	1	1	100		0		-360.0308328	1	NaN	
354.9108328	100	1	1	100		0		-354.9108328	1	NaN	
349.7908328	100	1	1	100		0		-349.7908328	1	NaN	
344.6708328	100	1	1	100		0		-344.6708328	1	NaN	
339.5508328	100	1	1	100		0		-339.5508328	1	NaN	
334.4308328	100	1	1	100		0		-334.4308328	1	NaN	
329.3108328	100	1	1	100		0		-329.3108328	1	NaN	
324.1908328	100	1	1	100		0		-324.1908328	1	NaN	
319.0708328	100	1	1	100		0		-319.0708328	1	NaN	
313.9508328	100	1	1	100		0		-313.9508328	1	NaN	
308.8308328	100	1	1	100		0		-308.8308328	1	NaN	
303.7108328	100	1	1	100		0		-303.7108328	1	NaN	
300	100	1	1	100		0		-300	1	NaN	
