T	w(FE)	w(TI)	fs	fw(@BCC_A2)	w(FE@BCC_A2)	w(TI@BCC_A2)	w(FE@LIQUID)	w(TI@LIQUID)	dwdT_L(FE@LIQUID)	dwdT_L(TI@LIQUID)	-T	fs_1	-T//fs	-T_1	fw(@BCC_A2)_1	-T//fw(@BCC_A2)	
K	%	%	mole/mole	kg/kg	%	%	%	%	SI	SI							
1883.564179	4	96	0	0	1.288278659	98.71172134	4	96	-0.0006488997071	0.0006488997071	-1883.564179	0	41.6147023182829	-1883.564179	0	20.8422793697229	
1883.554179	4	96	0.0002402401031	0.0002393064475	1.288507214	98.71149279	4.000648783	95.99935122	0	0	-1883.554179	0.0002402401031	41.6353452046189	-1883.554179	0.0002393064475	62.7325687336982	
1883.534179	4	96	0.0007203633286	0.0004783775623	1.288964332	98.71103567	4.001946423	95.99805358	0	0	-1883.534179	0.0007203633286	41.6697168163051	-1883.534179	0.0004783775623	83.6763281685731	
1883.494179	4	96	0.001679660867	0.0009561907494	1.289878595	98.7101214	4.004541955	95.99545805	0	0	-1883.494179	0.001679660867	41.7298261331389	-1883.494179	0.0009561907494	83.7757557027445	
1883.414179	4	96	0.003593766796	0.001909734693	1.291707226	98.70829277	4.009731845	95.99026815	0	0	-1883.414179	0.003593766796	41.8581153886142	-1883.414179	0.001909734693	84.0045908458879	
1883.254179	4	96	0.007404757119	0.003809569247	1.295364902	98.7046351	4.020108699	95.9798913	0	0	-1883.254179	0.007404757119	42.1110087705688	-1883.254179	0.003809569247	84.4379270771835	
1882.934179	4	96	0.01495850553	0.007579834905	1.302681915	98.69731808	4.040850704	95.9591493	0	0	-1882.934179	0.01495850553	42.6407273566717	-1882.934179	0.007579834905	85.3929576005269	
1882.294179	4	96	0.02977830829	0.01498628827	1.317321312	98.68267869	4.082287437	95.91771256	0	0	-1882.294179	0.02977830829	43.7341975288423	-1882.294179	0.01498628827	87.3558169195905	
1881.014179	4	96	0.05835464678	0.02933825239	1.346624278	98.65337572	4.164973975	95.83502603	0	0	-1881.014179	0.05835464678	45.9487131581223	-1881.014179	0.02933825239	91.1947380731089	
1878.454179	4	96	0.1115744648	0.05629500588	1.405327419	98.59467258	4.3296036	95.6703964	0	0	-1878.454179	0.1115744648	50.7344422278716	-1878.454179	0.05629500588	-1240.18163610903	
1875.894179	4	96	0.159769074	0.05402499888	1.464163255	98.53583674	4.493249994	95.50675001	0	0	-1875.894179	0.159769074	55.8982273577169	-1875.894179	0.05402499888	-1175.59821812152	
1873.334179	4	96	0.2035852598	0.05192635363	1.523135761	98.47686424	4.655924266	95.34407573	0	0	-1873.334179	0.2035852598	61.355140548803	-1873.334179	0.05192635363	-1270.23574344779	
1870.774179	4	96	0.2435677133	0.04998242567	1.582248723	98.41775128	4.817636801	95.1823632	0	0	-1870.774179	0.2435677133	67.1082088004436	-1870.774179	0.04998242567	-1369.27372282239	
1868.214179	4	96	0.2801765669	0.048176936	1.641505975	98.35849402	4.978398027	95.02160197	0	0	-1868.214179	0.2801765669	73.1612868544525	-1868.214179	0.048176936	-1472.19931805258	
1865.654179	4	96	0.3138029239	0.04649577957	1.700911353	98.29908865	5.138218286	94.86178171	0	0	-1865.654179	0.3138029239	79.5181082114149	-1865.654179	0.04649577957	-1579.02407897885	
1863.094179	4	96	0.344781146	0.04492670581	1.76046869	98.23953131	5.297107826	94.70289217	0	0	-1863.094179	0.344781146	86.1822679706972	-1863.094179	0.04492670581	-1689.77290695479	
1860.534179	4	96	0.3733986328	0.04345902361	1.820181824	98.17981818	5.455076808	94.54492319	0	0	-1860.534179	0.3733986328	93.1572283925209	-1860.534179	0.04345902361	-1804.47200960158	
1857.974179	4	96	0.3999036645	0.04208336089	1.880054592	98.11994541	5.612135303	94.3878647	0	0	-1857.974179	0.3999036645	100.446322417962	-1857.974179	0.04208336089	-1923.14889257953	
1855.414179	4	96	0.4245117405	0.04079146724	1.940090835	98.05990917	5.768293295	94.23170671	0	0	-1855.414179	0.4245117405	108.052757716062	-1855.414179	0.04079146724	-2045.83245578194	
1852.854179	4	96	0.4474107353	0.03957605109	2.000294398	97.9997056	5.923560678	94.07643932	0	0	-1852.854179	0.4474107353	115.975674271	-1852.854179	0.03957605109	-2175.11063131392	
1850.294179	4	96	0.4687664371	0.03843311329	2.060672167	97.93932783	6.077954581	93.92204542	0	0	-1850.294179	0.4687664371	124.225864438189	-1850.294179	0.03843311329	-2303.35021644813	
1847.734179	4	96	0.4887209312	0.03734998986	2.121221786	97.87877821	6.231469697	93.7685303	0	0	-1847.734179	0.4887209312	132.805362439593	-1847.734179	0.03734998986	-2436.14091158783	
1845.174179	4	96	0.5074028381	0.03632789344	2.181950281	97.81804972	6.384123363	93.61587664	0	0	-1845.174179	0.5074028381	141.710923964589	-1845.174179	0.03632789344	-2577.16043572869	
1842.614179	4	96	0.5249250406	0.03536032111	2.242861543	97.75713846	6.535925189	93.46407481	0	0	-1842.614179	0.5249250406	150.948070636545	-1842.614179	0.03536032111	-2720.37889803098	
1840.054179	4	96	0.54138778	0.03444311298	2.303959439	97.69604056	6.686884628	93.31311537	0	0	-1840.054179	0.54138778	160.519343901001	-1840.054179	0.03444311298	-2867.7913938764	
1837.494179	4	96	0.5568803613	0.03357254337	2.365247852	97.63475215	6.837011063	93.16298894	0	0	-1837.494179	0.5568803613	170.42714417881	-1837.494179	0.03357254337	-3019.46062372696	
1834.934179	4	96	0.5714825799	0.03274524204	2.426730671	97.57326933	6.986313796	93.0136862	0	0	-1834.934179	0.5714825799	180.673773159799	-1834.934179	0.03274524204	-3175.42453735769	
1832.374179	4	96	0.5852659356	0.03195815801	2.488411798	97.5115882	7.134802052	92.86519795	0	0	-1832.374179	0.5852659356	191.261424701036	-1832.374179	0.03195815801	-3335.72886771136	
1829.814179	4	96	0.5982946667	0.03120852115	2.550295144	97.44970486	7.282484971	92.71751503	0	0	-1829.814179	0.5982946667	202.192189358591	-1829.814179	0.03120852115	-3500.41943727609	
1827.254179	4	96	0.6106266347	0.030493811	2.612384631	97.38761537	7.42937162	92.57062838	0	0	-1827.254179	0.6106266347	213.468055125988	-1827.254179	0.030493811	-3669.54511086798	
1824.694179	4	96	0.6223140842	0.0298117293	2.674684191	97.32531581	7.575470445	92.42452955	0	0	-1824.694179	0.6223140842	225.090458642824	-1824.694179	0.0298117293	-3843.49806162479	
1822.134179	4	96	0.6334043388	0.02916028421	2.737197772	97.26280223	7.720791449	92.27920855	0	0	-1822.134179	0.6334043388	237.062215056473	-1822.134179	0.02916028421	-4021.19347638186	
1819.574179	4	96	0.643940196	0.02853721277	2.799929331	97.20007067	7.865342914	92.13465709	0	0	-1819.574179	0.643940196	249.384778694902	-1819.574179	0.02853721277	-4203.6701570869	
1817.014179	4	96	0.6539606872	0.02794110852	2.862882841	97.13711716	8.0091336	91.9908664	0	0	-1817.014179	0.6539606872	262.058900186677	-1817.014179	0.02794110852	-4391.46729377889	
1814.454179	4	96	0.6635013176	0.02737022575	2.926062288	97.07393771	8.152172195	91.84782781	0	0	-1814.454179	0.6635013176	275.086549671339	-1814.454179	0.02737022575	-4583.58711384762	
1811.894179	4	96	0.6725944888	0.02682307262	2.989471673	97.01052833	8.294467313	91.70553269	0	0	-1811.894179	0.6725944888	288.266031377332	-1811.894179	0.02682307262	-4965.88266027863	
1809.334179	4	96	0.6812812577	0.02633294038	3.053363067	96.94663693	8.436212647	91.56378735	0	0	-1809.334179	0.6812812577	302.021034673357	-1809.334179	0.02633294038	-5004.90399521405	
1806.774179	4	96	0.6895659876	0.02579577903	3.117250877	96.88274912	8.577051168	91.42294883	0	0	-1806.774179	0.6895659876	316.303054743705	-1806.774179	0.02579577903	-5040.01044692142	
1804.214179	4	96	0.6974847851	0.0253115895	3.181380014	96.81861999	8.717169765	91.28283023	0	0	-1804.214179	0.6974847851	330.758902190695	-1804.214179	0.0253115895	-5399.60469882176	
1801.654179	4	96	0.7050607079	0.024846771	3.245756016	96.75424398	8.856579613	91.14342039	0	0	-1801.654179	0.7050607079	345.571529837952	-1801.654179	0.024846771	-5618.72444879427	
1799.094179	4	96	0.7123147836	0.024399663	3.31038281	96.68961719	8.995288427	91.00471157	0	0	-1799.094179	0.7123147836	360.744902466175	-1799.094179	0.024399663	-5840.2737742175	
1796.534179	4	96	0.7192664335	0.02396944935	3.37526468	96.62473532	9.133304537	90.86669546	0	0	-1796.534179	0.7192664335	376.27898283266	-1796.534179	0.02396944935	-6067.8243908964	
1793.974179	4	96	0.7259335897	0.02355526001	3.440405949	96.55959405	9.270636223	90.72936378	0	0	-1793.974179	0.7259335897	392.174390299321	-1793.974179	0.02355526001	-6300.78814234587	
1791.414179	4	96	0.732332832	0.02315628358	3.50581097	96.49418903	9.40729171	90.59270829	0	0	-1791.414179	0.732332832	408.431639599658	-1791.414179	0.02315628358	-6539.2623280062	
1788.854179	4	96	0.7384795118	0.02277176377	3.571484134	96.42851587	9.543279168	90.45672083	0	0	-1788.854179	0.7384795118	425.051135002537	-1788.854179	0.02277176377	-6783.3584884689	
1786.294179	4	96	0.7443878615	0.0224009947	3.637429868	96.36257013	9.678606717	90.32139328	0	0	-1786.294179	0.7443878615	442.033186220733	-1786.294179	0.0224009947	-7033.19340258979	
1783.734179	4	96	0.7500710932	0.02204331682	3.703652637	96.29634736	9.813282426	90.18671757	0	0	-1783.734179	0.7500710932	459.377889414983	-1783.734179	0.02204331682	-7288.98389432898	
1781.174179	4	96	0.7555414894	0.0216981216	3.770156941	96.22984306	9.947314313	90.05268569	0	0	-1781.174179	0.7555414894	477.085431058516	-1781.174179	0.0216981216	-7550.66179588768	
1778.614179	4	96	0.7608104757	0.02136481413	3.836947323	96.16305268	10.08071035	89.91928965	0	0	-1778.614179	0.7608104757	495.155875751152	-1778.614179	0.02136481413	-7818.38976899762	
1776.054179	4	96	0.7658886991	0.02104286186	3.904028365	96.09597164	10.21347846	89.78652154	0	0	-1776.054179	0.7658886991	513.58898030655	-1776.054179	0.02104286186	-8092.48638591487	
1773.494179	4	96	0.7707860908	0.02073175686	3.971404689	96.02859531	10.34562652	89.65437348	0	0	-1773.494179	0.7707860908	532.384503647337	-1773.494179	0.02073175686	-8373.01423265617	
1770.934179	4	96	0.7755119235	0.02043102215	4.039080961	95.96091904	10.47716237	89.52283763	0	0	-1770.934179	0.7755119235	551.542091652771	-1770.934179	0.02043102215	-8660.13676314221	
1768.374179	4	96	0.7800748651	0.02014020943	4.107061888	95.89293811	10.6080938	89.3919062	0	0	-1768.374179	0.7800748651	571.061246339888	-1768.374179	0.02014020943	-8954.02762686089	
1765.814179	4	96	0.7844830262	0.01985889701	4.175352224	95.82464778	10.73842857	89.26157143	0	0	-1765.814179	0.7844830262	590.941391899365	-1765.814179	0.01985889701	-9254.8707758462	
1763.254179	4	96	0.7887440032	0.01958668788	4.243956766	95.75604323	10.86817438	89.13182562	0	0	-1763.254179	0.7887440032	611.181820523711	-1763.254179	0.01958668788	-9562.86137004583	
1760.694179	4	96	0.7928649183	0.01932320799	4.312880358	95.68711964	10.9973389	89.0026611	0	0	-1760.694179	0.7928649183	631.781677890108	-1760.694179	0.01932320799	-9878.2068836522	
1758.134179	4	96	0.7968524553	0.01906810465	4.382127891	95.61787211	11.12592978	88.87407022	0	0	-1758.134179	0.7968524553	652.74004049646	-1758.134179	0.01906810465	-10201.1275183981	
1755.574179	4	96	0.8007128918	0.01882104506	4.451704304	95.5482957	11.25395462	88.74604538	0	0	-1755.574179	0.8007128918	674.055829584976	-1755.574179	0.01882104506	-10531.8574981482	
1753.014179	4	96	0.80445213	0.01858171498	4.521614587	95.47838541	11.38142098	88.61857902	0	0	-1753.014179	0.80445213	695.727832018967	-1753.014179	0.01858171498	-10870.645642316	
1750.454179	4	96	0.8080757233	0.01834981747	4.591863777	95.40813622	11.5083364	88.4916636	0	0	-1750.454179	0.8080757233	717.754760616833	-1750.454179	0.01834981747	-11217.7573662481	
1747.894179	4	96	0.8115889014	0.0181250718	4.662456967	95.33754303	11.63470838	88.36529162	0	0	-1747.894179	0.8115889014	740.135165227994	-1747.894179	0.0181250718	-11573.4753615714	
1745.334179	4	96	0.8149965935	0.01790721236	4.733399297	95.2666007	11.7605444	88.2394556	0	0	-1745.334179	0.8149965935	762.867445990258	-1745.334179	0.01790721236	-11938.1003218737	
1742.774179	4	96	0.8183034492	0.01769598771	4.804695967	95.19530403	11.88585189	88.11414811	0	0	-1742.774179	0.8183034492	785.949914536167	-1742.774179	0.01769598771	-12311.9540077126	
1740.214179	4	96	0.8215138575	0.01749115971	4.876352225	95.12364778	12.01063829	87.98936171	0	0	-1740.214179	0.8215138575	809.380739210367	-1740.214179	0.01749115971	-12695.3790877925	
1737.654179	4	96	0.8246319649	0.01729250265	4.948373379	95.05162662	12.13491099	87.86508901	0	0	-1737.654179	0.8246319649	833.157954156749	-1737.654179	0.01729250265	-13088.7426969655	
1735.094179	4	96	0.8276616914	0.01709980256	5.020764794	94.97923521	12.25867735	87.74132265	0	0	-1735.094179	0.8276616914	857.279476364689	-1735.094179	0.01709980256	-13492.4371091949	
1732.534179	4	96	0.8306067457	0.01691285643	5.09353189	94.90646811	12.38194473	87.61805527	0	0	-1732.534179	0.8306067457	881.743044853313	-1732.534179	0.01691285643	-13906.8816930647	
1729.974179	4	96	0.8334706392	0.01673147161	5.166680148	94.83331985	12.50472046	87.49527954	0	0	-1729.974179	0.8334706392	906.546267814044	-1729.974179	0.01673147161	-14332.5274883211	
1727.414179	4	96	0.8362566986	0.0165554652	5.240215109	94.75978489	12.62701184	87.37298816	0	0	-1727.414179	0.8362566986	931.686646792078	-1727.414179	0.0165554652	-14769.8565335492	
1724.854179	4	96	0.8389680777	0.01638466345	5.314142377	94.68585762	12.74882616	87.25117384	0	0	-1724.854179	0.8389680777	957.161520533448	-1724.854179	0.01638466345	-15219.3866111561	
1722.294179	4	96	0.8416077685	0.01621890128	5.388467615	94.61153239	12.87017071	87.12982929	0	0	-1722.294179	0.8416077685	982.968100683788	-1722.294179	0.01621890128	-15681.6762715701	
1719.734179	4	96	0.8441786111	0.0160580218	5.463196552	94.53680345	12.99105274	87.00894726	0	0	-1719.734179	0.8441786111	1009.10343409812	-1719.734179	0.0160580218	-16157.3238041065	
1717.174179	4	96	0.8466833034	0.0159018758	5.538334982	94.46166502	13.11147951	86.88852049	0	0	-1717.174179	0.8466833034	1035.56438051422	-1717.174179	0.0159018758	-16646.9750416243	
1714.614179	4	96	0.8491244097	0.01575032141	5.613888766	94.38611123	13.23145825	86.76854175	0	0	-1714.614179	0.8491244097	1062.34772893355	-1714.614179	0.01575032141	-17151.3272364474	
1712.054179	4	96	0.8515043685	0.01560322365	5.689863829	94.31013617	13.35099619	86.64900381	0	0	-1712.054179	0.8515043685	1089.45011689106	-1712.054179	0.01560322365	-17671.130968477	
1709.494179	4	96	0.8538255003	0.01546045408	5.766266167	94.23373383	13.47010056	86.52989944	0	0	-1709.494179	0.8538255003	1116.86791398263	-1709.494179	0.01546045408	-18207.2011134113	
1706.934179	4	96	0.8560900148	0.0153218905	5.843101846	94.15689815	13.58877857	86.41122143	0	0	-1706.934179	0.8560900148	1144.59742696556	-1706.934179	0.0153218905	-18760.4174564753	
1704.374179	4	96	0.8583000168	0.01518741656	5.920377003	94.079623	13.70703743	86.29296257	0	0	-1704.374179	0.8583000168	1172.63483695658	-1704.374179	0.01518741656	-19331.7345858033	
1701.814179	4	96	0.8604575127	0.01505692154	5.998097847	94.00190215	13.82488436	86.17511564	0	0	-1701.814179	0.8604575127	1200.9760694654	-1701.814179	0.01505692154	-19922.1884489506	
1699.254179	4	96	0.8625644161	0.0149303	6.07627066	93.92372934	13.94232656	86.05767344	0	0	-1699.254179	0.8625644161	1229.61694261881	-1699.254179	0.0149303	-20532.9057390615	
1696.694179	4	96	0.8646225529	0.01480745159	6.1549018	93.8450982	14.05937123	85.94062877	0	0	-1696.694179	0.8646225529	1258.55313445997	-1696.694179	0.01480745159	-21165.116518957	
1694.134179	4	96	0.8666336663	0.01468828078	6.233997701	93.7660023	14.17602561	85.82397439	0	0	-1694.134179	0.8666336663	1287.78006768222	-1694.134179	0.01468828078	-21820.1582869921	
1691.574179	4	96	0.8685994216	0.01457269661	6.313564875	93.68643512	14.2922969	85.7077031	0	0	-1691.574179	0.8685994216	1317.29309474568	-1691.574179	0.01457269661	-22499.4955788778	
1689.014179	4	96	0.87052141	0.01446061253	6.393609913	93.60639009	14.40819232	85.59180768	0	0	-1689.014179	0.87052141	1347.087358144	-1689.014179	0.01446061253	-23204.7301313579	
1686.454179	4	96	0.8724011532	0.01435194614	6.474139486	93.52586051	14.52371911	85.47628089	0	0	-1686.454179	0.8724011532	1377.15784051656	-1686.454179	0.01435194614	-23937.6224345504	
1683.894179	4	96	0.8742401066	0.01424661909	6.555160347	93.44483965	14.63888452	85.36111548	0	0	-1683.894179	0.8742401066	1407.49928808799	-1683.894179	0.01424661909	-24700.1065355202	
1681.334179	4	96	0.8760396635	0.01414455682	6.636679334	93.36332067	14.75369579	85.24630421	0	0	-1681.334179	0.8760396635	1438.10634099035	-1681.334179	0.01414455682	-25494.308399712	
1678.774179	4	96	0.8778011576	0.01404568844	6.718703366	93.28129663	14.8681602	85.1318398	0	0	-1678.774179	0.8778011576	1468.97348260364	-1678.774179	0.01404568844	-26322.5830545395	
1676.214179	4	96	0.8795258668	0.0139499466	6.801239453	93.19876055	14.98228504	85.01771496	0	0	-1676.214179	0.8795258668	1500.09491799547	-1676.214179	0.0139499466	-27187.5329124789	
1673.654179	4	96	0.8812150157	0.0138572673	6.88429469	93.11570531	15.0960776	84.9039224	0	0	-1673.654179	0.8812150157	1531.46476156629	-1673.654179	0.0138572673	-28092.0452346915	
1671.094179	4	96	0.8828697785	0.0137675898	6.967876261	93.03212374	15.20954522	84.79045478	0	0	-1671.094179	0.8828697785	1563.07690938521	-1671.094179	0.0137675898	-29039.3302004866	
1668.534179	4	96	0.8844912815	0.01368085645	7.051991443	92.94800856	15.32269523	84.67730477	0	0	-1668.534179	0.8844912815	1594.9250625431	-1668.534179	0.01368085645	-30032.9732026889	
1665.974179	4	96	0.8860806056	0.01359701264	7.136647603	92.8633524	15.43553502	84.56446498	0	0	-1665.974179	0.8860806056	1627.00278617714	-1665.974179	0.01359701264	-31076.987090729	
1663.414179	4	96	0.8876387884	0.01351600664	7.221852204	92.7781478	15.54807198	84.45192802	0	0	-1663.414179	0.8876387884	1659.30340912869	-1663.414179	0.01351600664	-32175.868641704	
1660.854179	4	96	0.8891668266	0.01343778951	7.307612804	92.6923872	15.66031353	84.33968647	0	0	-1660.854179	0.8891668266	1691.82005644333	-1660.854179	0.01343778951	-33334.6839535891	
1658.294179	4	96	0.8906656778	0.01336231501	7.39393706	92.60606294	15.77226715	84.22773285	0	0	-1658.294179	0.8906656778	1724.54578068951	-1658.294179	0.01336231501	-34559.1629193626	
1655.734179	4	96	0.8921362624	0.01328953953	7.480832726	92.51916727	15.88394031	84.11605969	0	0	-1655.734179	0.8921362624	1757.47320357034	-1655.734179	0.01328953953	-35855.801893243	
1653.174179	4	96	0.8935794658	0.01321942198	7.568307657	92.43169234	15.99534055	84.00465945	0	0	-1653.174179	0.8935794658	1790.595000759	-1653.174179	0.01321942198	-37231.9937168372	
1650.614179	4	96	0.8949961393	0.01315192372	7.656369813	92.34363019	16.10647543	83.89352457	0	0	-1650.614179	0.8949961393	1823.90355739653	-1650.614179	0.01315192372	-38696.2007854014	
1648.054179	4	96	0.8963871026	0.01308700851	7.745027257	92.25497274	16.21735257	83.78264743	0	0	-1648.054179	0.8963871026	1857.39104451358	-1648.054179	0.01308700851	-40258.1508099029	
1645.494179	4	96	0.8977531445	0.01302464244	7.834288158	92.16571184	16.32797962	83.67202038	0	0	-1645.494179	0.8977531445	1891.04949206467	-1645.494179	0.01302464244	-41929.0680892153	
1642.934179	4	96	0.899095025	0.01296479385	7.924160795	92.07583921	16.43836427	83.56163573	0	0	-1642.934179	0.899095025	1924.87060651797	-1642.934179	0.01296479385	-43721.9847371468	
1640.374179	4	96	0.9004134762	0.0129074333	8.014653555	91.98534645	16.54851427	83.45148573	0	0	-1640.374179	0.9004134762	1958.84603538221	-1640.374179	0.0129074333	-45652.1119081396	
1637.814179	4	96	0.9017092038	0.01285253349	8.105774939	91.89422506	16.65843741	83.34156259	0	0	-1637.814179	0.9017092038	1992.96723630207	-1637.814179	0.01285253349	-47737.328322673	
1635.254179	4	96	0.9029828881	0.01280006926	8.197533563	91.80246644	16.76814156	83.23185844	0	0	-1635.254179	0.9029828881	2027.22542625069	-1635.254179	0.01280006926	-49998.7747582651	
1632.694179	4	96	0.9042351854	0.0127500175	8.289938158	91.71006184	16.87763461	83.12236539	0	0	-1632.694179	0.9042351854	2061.61157907809	-1632.694179	0.0127500175	-52461.6367082681	
1630.134179	4	96	0.9054667289	0.01270235715	8.382997574	91.61700243	16.98692455	83.01307545	0	0	-1630.134179	0.9054667289	2096.11637735286	-1630.134179	0.01270235715	-55156.1775892856	
1627.574179	4	96	0.90667813	0.01265706916	8.476720782	91.52327922	17.09601939	82.90398061	0	0	-1627.574179	0.90667813	2130.73049081746	-1627.574179	0.01265706916	-58119.0422593223	
1625.014179	4	96	0.9078699788	0.01261413643	8.571116875	91.42888312	17.20492723	82.79507277	0	0	-1625.014179	0.9078699788	2165.44456088903	-1625.014179	0.01261413643	-61395.0871689136	
1622.454179	4	96	0.9090428453	0.01257354384	8.666195074	91.33380493	17.31365626	82.68634374	0	0	-1622.454179	0.9090428453	2200.2485942597	-1622.454179	0.01257354384	-65039.768922848	
1619.894179	4	96	0.9101972805	0.01253527816	8.761964726	91.23803527	17.4222147	82.5777853	0	0	-1619.894179	0.9101972805	2235.13260029949	-1619.894179	0.01253527816	-69122.513705901	
1617.334179	4	96	0.9113338168	0.0124993281	8.858435308	91.14156469	17.53061086	82.46938914	0	0	-1617.334179	0.9113338168	2270.08649539311	-1617.334179	0.0124993281	-73731.4360959855	
1614.774179	4	96	0.9124529691	0.01246568427	8.955616431	91.04438357	17.63885315	82.36114685	0	0	-1614.774179	0.9124529691	2305.09986822496	-1614.774179	0.01246568427	-78979.9715425043	
1612.214179	4	96	0.9135552354	0.01243433913	9.05351784	90.94648216	17.74695004	82.25304996	0	0	-1612.214179	0.9135552354	2340.16206522941	-1612.214179	0.01243433913	-85016.8707969979	
1609.654179	4	96	0.9146410977	0.01240528706	9.15214942	90.84785058	17.8549101	82.1450899	0	0	-1609.654179	0.9146410977	2375.26258042748	-1609.654179	0.01240528706	-92041.0393546885	
1607.094179	4	96	0.9157110222	0.01237852429	9.251521196	90.7484788	17.96274197	82.03725803	0	0	-1607.094179	0.9157110222	2410.39028347594	-1607.094179	0.01237852429	-100324.699423525	
1604.534179	4	96	0.9167654608	0.01235404894	9.351643335	90.64835666	18.07045441	81.92954559	0	0	-1604.534179	0.9167654608	2445.53409157087	-1604.534179	0.01235404894	-110250.77157053	
1601.974179	4	96	0.9178048507	0.01233186099	9.452526155	90.54747385	18.17805625	81.82194375	0	0	-1601.974179	0.9178048507	2480.68267814082	-1601.974179	0.01233186099	-122375.998001897	
1599.414179	4	96	0.918829616	0.01231196235	9.554180119	90.44581988	18.28555645	81.71444355	0	0	-1599.414179	0.918829616	2515.82453926969	-1599.414179	0.01231196235	-137542.482235621	
1596.854179	4	96	0.9198401673	0.01229435677	9.656615847	90.34338415	18.39296406	81.60703594	0	0	-1596.854179	0.9198401673	2550.94817580231	-1596.854179	0.01229435677	-157089.749649834	
1594.294179	4	96	0.920836903	0.01227904996	9.759844112	90.24015589	18.50028824	81.49971176	0	0	-1594.294179	0.920836903	2586.04150979702	-1594.294179	0.01227904996	-183290.104082	
1591.734179	4	96	0.9218202094	0.01226604955	9.86387585	90.13612415	18.60753828	81.39246172	0	0	-1591.734179	0.9218202094	2621.09264163431	-1591.734179	0.01226604955	-220345.690557624	
1589.174179	4	96	0.9227904613	0.01225536511	9.968722156	90.03127784	18.71472355	81.28527645	0	0	-1589.174179	0.9227904613	2656.08931290384	-1589.174179	0.01225536511	-277045.58906413	
1586.614179	4	96	0.9237480225	0.0122470082	10.0743943	89.9256057	18.8218536	81.1781464	0	0	-1586.614179	0.9237480225	2691.01925075738	-1586.614179	0.0122470082	-375647.802612828	
1584.054179	4	96	0.9246932461	0.01224099238	10.1809037	89.8190963	18.92893807	81.07106193	0	0	-1584.054179	0.9246932461	2725.86996924836	-1584.054179	0.01224099238	-595966.896022562	
1581.494179	4	96	0.9256264751	0.01223733328	10.28826199	89.71173801	19.03598674	80.96401326	0	0	-1581.494179	0.9256264751	2760.62888483947	-1581.494179	0.01223733328	-1656668.10732578	
1578.934179	4	96	0.9265480426	0.01223604858	10.39648094	89.60351906	19.14300954	80.85699046	0	0	-1578.934179	0.9265480426	2795.28292843127	-1578.934179	0.01223604858	29541701.659571	
1576.374179	4	96	0.9274582726	0.0122371581	10.50557253	89.49442747	19.25001654	80.74998346	0	0	-1576.374179	0.9274582726	2829.81914246067	-1576.374179	0.0122371581	1928816.10898274	
1573.814179	4	96	0.9283574798	0.01224068384	10.61554891	89.38445109	19.35701795	80.64298205	0	0	-1573.814179	0.9283574798	2864.22475201773	-1573.814179	0.01224068384	615768.290176441	
1571.254179	4	96	0.9292459703	0.01224664999	10.72642244	89.27357756	19.46402416	80.53597584	0	0	-1571.254179	0.9292459703	2898.48655902109	-1571.254179	0.01224664999	377079.410303419	
1568.694179	4	96	0.9301240418	0.01225508306	10.83820566	89.16179434	19.57104571	80.42895429	0	0	-1568.694179	0.9301240418	2932.59099266235	-1568.694179	0.01225508306	273372.834819288	
1566.134179	4	96	0.9309919842	0.01226601188	10.95091133	89.04908867	19.67809329	80.32190671	0	0	-1566.134179	0.9309919842	2966.52442333155	-1566.134179	0.01226601188	214527.15412248	
1563.574179	4	96	0.9318500796	0.01227946768	11.06455239	88.93544761	19.7851778	80.2148222	0	0	-1563.574179	0.9318500796	3000.27380159018	-1563.574179	0.01227946768	176365.215173728	
1561.014179	4	96	0.9326986025	0.01229548419	11.17914201	88.82085799	19.89231029	80.10768971	0	0	-1561.014179	0.9326986025	3033.8252459953	-1561.014179	0.01229548419	149521.043079324	
1558.454179	4	96	0.9335378206	0.01231409768	11.29469359	88.70530641	19.99950203	80.00049797	0	0	-1558.454179	0.9335378206	3067.16472235805	-1558.454179	0.01231409768	129568.412226276	
1555.894179	4	96	0.9343679946	0.01233534707	11.41122074	88.58877926	20.10676446	79.89323554	0	0	-1555.894179	0.9343679946	3100.27887991356	-1555.894179	0.01233534707	114132.729794488	
1553.334179	4	96	0.9351893785	0.01235927401	11.52873729	88.47126271	20.21410923	79.78589077	0	0	-1553.334179	0.9351893785	3133.15377432273	-1553.334179	0.01235927401	101822.136623312	
1550.774179	4	96	0.9360022201	0.01238592299	11.64725733	88.35274267	20.32154821	79.67845179	0	0	-1550.774179	0.9360022201	3165.77519433838	-1550.774179	0.01238592299	91765.3205292688	
1548.214179	4	96	0.9368067611	0.01241534144	11.76679517	88.23320483	20.42909349	79.57090651	0	0	-1548.214179	0.9368067611	3198.12918943419	-1548.214179	0.01241534144	83388.4261866264	
1545.654179	4	96	0.9376032373	0.0124475798	11.8873654	88.1126346	20.53675738	79.46324262	0	0	-1545.654179	0.9376032373	3230.20166821871	-1545.654179	0.0124475798	76297.7477172619	
1543.094179	4	96	0.9383918789	0.01248269172	12.00898285	87.99101715	20.64455242	79.35544758	0	0	-1543.094179	0.9383918789	3261.97900568503	-1543.094179	0.01248269172	70214.0090415804	
1540.534179	4	96	0.9391729104	0.01252073413	12.13166262	87.86833738	20.75249142	79.24750858	0	0	-1540.534179	0.9391729104	3293.44695339065	-1540.534179	0.01252073413	64933.6241292939	
1537.974179	4	96	0.9399465514	0.01256176739	12.25542007	87.74457993	20.86058743	79.13941257	0	0	-1537.974179	0.9399465514	3324.59107091412	-1537.974179	0.01256176739	60304.5660982714	
1535.414179	4	96	0.9407130163	0.01260585547	12.38027088	87.61972912	20.96885377	79.03114623	0	0	-1535.414179	0.9407130163	3355.39749047084	-1535.414179	0.01260585547	56211.0362491219	
1532.854179	4	96	0.9414725147	0.01265306604	12.50623099	87.49376901	21.07730403	78.92269597	0	0	-1532.854179	0.9414725147	3385.85255349502	-1532.854179	0.01265306604	52563.2633485129	
1530.294179	4	96	0.9422252513	0.01270347071	12.63331666	87.36668334	21.18595209	78.81404791	0	0	-1530.294179	0.9422252513	3415.9418369067	-1530.294179	0.01270347071	49290.5380933461	
1527.734179	4	96	0.9429714267	0.01275714518	12.76154446	87.23845554	21.29481213	78.70518787	0	0	-1527.734179	0.9429714267	3445.65155316939	-1527.734179	0.01275714518	46336.4457674951	
1525.174179	4	96	0.9437112367	0.01281416943	12.89093127	87.10906873	21.40389865	78.59610135	0	0	-1525.174179	0.9437112367	3474.96822150932	-1525.174179	0.01281416943	43655.4101326961	
1522.614179	4	96	0.9444448732	0.01287462793	13.02149434	86.97850566	21.51322646	78.48677354	0	0	-1522.614179	0.9444448732	3503.87782954633	-1522.614179	0.01287462793	41210.2073796444	
1520.054179	4	96	0.9451725239	0.01293860986	13.15325122	86.84674878	21.6228107	78.3771893	0	0	-1520.054179	0.9451725239	3532.36641019805	-1520.054179	0.01293860986	38970.1284170473	
1517.494179	4	96	0.9458943729	0.01300620938	13.28621986	86.71378014	21.73266688	78.26733312	0	0	-1517.494179	0.9458943729	3560.42085427585	-1517.494179	0.01300620938	36909.6267494993	
1514.934179	4	96	0.9466106001	0.01307752582	13.42041857	86.57958143	21.84281086	78.15718914	0	0	-1514.934179	0.9466106001	3588.02783937801	-1514.934179	0.01307752582	35007.2765162166	
1512.374179	4	96	0.9473213822	0.01315266401	13.55586603	86.44413397	21.95325887	78.04674113	0	0	-1512.374179	0.9473213822	3615.17391933645	-1512.374179	0.01315266401	33244.9595130476	
1509.814179	4	96	0.9480268921	0.01323173455	13.69258135	86.30741865	22.06402755	77.93597245	0	0	-1509.814179	0.9480268921	3641.84641687478	-1509.814179	0.01323173455	31607.2676224028	
1507.254179	4	96	0.9487272995	0.01331485411	13.83058403	86.16941597	22.17513395	77.82486605	0	0	-1507.254179	0.9487272995	3668.03222193391	-1507.254179	0.01331485411	30081.0076527556	
1504.694179	4	96	0.9494227708	0.01340214578	13.96989403	86.03010597	22.28659553	77.71340447	0	0	-1504.694179	0.9494227708	3693.71903390483	-1504.694179	0.01340214578	28654.813181361	
1502.134179	4	96	0.9501134692	0.01349373944	14.11053175	85.88946825	22.39843021	77.60156979	0	0	-1502.134179	0.9501134692	3718.89459158877	-1502.134179	0.01349373944	27318.8465909375	
1499.574179	4	96	0.9507995549	0.01358977211	14.25251804	85.74748196	22.51065637	77.48934363	0	0	-1499.574179	0.9507995549	3743.54693763486	-1499.574179	0.01358977211	26064.5484310531	
1497.014179	4	96	0.9514811851	0.0136903884	14.39587428	85.60412572	22.62329288	77.37670712	0	0	-1497.014179	0.9514811851	3767.66383953815	-1497.014179	0.0136903884	24884.4358715264	
1494.454179	4	96	0.9521585144	0.01379574091	14.54062234	85.45937766	22.73635908	77.26364092	0	0	-1494.454179	0.9521585144	3791.23420062253	-1494.454179	0.01379574091	23771.9378872858	
1491.894179	4	96	0.9528316943	0.01390599077	14.6867846	85.3132154	22.8498749	77.1501251	0	0	-1491.894179	0.9528316943	3814.24746888711	-1491.894179	0.01390599077	22721.2597028258	
1489.334179	4	96	0.9535008738	0.0140213081	14.83438404	85.16561596	22.96386075	77.03613925	0	0	-1489.334179	0.9535008738	3836.6922698178	-1489.334179	0.0140213081	21727.2777054367	
1486.774179	4	96	0.9541661994	0.01414187258	14.98344418	85.01655582	23.07833766	76.92166234	0	0	-1486.774179	0.9541661994	3858.55864426451	-1486.774179	0.01414187258	20785.4405758683	
1484.214179	4	96	0.9548278149	0.01426787403	15.13398917	84.86601083	23.19332724	76.80667276	0	0	-1484.214179	0.9548278149	3879.83720189305	-1484.214179	0.01426787403	19891.6900327899	
1481.654179	4	96	0.9554858617	0.0143995131	15.28604378	84.71395622	23.30885174	76.69114826	0	0	-1481.654179	0.9554858617	3900.51765921368	-1481.654179	0.0143995131	19042.3998295332	
1479.094179	4	96	0.9561404791	0.01453700188	15.43963347	84.56036653	23.42493404	76.57506596	0	0	-1479.094179	0.9561404791	3920.5918001883	-1479.094179	0.01453700188	18234.3190509706	
1476.534179	4	96	0.9567918036	0.01468056473	15.59478435	84.40521565	23.54159772	76.45840228	0	0	-1476.534179	0.9567918036	3940.05135187072	-1476.534179	0.01468056473	17464.5216589079	
1473.974179	4	96	0.9574399699	0.01483043903	15.75152331	84.24847669	23.65886708	76.34113292	0	0	-1473.974179	0.9574399699	3958.88836997393	-1473.974179	0.01483043903	16730.3729819964	
1471.414179	4	96	0.9580851101	0.01498687605	15.90987795	84.09012205	23.77676716	76.22323284	0	0	-1471.414179	0.9580851101	3977.09574208217	-1471.414179	0.01498687605	16029.4885966802	
1468.854179	4	96	0.9587273545	0.01515014194	16.0698767	83.9301233	23.89532378	76.10467622	0	0	-1468.854179	0.9587273545	3994.66666625263	-1468.854179	0.01515014194	15359.7078785206	
1466.294179	4	96	0.959366831	0.01532051869	16.23154885	83.76845115	24.01456359	75.98543641	0	0	-1466.294179	0.959366831	4011.59550789706	-1466.294179	0.01532051869	14719.068897311	
1463.734179	4	96	0.9600036656	0.01549830529	16.39492452	83.60507548	24.13451411	75.86548589	0	0	-1463.734179	0.9600036656	4027.87756387047	-1463.734179	0.01549830529	14105.7855694512	
1461.174179	4	96	0.9606379819	0.01568381886	16.56003481	83.43996519	24.25520375	75.74479625	0	0	-1461.174179	0.9606379819	4043.50805111949	-1461.174179	0.01568381886	13518.2286960474	
1458.614179	4	96	0.9612699019	0.01587739602	16.72691177	83.27308823	24.37666187	75.62333813	0	0	-1458.614179	0.9612699019	4058.48246565318	-1458.614179	0.01587739602	12954.9063453568	
1456.054179	4	96	0.9618995454	0.0160793943	16.89558848	83.10441152	24.49891883	75.50108117	0	0	-1456.054179	0.9618995454	4072.79943078307	-1456.054179	0.0160793943	12414.4537750623	
1453.494179	4	96	0.9625270299	0.01629019363	17.06609911	82.93390089	24.62200603	75.37799397	0	0	-1453.494179	0.9625270299	4086.45653255924	-1453.494179	0.01629019363	11895.619065504	
1450.934179	4	96	0.9631524713	0.01651019805	17.23847897	82.76152103	24.74595599	75.25404401	0	0	-1450.934179	0.9631524713	4099.45259947799	-1450.934179	0.01651019805	11397.2497558601	
1448.374179	4	96	0.9637759831	0.01673983755	17.41276457	82.58723543	24.87080237	75.12919763	0	0	-1448.374179	0.9637759831	4111.78797625308	-1448.374179	0.01673983755	10918.284302201	
1445.814179	4	96	0.964397677	0.01697957006	17.58899369	82.41100631	24.99658004	75.00341996	0	0	-1445.814179	0.964397677	4123.46292462019	-1445.814179	0.01697957006	10457.7441708821	
1443.254179	4	96	0.9650176626	0.0172298836	17.76720547	82.23279453	25.12332517	74.87667483	0	0	-1443.254179	0.9650176626	4134.48057035301	-1443.254179	0.0172298836	10014.7241352563	
1440.694179	4	96	0.9656360471	0.01749129875	17.94744045	82.05255955	25.25107528	74.74892472	0	0	-1440.694179	0.9656360471	4144.84357135169	-1440.694179	0.01749129875	9588.38651652004	
1438.134179	4	96	0.966252936	0.01776437116	18.12974068	81.87025932	25.37986932	74.62013068	0	0	-1438.134179	0.966252936	4154.55647327885	-1438.134179	0.01776437116	9177.9548498158	
1435.574179	4	96	0.9668684321	0.01804969454	18.3141498	81.6858502	25.50974774	74.49025226	0	0	-1435.574179	0.9668684321	4163.62565759132	-1435.574179	0.01804969454	8782.70736427021	
1433.014179	4	96	0.9674826362	0.01834790373	18.50071313	81.49928687	25.64075258	74.35924742	0	0	-1433.014179	0.9674826362	4172.05734573589	-1433.014179	0.01834790373	8401.97408215895	
1430.454179	4	96	0.9680956467	0.01865967819	18.6894778	81.3105222	25.77292757	74.22707243	0	0	-1430.454179	0.9680956467	4179.86060258309	-1430.454179	0.01865967819	8035.12979350926	
1427.894179	4	96	0.9687075594	0.0189857459	18.88049384	81.11950616	25.90631821	74.09368179	0	0	-1427.894179	0.9687075594	4187.04563353704	-1427.894179	0.0189857459	7681.56146831363	
1425.334179	4	96	0.9693184676	0.01932689036	19.07381026	80.92618974	26.0409719	73.9590281	0	0	-1425.334179	0.9693184676	4193.62376411705	-1425.334179	0.01932689036	7340.78214947813	
1422.774179	4	96	0.9699284619	0.01968394389	19.2694812	80.7305188	26.17693802	73.82306198	0	0	-1422.774179	0.9699284619	4199.60878370365	-1422.774179	0.01968394389	7012.2928089629	
1420.214179	4	96	0.9705376299	0.02005780972	19.4675621	80.5324379	26.31426809	73.68573191	0	0	-1420.214179	0.9705376299	4205.01623547243	-1420.214179	0.02005780972	6695.54910689205	
1417.654179	4	96	0.9711460562	0.02044945656	19.66811085	80.33188915	26.45301587	73.54698413	0	0	-1417.654179	0.9711460562	4209.8630441996	-1417.654179	0.02044945656	6390.13601273992	
1415.094179	4	96	0.9717538222	0.02085992768	19.87118787	80.12881213	26.59323752	73.40676248	0	0	-1415.094179	0.9717538222	4214.16886367092	-1415.094179	0.02085992768	6095.63377980219	
1412.534179	4	96	0.9723610057	0.02129034805	20.0768564	79.9231436	26.73499173	73.26500827	0	0	-1412.534179	0.9723610057	4217.95465203017	-1412.534179	0.02129034805	5811.64782016138	
1409.974179	4	96	0.9729676811	0.02174193212	20.28518256	79.71481744	26.87833993	73.12166007	0	0	-1409.974179	0.9729676811	4221.24437579622	-1409.974179	0.02174193212	5537.80689898674	
1407.414179	4	96	0.9735739185	0.02221599268	20.49623567	79.50376433	27.02334641	72.97665359	0	0	-1407.414179	0.9735739185	4224.0649592678	-1407.414179	0.02221599268	5273.76156409053	
1404.854179	4	96	0.9741797839	0.02271395049	20.71008839	79.28991161	27.17007857	72.82992143	0	0	-1404.854179	0.9741797839	4226.4459040613	-1404.854179	0.02271395049	5019.18000268465	
1402.294179	4	96	0.9747853384	0.02323734593	20.92681698	79.07318302	27.3186071	72.6813929	0	0	-1402.294179	0.9747853384	4228.41888036141	-1402.294179	0.02323734593	4773.74953857364	
1399.734179	4	96	0.9753906385	0.02378785046	21.1465016	78.8534984	27.46900621	72.53099379	0	0	-1399.734179	0.9753906385	4230.01977995889	-1399.734179	0.02378785046	4537.17632191104	
1397.174179	4	96	0.9759957347	0.02436728112	21.36922651	78.63077349	27.62135391	72.37864609	0	0	-1397.174179	0.9759957347	4231.2879573868	-1397.174179	0.02436728112	4309.17956726278	
1394.614179	4	96	0.976600672	0.02497761607	21.59508049	78.40491951	27.77573224	72.22426776	0	0	-1394.614179	0.976600672	4232.26513685451	-1394.614179	0.02497761607	4089.49351110912	
1392.054179	4	96	0.9772054888	0.02562101237	21.82415707	78.17584293	27.93222761	72.06777239	0	0	-1392.054179	0.9772054888	4232.99955135264	-1392.054179	0.02562101237	3877.86571588056	
1389.494179	4	96	0.9778102162	0.02629982602	22.05655499	77.94344501	28.09093112	71.90906888	0	0	-1389.494179	0.9778102162	4233.54274787701	-1389.494179	0.02629982602	3674.05613374169	
1386.934179	4	96	0.9784148778	0.02701663483	22.29237856	77.70762144	28.2519389	71.7480611	0	0	-1386.934179	0.9784148778	4233.95059260821	-1386.934179	0.02701663483	3477.83600908541	
1384.374179	4	96	0.9790194887	0.02777426441	22.53173812	77.46826188	28.41535253	71.58464747	0	0	-1384.374179	0.9790194887	4234.28603465942	-1384.374179	0.02777426441	3288.98723127415	
1381.814179	4	96	0.9796240545	0.02857581784	22.77475055	77.22524945	28.58127947	71.41872053	0	0	-1381.814179	0.9796240545	4234.61768286387	-1381.814179	0.02857581784	3107.30153488558	
1379.254179	4	96	0.9802285707	0.02942470966	23.02153979	76.97846021	28.74983354	71.25016646	0	0	-1379.254179	0.9802285707	4235.02085132165	-1379.254179	0.02942470966	2932.57968383774	
1376.694179	4	96	0.9808330214	0.03032470495	23.27223748	76.72776252	28.92113547	71.07886453	0	0	-1376.694179	0.9808330214	4235.57827919025	-1376.694179	0.03032470495	2764.63091683328	
1374.134179	4	96	0.9814373785	0.03127996424	23.52698362	76.47301638	29.09531348	70.90468652	0	0	-1374.134179	0.9814373785	4236.38158817723	-1374.134179	0.03127996424	2603.27236926193	
1371.574179	4	96	0.9820416	0.03229509552	23.7859273	76.2140727	29.27250393	70.72749607	0	0	-1371.574179	0.9820416	4237.53208455096	-1371.574179	0.03229509552	2448.32843096385	
1369.014179	4	96	0.982645629	0.03337521447	24.04922756	75.95077244	29.45285211	70.54714789	0	0	-1369.014179	0.982645629	4239.14268195435	-1369.014179	0.03337521447	2299.63025284301	
1366.454179	4	96	0.9832493915	0.03452601463	24.31705432	75.68294568	29.63651298	70.36348702	0	0	-1366.454179	0.9832493915	4241.33814826254	-1366.454179	0.03452601463	2157.01524891097	
1363.894179	4	96	0.9838527954	0.03575384927	24.58958939	75.41041061	29.82365217	70.17634783	0	0	-1363.894179	0.9838527954	4244.25652626477	-1363.894179	0.03575384927	2020.32667970484	
1361.334179	4	96	0.984455728	0.03706582746	24.8670277	75.1329723	30.01444698	69.98555302	0	0	-1361.334179	0.984455728	4248.05421079855	-1361.334179	0.03706582746	1889.41319636393	
1358.774179	4	96	0.9850580537	0.03846992713	25.1495786	74.8504214	30.20908755	69.79091245	0	0	-1358.774179	0.9850580537	4252.90454429302	-1358.774179	0.03846992713	1764.1284735091	
1356.214179	4	96	0.9856596121	0.03997512879	25.43746733	74.56253267	30.40777819	69.59222181	0	0	-1356.214179	0.9856596121	4259.00337377352	-1356.214179	0.03997512879	1644.3308221708	
1353.654179	4	96	0.9862602144	0.04159157437	25.73093678	74.26906322	30.6107389	69.3892611	0	0	-1353.654179	0.9862602144	4266.57246116824	-1353.654179	0.04159157437	1529.88284381072	
1351.094179	4	96	0.9868596409	0.04333075684	26.03024937	73.96975063	30.81820706	69.18179294	0	0	-1351.094179	0.9868596409	4275.86160765305	-1351.094179	0.04333075684	1420.65111737767	
1348.534179	4	96	0.9874576373	0.04520574767	26.33568931	73.66431069	31.03043937	68.96956063	0	0	-1348.534179	0.9874576373	4287.15739747993	-1348.534179	0.04520574767	1316.50591245379	
1345.974179	4	96	0.9880539104	0.04723147122	26.64756513	73.35243487	31.24771417	68.75228583	0	0	-1345.974179	0.9880539104	4300.78595656795	-1345.974179	0.04723147122	1217.32088708979	
1343.414179	4	96	0.9886481245	0.04942503769	26.96621259	73.03378741	31.47033395	68.52966605	0	0	-1343.414179	0.9886481245	4317.12365033951	-1343.414179	0.04942503769	1122.97281050544	
1340.854179	4	96	0.9892398953	0.05180614957	27.29199814	72.70800186	31.6986284	68.3013716	0	0	-1340.854179	0.9892398953	4336.60658726693	-1340.854179	0.05180614957	1033.34133537111	
1338.294179	4	96	0.9898287852	0.05439760098	27.62532281	72.37467719	31.9329579	68.0670421	0	0	-1338.294179	0.9898287852	4359.74073499222	-1338.294179	0.05439760098	948.308755646496	
1335.734179	4	96	0.9904142965	0.0572258957	27.9666269	72.0333731	32.1737176	67.8262824	0	0	-1335.734179	0.9904142965	4387.12073106636	-1335.734179	0.0572258957	867.759770469565	
1333.174179	4	96	0.9909958643	0.06032201758	28.31639541	71.68360459	32.42134228	67.57865772	0	0	-1333.174179	0.9909958643	4419.44835672096	-1333.174179	0.06032201758	791.581283195219	
1330.614179	4	96	0.9915728484	0.06372239893	28.6751645	71.3248355	32.67631198	67.32368802	0	0	-1330.614179	0.9915728484	4457.55770364674	-1330.614179	0.06372239893	719.662195560317	
1328.054179	4	96	0.9921445244	0.06747014818	29.0435292	70.9564708	32.93915888	67.06084112	0	0	-1328.054179	0.9921445244	4502.44912454741	-1328.054179	0.06747014818	651.890317848711	
1325.494179	4	96	0.9927100733	0.07161666466	29.42215265	70.57784735	33.2104754	66.7895246	0	0	-1325.494179	0.9927100733	4555.3364462204	-1325.494179	0.07161666466	588.16270677148	
1322.934179	4	96	0.9932685694	0.07622350389	29.81177729	70.18822271	33.49092411	66.50907589	0	0	-1322.934179	0.9932685694	4617.70357077622	-1322.934179	0.07622350389	528.375477417871	
1320.374179	4	96	0.9938189678	0.08136527302	30.21323851	69.78676149	33.78125053	66.21874947	0	0	-1320.374179	0.9938189678	4691.38867548094	-1320.374179	0.08136527302	472.42398002399	
1317.814179	4	96	0.9943600884	0.08713277173	30.62748146	69.37251854	34.08229496	65.91770504	0	0	-1317.814179	0.9943600884	4778.67576002716	-1317.814179	0.08713277173	420.189653970447	
1315.254179	4	96	0.9948906042	0.09363880623	31.05558197	68.94441803	34.39501532	65.60498468	0	0	-1315.254179	0.9948906042	4882.4788139202	-1315.254179	0.09363880623	371.572149876218	
1312.694179	4	96	0.9954090154	0.1010225449	31.4987728	68.5012272	34.72050744	65.27949256	0	0	-1312.694179	0.9954090154	5006.31742756081	-1312.694179	0.1010225449	326.321100225438	
1310.134179	4	96	0.9959136813	0.1094715837	31.95848297	68.04151703	35.06003981	64.93996019	0	0	-1310.134179	0.9959136813	5155.36229434987	-1310.134179	0.1094715837	284.578543036048	
1307.574179	4	96	0.9964026518	0.1191908003	32.43635996	67.56364004	35.41507533	64.58492467	0	0	-1307.574179	0.9964026518	5336.37052422311	-1307.574179	0.1191908003	246.418188146679	
1305.014179	4	96	0.9968737966	0.1304836651	32.93435543	67.06564457	35.78734376	64.21265624	0	0	-1305.014179	0.9968737966	5558.09406776225	-1305.014179	0.1304836651	211.27568097682	
1302.454179	4	96	0.9973247176	0.1437351578	33.45478296	66.54521704	36.17889444	63.82110556	0	0	-1302.454179	0.9973247176	5822.18338115008	-1302.454179	0.1437351578	177.021569555702	
1299.894179	4	96	0.9977542321	0.1600252352	34.00213621	65.99786379	36.59359308	63.40640692	0	0	-1299.894179	0.9977542321	6171.41036843753	-1299.894179	0.1600252352	148.650775239064	
1297.334179	4	96	0.9981561761	0.1784367086	34.57645864	65.42354136	37.03169809	62.96830191	0	0	-1297.334179	0.9981561761	6940.63951239821	-1297.334179	0.1784367086	183.63593634326	
1296.054179	4	96	0.9983341102	0.09619035851	34.87562952	65.12437048	37.26116254	62.73883746	0	0	-1296.054179	0.9983341102	7338.24439484543	-1296.054179	0.09619035851	223.031776689907	
1294.774179	4	96	0.9985052943	0.1024369899	35.18361334	64.81638666	37.49828096	62.50171904	0	0	-1294.774179	0.9985052943	7643.50095088726	-1294.774179	0.1024369899	194.701990776353	
1293.494179	4	96	0.9986693392	0.1094204841	35.50111588	64.49888412	37.74367593	62.25632407	0	0	-1293.494179	0.9986693392	7995.47094339117	-1293.494179	0.1094204841	173.810435366744	
1292.214179	4	96	0.9988258313	0.1172654357	35.82893782	64.17106218	37.9980539	62.0019461	0	0	-1292.214179	0.9988258313	8404.84118420109	-1292.214179	0.1172654357	154.328542514457	
1290.934179	4	96	0.9989743429	0.1261331954	36.16799728	63.83200272	38.26222452	61.73777548	0	0	-1290.934179	0.9989743429	8885.45834507158	-1290.934179	0.1261331954	136.144236485647	
1289.654179	4	96	0.9991144335	0.1362268849	36.51935439	63.48064561	38.53712223	61.46287777	0	0	-1289.654179	0.9991144335	8086.38581532528	-1289.654179	0.1362268849	125.364267980609	
1288.374179	4	96	1	1	36.88424388	63.11575612					-1288.374179	1	1445.40246271752	-1288.374179	1	1.48187061813334	
1288.364179	4	96	1	1	36.88424388	63.11575612					-1288.364179	1	NaN	-1288.364179	1	NaN	
1288.344179	4	96	1	1	36.88424388	63.11575612					-1288.344179	1	NaN	-1288.344179	1	NaN	
1288.304179	4	96	1	1	36.88424388	63.11575612					-1288.304179	1	NaN	-1288.304179	1	NaN	
1288.224179	4	96	1	1	36.88424388	63.11575612					-1288.224179	1	NaN	-1288.224179	1	NaN	
1288.064179	4	96	1	1	36.88424388	63.11575612					-1288.064179	1	NaN	-1288.064179	1	NaN	
1287.744179	4	96	1	1	36.88424388	63.11575612					-1287.744179	1	NaN	-1287.744179	1	NaN	
1287.104179	4	96	1	1	36.88424388	63.11575612					-1287.104179	1	NaN	-1287.104179	1	NaN	
1285.824179	4	96	1	1	36.88424388	63.11575612					-1285.824179	1	NaN	-1285.824179	1	NaN	
1283.264179	4	96	1	1	36.88424388	63.11575612					-1283.264179	1	NaN	-1283.264179	1	NaN	
1278.144179	4	96	1	1	36.88424388	63.11575612					-1278.144179	1	NaN	-1278.144179	1	NaN	
1273.024179	4	96	1	1	36.88424388	63.11575612					-1273.024179	1	NaN	-1273.024179	1	NaN	
1267.904179	4	96	1	1	36.88424388	63.11575612					-1267.904179	1	NaN	-1267.904179	1	NaN	
1262.784179	4	96	1	1	36.88424388	63.11575612					-1262.784179	1	NaN	-1262.784179	1	NaN	
1257.664179	4	96	1	1	36.88424388	63.11575612					-1257.664179	1	NaN	-1257.664179	1	NaN	
1252.544179	4	96	1	1	36.88424388	63.11575612					-1252.544179	1	NaN	-1252.544179	1	NaN	
1247.424179	4	96	1	1	36.88424388	63.11575612					-1247.424179	1	NaN	-1247.424179	1	NaN	
1242.304179	4	96	1	1	36.88424388	63.11575612					-1242.304179	1	NaN	-1242.304179	1	NaN	
1237.184179	4	96	1	1	36.88424388	63.11575612					-1237.184179	1	NaN	-1237.184179	1	NaN	
1232.064179	4	96	1	1	36.88424388	63.11575612					-1232.064179	1	NaN	-1232.064179	1	NaN	
1226.944179	4	96	1	1	36.88424388	63.11575612					-1226.944179	1	NaN	-1226.944179	1	NaN	
1221.824179	4	96	1	1	36.88424388	63.11575612					-1221.824179	1	NaN	-1221.824179	1	NaN	
1216.704179	4	96	1	1	36.88424388	63.11575612					-1216.704179	1	NaN	-1216.704179	1	NaN	
1211.584179	4	96	1	1	36.88424388	63.11575612					-1211.584179	1	NaN	-1211.584179	1	NaN	
1206.464179	4	96	1	1	36.88424388	63.11575612					-1206.464179	1	NaN	-1206.464179	1	NaN	
1201.344179	4	96	1	1	36.88424388	63.11575612					-1201.344179	1	NaN	-1201.344179	1	NaN	
1196.224179	4	96	1	1	36.88424388	63.11575612					-1196.224179	1	NaN	-1196.224179	1	NaN	
1191.104179	4	96	1	1	36.88424388	63.11575612					-1191.104179	1	NaN	-1191.104179	1	NaN	
1185.984179	4	96	1	1	36.88424388	63.11575612					-1185.984179	1	NaN	-1185.984179	1	NaN	
1180.864179	4	96	1	1	36.88424388	63.11575612					-1180.864179	1	NaN	-1180.864179	1	NaN	
1175.744179	4	96	1	1	36.88424388	63.11575612					-1175.744179	1	NaN	-1175.744179	1	NaN	
1170.624179	4	96	1	1	36.88424388	63.11575612					-1170.624179	1	NaN	-1170.624179	1	NaN	
1165.504179	4	96	1	1	36.88424388	63.11575612					-1165.504179	1	NaN	-1165.504179	1	NaN	
1160.384179	4	96	1	1	36.88424388	63.11575612					-1160.384179	1	NaN	-1160.384179	1	NaN	
1155.264179	4	96	1	1	36.88424388	63.11575612					-1155.264179	1	NaN	-1155.264179	1	NaN	
1150.144179	4	96	1	1	36.88424388	63.11575612					-1150.144179	1	NaN	-1150.144179	1	NaN	
1145.024179	4	96	1	1	36.88424388	63.11575612					-1145.024179	1	NaN	-1145.024179	1	NaN	
1139.904179	4	96	1	1	36.88424388	63.11575612					-1139.904179	1	NaN	-1139.904179	1	NaN	
1134.784179	4	96	1	1	36.88424388	63.11575612					-1134.784179	1	NaN	-1134.784179	1	NaN	
1129.664179	4	96	1	1	36.88424388	63.11575612					-1129.664179	1	NaN	-1129.664179	1	NaN	
1124.544179	4	96	1	1	36.88424388	63.11575612					-1124.544179	1	NaN	-1124.544179	1	NaN	
1119.424179	4	96	1	1	36.88424388	63.11575612					-1119.424179	1	NaN	-1119.424179	1	NaN	
1114.304179	4	96	1	1	36.88424388	63.11575612					-1114.304179	1	NaN	-1114.304179	1	NaN	
1109.184179	4	96	1	1	36.88424388	63.11575612					-1109.184179	1	NaN	-1109.184179	1	NaN	
1104.064179	4	96	1	1	36.88424388	63.11575612					-1104.064179	1	NaN	-1104.064179	1	NaN	
1098.944179	4	96	1	1	36.88424388	63.11575612					-1098.944179	1	NaN	-1098.944179	1	NaN	
1093.824179	4	96	1	1	36.88424388	63.11575612					-1093.824179	1	NaN	-1093.824179	1	NaN	
1088.704179	4	96	1	1	36.88424388	63.11575612					-1088.704179	1	NaN	-1088.704179	1	NaN	
1083.584179	4	96	1	1	36.88424388	63.11575612					-1083.584179	1	NaN	-1083.584179	1	NaN	
1078.464179	4	96	1	1	36.88424388	63.11575612					-1078.464179	1	NaN	-1078.464179	1	NaN	
1073.344179	4	96	1	1	36.88424388	63.11575612					-1073.344179	1	NaN	-1073.344179	1	NaN	
1068.224179	4	96	1	1	36.88424388	63.11575612					-1068.224179	1	NaN	-1068.224179	1	NaN	
1063.104179	4	96	1	1	36.88424388	63.11575612					-1063.104179	1	NaN	-1063.104179	1	NaN	
1057.984179	4	96	1	1	36.88424388	63.11575612					-1057.984179	1	NaN	-1057.984179	1	NaN	
1052.864179	4	96	1	1	36.88424388	63.11575612					-1052.864179	1	NaN	-1052.864179	1	NaN	
1047.744179	4	96	1	1	36.88424388	63.11575612					-1047.744179	1	NaN	-1047.744179	1	NaN	
1042.624179	4	96	1	1	36.88424388	63.11575612					-1042.624179	1	NaN	-1042.624179	1	NaN	
1037.504179	4	96	1	1	36.88424388	63.11575612					-1037.504179	1	NaN	-1037.504179	1	NaN	
1032.384179	4	96	1	1	36.88424388	63.11575612					-1032.384179	1	NaN	-1032.384179	1	NaN	
1027.264179	4	96	1	1	36.88424388	63.11575612					-1027.264179	1	NaN	-1027.264179	1	NaN	
1022.144179	4	96	1	1	36.88424388	63.11575612					-1022.144179	1	NaN	-1022.144179	1	NaN	
1017.024179	4	96	1	1	36.88424388	63.11575612					-1017.024179	1	NaN	-1017.024179	1	NaN	
1011.904179	4	96	1	1	36.88424388	63.11575612					-1011.904179	1	NaN	-1011.904179	1	NaN	
1006.784179	4	96	1	1	36.88424388	63.11575612					-1006.784179	1	NaN	-1006.784179	1	NaN	
1001.664179	4	96	1	1	36.88424388	63.11575612					-1001.664179	1	NaN	-1001.664179	1	NaN	
996.5441794	4	96	1	1	36.88424388	63.11575612					-996.5441794	1	NaN	-996.5441794	1	NaN	
991.4241794	4	96	1	1	36.88424388	63.11575612					-991.4241794	1	NaN	-991.4241794	1	NaN	
986.3041794	4	96	1	1	36.88424388	63.11575612					-986.3041794	1	NaN	-986.3041794	1	NaN	
981.1841794	4	96	1	1	36.88424388	63.11575612					-981.1841794	1	NaN	-981.1841794	1	NaN	
976.0641794	4	96	1	1	36.88424388	63.11575612					-976.0641794	1	NaN	-976.0641794	1	NaN	
970.9441794	4	96	1	1	36.88424388	63.11575612					-970.9441794	1	NaN	-970.9441794	1	NaN	
965.8241794	4	96	1	1	36.88424388	63.11575612					-965.8241794	1	NaN	-965.8241794	1	NaN	
960.7041794	4	96	1	1	36.88424388	63.11575612					-960.7041794	1	NaN	-960.7041794	1	NaN	
955.5841794	4	96	1	1	36.88424388	63.11575612					-955.5841794	1	NaN	-955.5841794	1	NaN	
950.4641794	4	96	1	1	36.88424388	63.11575612					-950.4641794	1	NaN	-950.4641794	1	NaN	
945.3441794	4	96	1	1	36.88424388	63.11575612					-945.3441794	1	NaN	-945.3441794	1	NaN	
940.2241794	4	96	1	1	36.88424388	63.11575612					-940.2241794	1	NaN	-940.2241794	1	NaN	
935.1041794	4	96	1	1	36.88424388	63.11575612					-935.1041794	1	NaN	-935.1041794	1	NaN	
929.9841794	4	96	1	1	36.88424388	63.11575612					-929.9841794	1	NaN	-929.9841794	1	NaN	
924.8641794	4	96	1	1	36.88424388	63.11575612					-924.8641794	1	NaN	-924.8641794	1	NaN	
919.7441794	4	96	1	1	36.88424388	63.11575612					-919.7441794	1	NaN	-919.7441794	1	NaN	
914.6241794	4	96	1	1	36.88424388	63.11575612					-914.6241794	1	NaN	-914.6241794	1	NaN	
909.5041794	4	96	1	1	36.88424388	63.11575612					-909.5041794	1	NaN	-909.5041794	1	NaN	
904.3841794	4	96	1	1	36.88424388	63.11575612					-904.3841794	1	NaN	-904.3841794	1	NaN	
899.2641794	4	96	1	1	36.88424388	63.11575612					-899.2641794	1	NaN	-899.2641794	1	NaN	
894.1441794	4	96	1	1	36.88424388	63.11575612					-894.1441794	1	NaN	-894.1441794	1	NaN	
889.0241794	4	96	1	1	36.88424388	63.11575612					-889.0241794	1	NaN	-889.0241794	1	NaN	
883.9041794	4	96	1	1	36.88424388	63.11575612					-883.9041794	1	NaN	-883.9041794	1	NaN	
878.7841794	4	96	1	1	36.88424388	63.11575612					-878.7841794	1	NaN	-878.7841794	1	NaN	
873.6641794	4	96	1	1	36.88424388	63.11575612					-873.6641794	1	NaN	-873.6641794	1	NaN	
868.5441794	4	96	1	1	36.88424388	63.11575612					-868.5441794	1	NaN	-868.5441794	1	NaN	
863.4241794	4	96	1	1	36.88424388	63.11575612					-863.4241794	1	NaN	-863.4241794	1	NaN	
858.3041794	4	96	1	1	36.88424388	63.11575612					-858.3041794	1	NaN	-858.3041794	1	NaN	
853.1841794	4	96	1	1	36.88424388	63.11575612					-853.1841794	1	NaN	-853.1841794	1	NaN	
848.0641794	4	96	1	1	36.88424388	63.11575612					-848.0641794	1	NaN	-848.0641794	1	NaN	
842.9441794	4	96	1	1	36.88424388	63.11575612					-842.9441794	1	NaN	-842.9441794	1	NaN	
837.8241794	4	96	1	1	36.88424388	63.11575612					-837.8241794	1	NaN	-837.8241794	1	NaN	
832.7041794	4	96	1	1	36.88424388	63.11575612					-832.7041794	1	NaN	-832.7041794	1	NaN	
827.5841794	4	96	1	1	36.88424388	63.11575612					-827.5841794	1	NaN	-827.5841794	1	NaN	
822.4641794	4	96	1	1	36.88424388	63.11575612					-822.4641794	1	NaN	-822.4641794	1	NaN	
817.3441794	4	96	1	1	36.88424388	63.11575612					-817.3441794	1	NaN	-817.3441794	1	NaN	
812.2241794	4	96	1	1	36.88424388	63.11575612					-812.2241794	1	NaN	-812.2241794	1	NaN	
807.1041794	4	96	1	1	36.88424388	63.11575612					-807.1041794	1	NaN	-807.1041794	1	NaN	
801.9841794	4	96	1	1	36.88424388	63.11575612					-801.9841794	1	NaN	-801.9841794	1	NaN	
796.8641794	4	96	1	1	36.88424388	63.11575612					-796.8641794	1	NaN	-796.8641794	1	NaN	
791.7441794	4	96	1	1	36.88424388	63.11575612					-791.7441794	1	NaN	-791.7441794	1	NaN	
786.6241794	4	96	1	1	36.88424388	63.11575612					-786.6241794	1	NaN	-786.6241794	1	NaN	
781.5041794	4	96	1	1	36.88424388	63.11575612					-781.5041794	1	NaN	-781.5041794	1	NaN	
776.3841794	4	96	1	1	36.88424388	63.11575612					-776.3841794	1	NaN	-776.3841794	1	NaN	
771.2641794	4	96	1	1	36.88424388	63.11575612					-771.2641794	1	NaN	-771.2641794	1	NaN	
766.1441794	4	96	1	1	36.88424388	63.11575612					-766.1441794	1	NaN	-766.1441794	1	NaN	
761.0241794	4	96	1	1	36.88424388	63.11575612					-761.0241794	1	NaN	-761.0241794	1	NaN	
755.9041794	4	96	1	1	36.88424388	63.11575612					-755.9041794	1	NaN	-755.9041794	1	NaN	
750.7841794	4	96	1	1	36.88424388	63.11575612					-750.7841794	1	NaN	-750.7841794	1	NaN	
745.6641794	4	96	1	1	36.88424388	63.11575612					-745.6641794	1	NaN	-745.6641794	1	NaN	
740.5441794	4	96	1	1	36.88424388	63.11575612					-740.5441794	1	NaN	-740.5441794	1	NaN	
735.4241794	4	96	1	1	36.88424388	63.11575612					-735.4241794	1	NaN	-735.4241794	1	NaN	
730.3041794	4	96	1	1	36.88424388	63.11575612					-730.3041794	1	NaN	-730.3041794	1	NaN	
725.1841794	4	96	1	1	36.88424388	63.11575612					-725.1841794	1	NaN	-725.1841794	1	NaN	
720.0641794	4	96	1	1	36.88424388	63.11575612					-720.0641794	1	NaN	-720.0641794	1	NaN	
714.9441794	4	96	1	1	36.88424388	63.11575612					-714.9441794	1	NaN	-714.9441794	1	NaN	
709.8241794	4	96	1	1	36.88424388	63.11575612					-709.8241794	1	NaN	-709.8241794	1	NaN	
704.7041794	4	96	1	1	36.88424388	63.11575612					-704.7041794	1	NaN	-704.7041794	1	NaN	
699.5841794	4	96	1	1	36.88424388	63.11575612					-699.5841794	1	NaN	-699.5841794	1	NaN	
694.4641794	4	96	1	1	36.88424388	63.11575612					-694.4641794	1	NaN	-694.4641794	1	NaN	
689.3441794	4	96	1	1	36.88424388	63.11575612					-689.3441794	1	NaN	-689.3441794	1	NaN	
684.2241794	4	96	1	1	36.88424388	63.11575612					-684.2241794	1	NaN	-684.2241794	1	NaN	
679.1041794	4	96	1	1	36.88424388	63.11575612					-679.1041794	1	NaN	-679.1041794	1	NaN	
673.9841794	4	96	1	1	36.88424388	63.11575612					-673.9841794	1	NaN	-673.9841794	1	NaN	
668.8641794	4	96	1	1	36.88424388	63.11575612					-668.8641794	1	NaN	-668.8641794	1	NaN	
663.7441794	4	96	1	1	36.88424388	63.11575612					-663.7441794	1	NaN	-663.7441794	1	NaN	
658.6241794	4	96	1	1	36.88424388	63.11575612					-658.6241794	1	NaN	-658.6241794	1	NaN	
653.5041794	4	96	1	1	36.88424388	63.11575612					-653.5041794	1	NaN	-653.5041794	1	NaN	
648.3841794	4	96	1	1	36.88424388	63.11575612					-648.3841794	1	NaN	-648.3841794	1	NaN	
643.2641794	4	96	1	1	36.88424388	63.11575612					-643.2641794	1	NaN	-643.2641794	1	NaN	
638.1441794	4	96	1	1	36.88424388	63.11575612					-638.1441794	1	NaN	-638.1441794	1	NaN	
633.0241794	4	96	1	1	36.88424388	63.11575612					-633.0241794	1	NaN	-633.0241794	1	NaN	
627.9041794	4	96	1	1	36.88424388	63.11575612					-627.9041794	1	NaN	-627.9041794	1	NaN	
622.7841794	4	96	1	1	36.88424388	63.11575612					-622.7841794	1	NaN	-622.7841794	1	NaN	
617.6641794	4	96	1	1	36.88424388	63.11575612					-617.6641794	1	NaN	-617.6641794	1	NaN	
612.5441794	4	96	1	1	36.88424388	63.11575612					-612.5441794	1	NaN	-612.5441794	1	NaN	
607.4241794	4	96	1	1	36.88424388	63.11575612					-607.4241794	1	NaN	-607.4241794	1	NaN	
602.3041794	4	96	1	1	36.88424388	63.11575612					-602.3041794	1	NaN	-602.3041794	1	NaN	
597.1841794	4	96	1	1	36.88424388	63.11575612					-597.1841794	1	NaN	-597.1841794	1	NaN	
592.0641794	4	96	1	1	36.88424388	63.11575612					-592.0641794	1	NaN	-592.0641794	1	NaN	
586.9441794	4	96	1	1	36.88424388	63.11575612					-586.9441794	1	NaN	-586.9441794	1	NaN	
581.8241794	4	96	1	1	36.88424388	63.11575612					-581.8241794	1	NaN	-581.8241794	1	NaN	
576.7041794	4	96	1	1	36.88424388	63.11575612					-576.7041794	1	NaN	-576.7041794	1	NaN	
571.5841794	4	96	1	1	36.88424388	63.11575612					-571.5841794	1	NaN	-571.5841794	1	NaN	
566.4641794	4	96	1	1	36.88424388	63.11575612					-566.4641794	1	NaN	-566.4641794	1	NaN	
561.3441794	4	96	1	1	36.88424388	63.11575612					-561.3441794	1	NaN	-561.3441794	1	NaN	
556.2241794	4	96	1	1	36.88424388	63.11575612					-556.2241794	1	NaN	-556.2241794	1	NaN	
551.1041794	4	96	1	1	36.88424388	63.11575612					-551.1041794	1	NaN	-551.1041794	1	NaN	
545.9841794	4	96	1	1	36.88424388	63.11575612					-545.9841794	1	NaN	-545.9841794	1	NaN	
540.8641794	4	96	1	1	36.88424388	63.11575612					-540.8641794	1	NaN	-540.8641794	1	NaN	
535.7441794	4	96	1	1	36.88424388	63.11575612					-535.7441794	1	NaN	-535.7441794	1	NaN	
530.6241794	4	96	1	1	36.88424388	63.11575612					-530.6241794	1	NaN	-530.6241794	1	NaN	
525.5041794	4	96	1	1	36.88424388	63.11575612					-525.5041794	1	NaN	-525.5041794	1	NaN	
520.3841794	4	96	1	1	36.88424388	63.11575612					-520.3841794	1	NaN	-520.3841794	1	NaN	
515.2641794	4	96	1	1	36.88424388	63.11575612					-515.2641794	1	NaN	-515.2641794	1	NaN	
510.1441794	4	96	1	1	36.88424388	63.11575612					-510.1441794	1	NaN	-510.1441794	1	NaN	
505.0241794	4	96	1	1	36.88424388	63.11575612					-505.0241794	1	NaN	-505.0241794	1	NaN	
499.9041794	4	96	1	1	36.88424388	63.11575612					-499.9041794	1	NaN	-499.9041794	1	NaN	
494.7841794	4	96	1	1	36.88424388	63.11575612					-494.7841794	1	NaN	-494.7841794	1	NaN	
489.6641794	4	96	1	1	36.88424388	63.11575612					-489.6641794	1	NaN	-489.6641794	1	NaN	
484.5441794	4	96	1	1	36.88424388	63.11575612					-484.5441794	1	NaN	-484.5441794	1	NaN	
479.4241794	4	96	1	1	36.88424388	63.11575612					-479.4241794	1	NaN	-479.4241794	1	NaN	
474.3041794	4	96	1	1	36.88424388	63.11575612					-474.3041794	1	NaN	-474.3041794	1	NaN	
469.1841794	4	96	1	1	36.88424388	63.11575612					-469.1841794	1	NaN	-469.1841794	1	NaN	
464.0641794	4	96	1	1	36.88424388	63.11575612					-464.0641794	1	NaN	-464.0641794	1	NaN	
458.9441794	4	96	1	1	36.88424388	63.11575612					-458.9441794	1	NaN	-458.9441794	1	NaN	
453.8241794	4	96	1	1	36.88424388	63.11575612					-453.8241794	1	NaN	-453.8241794	1	NaN	
448.7041794	4	96	1	1	36.88424388	63.11575612					-448.7041794	1	NaN	-448.7041794	1	NaN	
443.5841794	4	96	1	1	36.88424388	63.11575612					-443.5841794	1	NaN	-443.5841794	1	NaN	
438.4641794	4	96	1	1	36.88424388	63.11575612					-438.4641794	1	NaN	-438.4641794	1	NaN	
433.3441794	4	96	1	1	36.88424388	63.11575612					-433.3441794	1	NaN	-433.3441794	1	NaN	
428.2241794	4	96	1	1	36.88424388	63.11575612					-428.2241794	1	NaN	-428.2241794	1	NaN	
423.1041794	4	96	1	1	36.88424388	63.11575612					-423.1041794	1	NaN	-423.1041794	1	NaN	
417.9841794	4	96	1	1	36.88424388	63.11575612					-417.9841794	1	NaN	-417.9841794	1	NaN	
412.8641794	4	96	1	1	36.88424388	63.11575612					-412.8641794	1	NaN	-412.8641794	1	NaN	
407.7441794	4	96	1	1	36.88424388	63.11575612					-407.7441794	1	NaN	-407.7441794	1	NaN	
402.6241794	4	96	1	1	36.88424388	63.11575612					-402.6241794	1	NaN	-402.6241794	1	NaN	
397.5041794	4	96	1	1	36.88424388	63.11575612					-397.5041794	1	NaN	-397.5041794	1	NaN	
392.3841794	4	96	1	1	36.88424388	63.11575612					-392.3841794	1	NaN	-392.3841794	1	NaN	
387.2641794	4	96	1	1	36.88424388	63.11575612					-387.2641794	1	NaN	-387.2641794	1	NaN	
382.1441794	4	96	1	1	36.88424388	63.11575612					-382.1441794	1	NaN	-382.1441794	1	NaN	
377.0241794	4	96	1	1	36.88424388	63.11575612					-377.0241794	1	NaN	-377.0241794	1	NaN	
371.9041794	4	96	1	1	36.88424388	63.11575612					-371.9041794	1	NaN	-371.9041794	1	NaN	
366.7841794	4	96	1	1	36.88424388	63.11575612					-366.7841794	1	NaN	-366.7841794	1	NaN	
361.6641794	4	96	1	1	36.88424388	63.11575612					-361.6641794	1	NaN	-361.6641794	1	NaN	
356.5441794	4	96	1	1	36.88424388	63.11575612					-356.5441794	1	NaN	-356.5441794	1	NaN	
351.4241794	4	96	1	1	36.88424388	63.11575612					-351.4241794	1	NaN	-351.4241794	1	NaN	
346.3041794	4	96	1	1	36.88424388	63.11575612					-346.3041794	1	NaN	-346.3041794	1	NaN	
341.1841794	4	96	1	1	36.88424388	63.11575612					-341.1841794	1	NaN	-341.1841794	1	NaN	
336.0641794	4	96	1	1	36.88424388	63.11575612					-336.0641794	1	NaN	-336.0641794	1	NaN	
330.9441794	4	96	1	1	36.88424388	63.11575612					-330.9441794	1	NaN	-330.9441794	1	NaN	
325.8241794	4	96	1	1	36.88424388	63.11575612					-325.8241794	1	NaN	-325.8241794	1	NaN	
320.7041794	4	96	1	1	36.88424388	63.11575612					-320.7041794	1	NaN	-320.7041794	1	NaN	
315.5841794	4	96	1	1	36.88424388	63.11575612					-315.5841794	1	NaN	-315.5841794	1	NaN	
310.4641794	4	96	1	1	36.88424388	63.11575612					-310.4641794	1	NaN	-310.4641794	1	NaN	
305.3441794	4	96	1	1	36.88424388	63.11575612					-305.3441794	1	NaN	-305.3441794	1	NaN	
300.2241794	4	96	1	1	36.88424388	63.11575612					-300.2241794	1	NaN	-300.2241794	1	NaN	
300	4	96	1	1	36.88424388	63.11575612					-300	1	NaN	-300	1	NaN	
