T	w(TI)	fs	fw(@BCC_A2)	w(TI@BCC_A2)	w(TI@LIQUID)	dwdT_L(TI@LIQUID)	-T	fs_1	-T//fs	-T_1	fw(@BCC_A2)_1	-T//fw(@BCC_A2)	
K	%	mole/mole	kg/kg	%	%	SI							
1940.98	100	0	0	100	100	0	-1940.98	0	0.0154809999999088	-1940.98	0	0.0154809999999088	
1940.964519	100	1	1	100			-1940.964519	1	0.0154809999999088	-1940.964519	1	0.0154809999999088	
1940.944519	100	1	1	100			-1940.944519	1	NaN	-1940.944519	1	NaN	
1940.904519	100	1	1	100			-1940.904519	1	NaN	-1940.904519	1	NaN	
1940.824519	100	1	1	100			-1940.824519	1	NaN	-1940.824519	1	NaN	
1940.664519	100	1	1	100			-1940.664519	1	NaN	-1940.664519	1	NaN	
1940.344519	100	1	1	100			-1940.344519	1	NaN	-1940.344519	1	NaN	
1939.704519	100	1	1	100			-1939.704519	1	NaN	-1939.704519	1	NaN	
1938.424519	100	1	1	100			-1938.424519	1	NaN	-1938.424519	1	NaN	
1935.864519	100	1	1	100			-1935.864519	1	NaN	-1935.864519	1	NaN	
1930.744519	100	1	1	100			-1930.744519	1	NaN	-1930.744519	1	NaN	
1925.624519	100	1	1	100			-1925.624519	1	NaN	-1925.624519	1	NaN	
1920.504519	100	1	1	100			-1920.504519	1	NaN	-1920.504519	1	NaN	
1915.384519	100	1	1	100			-1915.384519	1	NaN	-1915.384519	1	NaN	
1910.264519	100	1	1	100			-1910.264519	1	NaN	-1910.264519	1	NaN	
1905.144519	100	1	1	100			-1905.144519	1	NaN	-1905.144519	1	NaN	
1900.024519	100	1	1	100			-1900.024519	1	NaN	-1900.024519	1	NaN	
1894.904519	100	1	1	100			-1894.904519	1	NaN	-1894.904519	1	NaN	
1889.784519	100	1	1	100			-1889.784519	1	NaN	-1889.784519	1	NaN	
1884.664519	100	1	1	100			-1884.664519	1	NaN	-1884.664519	1	NaN	
1879.544519	100	1	1	100			-1879.544519	1	NaN	-1879.544519	1	NaN	
1874.424519	100	1	1	100			-1874.424519	1	NaN	-1874.424519	1	NaN	
1869.304519	100	1	1	100			-1869.304519	1	NaN	-1869.304519	1	NaN	
1864.184519	100	1	1	100			-1864.184519	1	NaN	-1864.184519	1	NaN	
1859.064519	100	1	1	100			-1859.064519	1	NaN	-1859.064519	1	NaN	
1853.944519	100	1	1	100			-1853.944519	1	NaN	-1853.944519	1	NaN	
1848.824519	100	1	1	100			-1848.824519	1	NaN	-1848.824519	1	NaN	
1843.704519	100	1	1	100			-1843.704519	1	NaN	-1843.704519	1	NaN	
1838.584519	100	1	1	100			-1838.584519	1	NaN	-1838.584519	1	NaN	
1833.464519	100	1	1	100			-1833.464519	1	NaN	-1833.464519	1	NaN	
1828.344519	100	1	1	100			-1828.344519	1	NaN	-1828.344519	1	NaN	
1823.224519	100	1	1	100			-1823.224519	1	NaN	-1823.224519	1	NaN	
1818.104519	100	1	1	100			-1818.104519	1	NaN	-1818.104519	1	NaN	
1812.984519	100	1	1	100			-1812.984519	1	NaN	-1812.984519	1	NaN	
1807.864519	100	1	1	100			-1807.864519	1	NaN	-1807.864519	1	NaN	
1802.744519	100	1	1	100			-1802.744519	1	NaN	-1802.744519	1	NaN	
1797.624519	100	1	1	100			-1797.624519	1	NaN	-1797.624519	1	NaN	
1792.504519	100	1	1	100			-1792.504519	1	NaN	-1792.504519	1	NaN	
1787.384519	100	1	1	100			-1787.384519	1	NaN	-1787.384519	1	NaN	
1782.264519	100	1	1	100			-1782.264519	1	NaN	-1782.264519	1	NaN	
1777.144519	100	1	1	100			-1777.144519	1	NaN	-1777.144519	1	NaN	
1772.024519	100	1	1	100			-1772.024519	1	NaN	-1772.024519	1	NaN	
1766.904519	100	1	1	100			-1766.904519	1	NaN	-1766.904519	1	NaN	
1761.784519	100	1	1	100			-1761.784519	1	NaN	-1761.784519	1	NaN	
1756.664519	100	1	1	100			-1756.664519	1	NaN	-1756.664519	1	NaN	
1751.544519	100	1	1	100			-1751.544519	1	NaN	-1751.544519	1	NaN	
1746.424519	100	1	1	100			-1746.424519	1	NaN	-1746.424519	1	NaN	
1741.304519	100	1	1	100			-1741.304519	1	NaN	-1741.304519	1	NaN	
1736.184519	100	1	1	100			-1736.184519	1	NaN	-1736.184519	1	NaN	
1731.064519	100	1	1	100			-1731.064519	1	NaN	-1731.064519	1	NaN	
1725.944519	100	1	1	100			-1725.944519	1	NaN	-1725.944519	1	NaN	
1720.824519	100	1	1	100			-1720.824519	1	NaN	-1720.824519	1	NaN	
1715.704519	100	1	1	100			-1715.704519	1	NaN	-1715.704519	1	NaN	
1710.584519	100	1	1	100			-1710.584519	1	NaN	-1710.584519	1	NaN	
1705.464519	100	1	1	100			-1705.464519	1	NaN	-1705.464519	1	NaN	
1700.344519	100	1	1	100			-1700.344519	1	NaN	-1700.344519	1	NaN	
1695.224519	100	1	1	100			-1695.224519	1	NaN	-1695.224519	1	NaN	
1690.104519	100	1	1	100			-1690.104519	1	NaN	-1690.104519	1	NaN	
1684.984519	100	1	1	100			-1684.984519	1	NaN	-1684.984519	1	NaN	
1679.864519	100	1	1	100			-1679.864519	1	NaN	-1679.864519	1	NaN	
1674.744519	100	1	1	100			-1674.744519	1	NaN	-1674.744519	1	NaN	
1669.624519	100	1	1	100			-1669.624519	1	NaN	-1669.624519	1	NaN	
1664.504519	100	1	1	100			-1664.504519	1	NaN	-1664.504519	1	NaN	
1659.384519	100	1	1	100			-1659.384519	1	NaN	-1659.384519	1	NaN	
1654.264519	100	1	1	100			-1654.264519	1	NaN	-1654.264519	1	NaN	
1649.144519	100	1	1	100			-1649.144519	1	NaN	-1649.144519	1	NaN	
1644.024519	100	1	1	100			-1644.024519	1	NaN	-1644.024519	1	NaN	
1638.904519	100	1	1	100			-1638.904519	1	NaN	-1638.904519	1	NaN	
1633.784519	100	1	1	100			-1633.784519	1	NaN	-1633.784519	1	NaN	
1628.664519	100	1	1	100			-1628.664519	1	NaN	-1628.664519	1	NaN	
1623.544519	100	1	1	100			-1623.544519	1	NaN	-1623.544519	1	NaN	
1618.424519	100	1	1	100			-1618.424519	1	NaN	-1618.424519	1	NaN	
1613.304519	100	1	1	100			-1613.304519	1	NaN	-1613.304519	1	NaN	
1608.184519	100	1	1	100			-1608.184519	1	NaN	-1608.184519	1	NaN	
1603.064519	100	1	1	100			-1603.064519	1	NaN	-1603.064519	1	NaN	
1597.944519	100	1	1	100			-1597.944519	1	NaN	-1597.944519	1	NaN	
1592.824519	100	1	1	100			-1592.824519	1	NaN	-1592.824519	1	NaN	
1587.704519	100	1	1	100			-1587.704519	1	NaN	-1587.704519	1	NaN	
1582.584519	100	1	1	100			-1582.584519	1	NaN	-1582.584519	1	NaN	
1577.464519	100	1	1	100			-1577.464519	1	NaN	-1577.464519	1	NaN	
1572.344519	100	1	1	100			-1572.344519	1	NaN	-1572.344519	1	NaN	
1567.224519	100	1	1	100			-1567.224519	1	NaN	-1567.224519	1	NaN	
1562.104519	100	1	1	100			-1562.104519	1	NaN	-1562.104519	1	NaN	
1556.984519	100	1	1	100			-1556.984519	1	NaN	-1556.984519	1	NaN	
1551.864519	100	1	1	100			-1551.864519	1	NaN	-1551.864519	1	NaN	
1546.744519	100	1	1	100			-1546.744519	1	NaN	-1546.744519	1	NaN	
1541.624519	100	1	1	100			-1541.624519	1	NaN	-1541.624519	1	NaN	
1536.504519	100	1	1	100			-1536.504519	1	NaN	-1536.504519	1	NaN	
1531.384519	100	1	1	100			-1531.384519	1	NaN	-1531.384519	1	NaN	
1526.264519	100	1	1	100			-1526.264519	1	NaN	-1526.264519	1	NaN	
1521.144519	100	1	1	100			-1521.144519	1	NaN	-1521.144519	1	NaN	
1516.024519	100	1	1	100			-1516.024519	1	NaN	-1516.024519	1	NaN	
1510.904519	100	1	1	100			-1510.904519	1	NaN	-1510.904519	1	NaN	
1505.784519	100	1	1	100			-1505.784519	1	NaN	-1505.784519	1	NaN	
1500.664519	100	1	1	100			-1500.664519	1	NaN	-1500.664519	1	NaN	
1495.544519	100	1	1	100			-1495.544519	1	NaN	-1495.544519	1	NaN	
1490.424519	100	1	1	100			-1490.424519	1	NaN	-1490.424519	1	NaN	
1485.304519	100	1	1	100			-1485.304519	1	NaN	-1485.304519	1	NaN	
1480.184519	100	1	1	100			-1480.184519	1	NaN	-1480.184519	1	NaN	
1475.064519	100	1	1	100			-1475.064519	1	NaN	-1475.064519	1	NaN	
1469.944519	100	1	1	100			-1469.944519	1	NaN	-1469.944519	1	NaN	
1464.824519	100	1	1	100			-1464.824519	1	NaN	-1464.824519	1	NaN	
1459.704519	100	1	1	100			-1459.704519	1	NaN	-1459.704519	1	NaN	
1454.584519	100	1	1	100			-1454.584519	1	NaN	-1454.584519	1	NaN	
1449.464519	100	1	1	100			-1449.464519	1	NaN	-1449.464519	1	NaN	
1444.344519	100	1	1	100			-1444.344519	1	NaN	-1444.344519	1	NaN	
1439.224519	100	1	1	100			-1439.224519	1	NaN	-1439.224519	1	NaN	
1434.104519	100	1	1	100			-1434.104519	1	NaN	-1434.104519	1	NaN	
1428.984519	100	1	1	100			-1428.984519	1	NaN	-1428.984519	1	NaN	
1423.864519	100	1	1	100			-1423.864519	1	NaN	-1423.864519	1	NaN	
1418.744519	100	1	1	100			-1418.744519	1	NaN	-1418.744519	1	NaN	
1413.624519	100	1	1	100			-1413.624519	1	NaN	-1413.624519	1	NaN	
1408.504519	100	1	1	100			-1408.504519	1	NaN	-1408.504519	1	NaN	
1403.384519	100	1	1	100			-1403.384519	1	NaN	-1403.384519	1	NaN	
1398.264519	100	1	1	100			-1398.264519	1	NaN	-1398.264519	1	NaN	
1393.144519	100	1	1	100			-1393.144519	1	NaN	-1393.144519	1	NaN	
1388.024519	100	1	1	100			-1388.024519	1	NaN	-1388.024519	1	NaN	
1382.904519	100	1	1	100			-1382.904519	1	NaN	-1382.904519	1	NaN	
1377.784519	100	1	1	100			-1377.784519	1	NaN	-1377.784519	1	NaN	
1372.664519	100	1	1	100			-1372.664519	1	NaN	-1372.664519	1	NaN	
1367.544519	100	1	1	100			-1367.544519	1	NaN	-1367.544519	1	NaN	
1362.424519	100	1	1	100			-1362.424519	1	NaN	-1362.424519	1	NaN	
1357.304519	100	1	1	100			-1357.304519	1	NaN	-1357.304519	1	NaN	
1352.184519	100	1	1	100			-1352.184519	1	NaN	-1352.184519	1	NaN	
1347.064519	100	1	1	100			-1347.064519	1	NaN	-1347.064519	1	NaN	
1341.944519	100	1	1	100			-1341.944519	1	NaN	-1341.944519	1	NaN	
1336.824519	100	1	1	100			-1336.824519	1	NaN	-1336.824519	1	NaN	
1331.704519	100	1	1	100			-1331.704519	1	NaN	-1331.704519	1	NaN	
1326.584519	100	1	1	100			-1326.584519	1	NaN	-1326.584519	1	NaN	
1321.464519	100	1	1	100			-1321.464519	1	NaN	-1321.464519	1	NaN	
1316.344519	100	1	1	100			-1316.344519	1	NaN	-1316.344519	1	NaN	
1311.224519	100	1	1	100			-1311.224519	1	NaN	-1311.224519	1	NaN	
1306.104519	100	1	1	100			-1306.104519	1	NaN	-1306.104519	1	NaN	
1300.984519	100	1	1	100			-1300.984519	1	NaN	-1300.984519	1	NaN	
1295.864519	100	1	1	100			-1295.864519	1	NaN	-1295.864519	1	NaN	
1290.744519	100	1	1	100			-1290.744519	1	NaN	-1290.744519	1	NaN	
1285.624519	100	1	1	100			-1285.624519	1	NaN	-1285.624519	1	NaN	
1280.504519	100	1	1	100			-1280.504519	1	NaN	-1280.504519	1	NaN	
1275.384519	100	1	1	100			-1275.384519	1	NaN	-1275.384519	1	NaN	
1270.264519	100	1	1	100			-1270.264519	1	NaN	-1270.264519	1	NaN	
1265.144519	100	1	1	100			-1265.144519	1	NaN	-1265.144519	1	NaN	
1260.024519	100	1	1	100			-1260.024519	1	NaN	-1260.024519	1	NaN	
1254.904519	100	1	1	100			-1254.904519	1	NaN	-1254.904519	1	NaN	
1249.784519	100	1	1	100			-1249.784519	1	NaN	-1249.784519	1	NaN	
1244.664519	100	1	1	100			-1244.664519	1	NaN	-1244.664519	1	NaN	
1239.544519	100	1	1	100			-1239.544519	1	NaN	-1239.544519	1	NaN	
1234.424519	100	1	1	100			-1234.424519	1	NaN	-1234.424519	1	NaN	
1229.304519	100	1	1	100			-1229.304519	1	NaN	-1229.304519	1	NaN	
1224.184519	100	1	1	100			-1224.184519	1	NaN	-1224.184519	1	NaN	
1219.064519	100	1	1	100			-1219.064519	1	NaN	-1219.064519	1	NaN	
1213.944519	100	1	1	100			-1213.944519	1	NaN	-1213.944519	1	NaN	
1208.824519	100	1	1	100			-1208.824519	1	NaN	-1208.824519	1	NaN	
1203.704519	100	1	1	100			-1203.704519	1	NaN	-1203.704519	1	NaN	
1198.584519	100	1	1	100			-1198.584519	1	NaN	-1198.584519	1	NaN	
1193.464519	100	1	1	100			-1193.464519	1	NaN	-1193.464519	1	NaN	
1188.344519	100	1	1	100			-1188.344519	1	NaN	-1188.344519	1	NaN	
1183.224519	100	1	1	100			-1183.224519	1	NaN	-1183.224519	1	NaN	
1178.104519	100	1	1	100			-1178.104519	1	NaN	-1178.104519	1	NaN	
1172.984519	100	1	1	100			-1172.984519	1	NaN	-1172.984519	1	NaN	
1167.864519	100	1	1	100			-1167.864519	1	NaN	-1167.864519	1	NaN	
1162.744519	100	1	1	100			-1162.744519	1	NaN	-1162.744519	1	NaN	
1157.624519	100	1	1	100			-1157.624519	1	NaN	-1157.624519	1	NaN	
1152.504519	100	1	1	100			-1152.504519	1	NaN	-1152.504519	1	NaN	
1147.384519	100	1	1	100			-1147.384519	1	NaN	-1147.384519	1	NaN	
1142.264519	100	1	1	100			-1142.264519	1	NaN	-1142.264519	1	NaN	
1137.144519	100	1	1	100			-1137.144519	1	NaN	-1137.144519	1	NaN	
1132.024519	100	1	1	100			-1132.024519	1	NaN	-1132.024519	1	NaN	
1126.904519	100	1	1	100			-1126.904519	1	NaN	-1126.904519	1	NaN	
1121.784519	100	1	1	100			-1121.784519	1	NaN	-1121.784519	1	NaN	
1116.664519	100	1	1	100			-1116.664519	1	NaN	-1116.664519	1	NaN	
1111.544519	100	1	1	100			-1111.544519	1	NaN	-1111.544519	1	NaN	
1106.424519	100	1	1	100			-1106.424519	1	NaN	-1106.424519	1	NaN	
1101.304519	100	1	1	100			-1101.304519	1	NaN	-1101.304519	1	NaN	
1096.184519	100	1	1	100			-1096.184519	1	NaN	-1096.184519	1	NaN	
1091.064519	100	1	1	100			-1091.064519	1	NaN	-1091.064519	1	NaN	
1085.944519	100	1	1	100			-1085.944519	1	NaN	-1085.944519	1	NaN	
1080.824519	100	1	1	100			-1080.824519	1	NaN	-1080.824519	1	NaN	
1075.704519	100	1	1	100			-1075.704519	1	NaN	-1075.704519	1	NaN	
1070.584519	100	1	1	100			-1070.584519	1	NaN	-1070.584519	1	NaN	
1065.464519	100	1	1	100			-1065.464519	1	NaN	-1065.464519	1	NaN	
1060.344519	100	1	1	100			-1060.344519	1	NaN	-1060.344519	1	NaN	
1055.224519	100	1	1	100			-1055.224519	1	NaN	-1055.224519	1	NaN	
1050.104519	100	1	1	100			-1050.104519	1	NaN	-1050.104519	1	NaN	
1044.984519	100	1	1	100			-1044.984519	1	NaN	-1044.984519	1	NaN	
1039.864519	100	1	1	100			-1039.864519	1	NaN	-1039.864519	1	NaN	
1034.744519	100	1	1	100			-1034.744519	1	NaN	-1034.744519	1	NaN	
1029.624519	100	1	1	100			-1029.624519	1	NaN	-1029.624519	1	NaN	
1024.504519	100	1	1	100			-1024.504519	1	NaN	-1024.504519	1	NaN	
1019.384519	100	1	1	100			-1019.384519	1	NaN	-1019.384519	1	NaN	
1014.264519	100	1	1	100			-1014.264519	1	NaN	-1014.264519	1	NaN	
1009.144519	100	1	1	100			-1009.144519	1	NaN	-1009.144519	1	NaN	
1004.024519	100	1	1	100			-1004.024519	1	NaN	-1004.024519	1	NaN	
998.9045187	100	1	1	100			-998.9045187	1	NaN	-998.9045187	1	NaN	
993.7845187	100	1	1	100			-993.7845187	1	NaN	-993.7845187	1	NaN	
988.6645187	100	1	1	100			-988.6645187	1	NaN	-988.6645187	1	NaN	
983.5445187	100	1	1	100			-983.5445187	1	NaN	-983.5445187	1	NaN	
978.4245187	100	1	1	100			-978.4245187	1	NaN	-978.4245187	1	NaN	
973.3045187	100	1	1	100			-973.3045187	1	NaN	-973.3045187	1	NaN	
968.1845187	100	1	1	100			-968.1845187	1	NaN	-968.1845187	1	NaN	
963.0645187	100	1	1	100			-963.0645187	1	NaN	-963.0645187	1	NaN	
957.9445187	100	1	1	100			-957.9445187	1	NaN	-957.9445187	1	NaN	
952.8245187	100	1	1	100			-952.8245187	1	NaN	-952.8245187	1	NaN	
947.7045187	100	1	1	100			-947.7045187	1	NaN	-947.7045187	1	NaN	
942.5845187	100	1	1	100			-942.5845187	1	NaN	-942.5845187	1	NaN	
937.4645187	100	1	1	100			-937.4645187	1	NaN	-937.4645187	1	NaN	
932.3445187	100	1	1	100			-932.3445187	1	NaN	-932.3445187	1	NaN	
927.2245187	100	1	1	100			-927.2245187	1	NaN	-927.2245187	1	NaN	
922.1045187	100	1	1	100			-922.1045187	1	NaN	-922.1045187	1	NaN	
916.9845187	100	1	1	100			-916.9845187	1	NaN	-916.9845187	1	NaN	
911.8645187	100	1	1	100			-911.8645187	1	NaN	-911.8645187	1	NaN	
906.7445187	100	1	1	100			-906.7445187	1	NaN	-906.7445187	1	NaN	
901.6245187	100	1	1	100			-901.6245187	1	NaN	-901.6245187	1	NaN	
896.5045187	100	1	1	100			-896.5045187	1	NaN	-896.5045187	1	NaN	
891.3845187	100	1	1	100			-891.3845187	1	NaN	-891.3845187	1	NaN	
886.2645187	100	1	1	100			-886.2645187	1	NaN	-886.2645187	1	NaN	
881.1445187	100	1	1	100			-881.1445187	1	NaN	-881.1445187	1	NaN	
876.0245187	100	1	1	100			-876.0245187	1	NaN	-876.0245187	1	NaN	
870.9045187	100	1	1	100			-870.9045187	1	NaN	-870.9045187	1	NaN	
865.7845187	100	1	1	100			-865.7845187	1	NaN	-865.7845187	1	NaN	
860.6645187	100	1	1	100			-860.6645187	1	NaN	-860.6645187	1	NaN	
855.5445187	100	1	1	100			-855.5445187	1	NaN	-855.5445187	1	NaN	
850.4245187	100	1	1	100			-850.4245187	1	NaN	-850.4245187	1	NaN	
845.3045187	100	1	1	100			-845.3045187	1	NaN	-845.3045187	1	NaN	
840.1845187	100	1	1	100			-840.1845187	1	NaN	-840.1845187	1	NaN	
835.0645187	100	1	1	100			-835.0645187	1	NaN	-835.0645187	1	NaN	
829.9445187	100	1	1	100			-829.9445187	1	NaN	-829.9445187	1	NaN	
824.8245187	100	1	1	100			-824.8245187	1	NaN	-824.8245187	1	NaN	
819.7045187	100	1	1	100			-819.7045187	1	NaN	-819.7045187	1	NaN	
814.5845187	100	1	1	100			-814.5845187	1	NaN	-814.5845187	1	NaN	
809.4645187	100	1	1	100			-809.4645187	1	NaN	-809.4645187	1	NaN	
804.3445187	100	1	1	100			-804.3445187	1	NaN	-804.3445187	1	NaN	
799.2245187	100	1	1	100			-799.2245187	1	NaN	-799.2245187	1	NaN	
794.1045187	100	1	1	100			-794.1045187	1	NaN	-794.1045187	1	NaN	
788.9845187	100	1	1	100			-788.9845187	1	NaN	-788.9845187	1	NaN	
783.8645187	100	1	1	100			-783.8645187	1	NaN	-783.8645187	1	NaN	
778.7445187	100	1	1	100			-778.7445187	1	NaN	-778.7445187	1	NaN	
773.6245187	100	1	1	100			-773.6245187	1	NaN	-773.6245187	1	NaN	
768.5045187	100	1	1	100			-768.5045187	1	NaN	-768.5045187	1	NaN	
763.3845187	100	1	1	100			-763.3845187	1	NaN	-763.3845187	1	NaN	
758.2645187	100	1	1	100			-758.2645187	1	NaN	-758.2645187	1	NaN	
753.1445187	100	1	1	100			-753.1445187	1	NaN	-753.1445187	1	NaN	
748.0245187	100	1	1	100			-748.0245187	1	NaN	-748.0245187	1	NaN	
742.9045187	100	1	1	100			-742.9045187	1	NaN	-742.9045187	1	NaN	
737.7845187	100	1	1	100			-737.7845187	1	NaN	-737.7845187	1	NaN	
732.6645187	100	1	1	100			-732.6645187	1	NaN	-732.6645187	1	NaN	
727.5445187	100	1	1	100			-727.5445187	1	NaN	-727.5445187	1	NaN	
722.4245187	100	1	1	100			-722.4245187	1	NaN	-722.4245187	1	NaN	
717.3045187	100	1	1	100			-717.3045187	1	NaN	-717.3045187	1	NaN	
712.1845187	100	1	1	100			-712.1845187	1	NaN	-712.1845187	1	NaN	
707.0645187	100	1	1	100			-707.0645187	1	NaN	-707.0645187	1	NaN	
701.9445187	100	1	1	100			-701.9445187	1	NaN	-701.9445187	1	NaN	
696.8245187	100	1	1	100			-696.8245187	1	NaN	-696.8245187	1	NaN	
691.7045187	100	1	1	100			-691.7045187	1	NaN	-691.7045187	1	NaN	
686.5845187	100	1	1	100			-686.5845187	1	NaN	-686.5845187	1	NaN	
681.4645187	100	1	1	100			-681.4645187	1	NaN	-681.4645187	1	NaN	
676.3445187	100	1	1	100			-676.3445187	1	NaN	-676.3445187	1	NaN	
671.2245187	100	1	1	100			-671.2245187	1	NaN	-671.2245187	1	NaN	
666.1045187	100	1	1	100			-666.1045187	1	NaN	-666.1045187	1	NaN	
660.9845187	100	1	1	100			-660.9845187	1	NaN	-660.9845187	1	NaN	
655.8645187	100	1	1	100			-655.8645187	1	NaN	-655.8645187	1	NaN	
650.7445187	100	1	1	100			-650.7445187	1	NaN	-650.7445187	1	NaN	
645.6245187	100	1	1	100			-645.6245187	1	NaN	-645.6245187	1	NaN	
640.5045187	100	1	1	100			-640.5045187	1	NaN	-640.5045187	1	NaN	
635.3845187	100	1	1	100			-635.3845187	1	NaN	-635.3845187	1	NaN	
630.2645187	100	1	1	100			-630.2645187	1	NaN	-630.2645187	1	NaN	
625.1445187	100	1	1	100			-625.1445187	1	NaN	-625.1445187	1	NaN	
620.0245187	100	1	1	100			-620.0245187	1	NaN	-620.0245187	1	NaN	
614.9045187	100	1	1	100			-614.9045187	1	NaN	-614.9045187	1	NaN	
609.7845187	100	1	1	100			-609.7845187	1	NaN	-609.7845187	1	NaN	
604.6645187	100	1	1	100			-604.6645187	1	NaN	-604.6645187	1	NaN	
599.5445187	100	1	1	100			-599.5445187	1	NaN	-599.5445187	1	NaN	
594.4245187	100	1	1	100			-594.4245187	1	NaN	-594.4245187	1	NaN	
589.3045187	100	1	1	100			-589.3045187	1	NaN	-589.3045187	1	NaN	
584.1845187	100	1	1	100			-584.1845187	1	NaN	-584.1845187	1	NaN	
579.0645187	100	1	1	100			-579.0645187	1	NaN	-579.0645187	1	NaN	
573.9445187	100	1	1	100			-573.9445187	1	NaN	-573.9445187	1	NaN	
568.8245187	100	1	1	100			-568.8245187	1	NaN	-568.8245187	1	NaN	
563.7045187	100	1	1	100			-563.7045187	1	NaN	-563.7045187	1	NaN	
558.5845187	100	1	1	100			-558.5845187	1	NaN	-558.5845187	1	NaN	
553.4645187	100	1	1	100			-553.4645187	1	NaN	-553.4645187	1	NaN	
548.3445187	100	1	1	100			-548.3445187	1	NaN	-548.3445187	1	NaN	
543.2245187	100	1	1	100			-543.2245187	1	NaN	-543.2245187	1	NaN	
538.1045187	100	1	1	100			-538.1045187	1	NaN	-538.1045187	1	NaN	
532.9845187	100	1	1	100			-532.9845187	1	NaN	-532.9845187	1	NaN	
527.8645187	100	1	1	100			-527.8645187	1	NaN	-527.8645187	1	NaN	
522.7445187	100	1	1	100			-522.7445187	1	NaN	-522.7445187	1	NaN	
517.6245187	100	1	1	100			-517.6245187	1	NaN	-517.6245187	1	NaN	
512.5045187	100	1	1	100			-512.5045187	1	NaN	-512.5045187	1	NaN	
507.3845187	100	1	1	100			-507.3845187	1	NaN	-507.3845187	1	NaN	
502.2645187	100	1	1	100			-502.2645187	1	NaN	-502.2645187	1	NaN	
497.1445187	100	1	1	100			-497.1445187	1	NaN	-497.1445187	1	NaN	
492.0245187	100	1	1	100			-492.0245187	1	NaN	-492.0245187	1	NaN	
486.9045187	100	1	1	100			-486.9045187	1	NaN	-486.9045187	1	NaN	
481.7845187	100	1	1	100			-481.7845187	1	NaN	-481.7845187	1	NaN	
476.6645187	100	1	1	100			-476.6645187	1	NaN	-476.6645187	1	NaN	
471.5445187	100	1	1	100			-471.5445187	1	NaN	-471.5445187	1	NaN	
466.4245187	100	1	1	100			-466.4245187	1	NaN	-466.4245187	1	NaN	
461.3045187	100	1	1	100			-461.3045187	1	NaN	-461.3045187	1	NaN	
456.1845187	100	1	1	100			-456.1845187	1	NaN	-456.1845187	1	NaN	
451.0645187	100	1	1	100			-451.0645187	1	NaN	-451.0645187	1	NaN	
445.9445187	100	1	1	100			-445.9445187	1	NaN	-445.9445187	1	NaN	
440.8245187	100	1	1	100			-440.8245187	1	NaN	-440.8245187	1	NaN	
435.7045187	100	1	1	100			-435.7045187	1	NaN	-435.7045187	1	NaN	
430.5845187	100	1	1	100			-430.5845187	1	NaN	-430.5845187	1	NaN	
425.4645187	100	1	1	100			-425.4645187	1	NaN	-425.4645187	1	NaN	
420.3445187	100	1	1	100			-420.3445187	1	NaN	-420.3445187	1	NaN	
415.2245187	100	1	1	100			-415.2245187	1	NaN	-415.2245187	1	NaN	
410.1045187	100	1	1	100			-410.1045187	1	NaN	-410.1045187	1	NaN	
404.9845187	100	1	1	100			-404.9845187	1	NaN	-404.9845187	1	NaN	
399.8645187	100	1	1	100			-399.8645187	1	NaN	-399.8645187	1	NaN	
394.7445187	100	1	1	100			-394.7445187	1	NaN	-394.7445187	1	NaN	
389.6245187	100	1	1	100			-389.6245187	1	NaN	-389.6245187	1	NaN	
384.5045187	100	1	1	100			-384.5045187	1	NaN	-384.5045187	1	NaN	
379.3845187	100	1	1	100			-379.3845187	1	NaN	-379.3845187	1	NaN	
374.2645187	100	1	1	100			-374.2645187	1	NaN	-374.2645187	1	NaN	
369.1445187	100	1	1	100			-369.1445187	1	NaN	-369.1445187	1	NaN	
364.0245187	100	1	1	100			-364.0245187	1	NaN	-364.0245187	1	NaN	
358.9045187	100	1	1	100			-358.9045187	1	NaN	-358.9045187	1	NaN	
353.7845187	100	1	1	100			-353.7845187	1	NaN	-353.7845187	1	NaN	
348.6645187	100	1	1	100			-348.6645187	1	NaN	-348.6645187	1	NaN	
343.5445187	100	1	1	100			-343.5445187	1	NaN	-343.5445187	1	NaN	
338.4245187	100	1	1	100			-338.4245187	1	NaN	-338.4245187	1	NaN	
333.3045187	100	1	1	100			-333.3045187	1	NaN	-333.3045187	1	NaN	
328.1845187	100	1	1	100			-328.1845187	1	NaN	-328.1845187	1	NaN	
323.0645187	100	1	1	100			-323.0645187	1	NaN	-323.0645187	1	NaN	
317.9445187	100	1	1	100			-317.9445187	1	NaN	-317.9445187	1	NaN	
312.8245187	100	1	1	100			-312.8245187	1	NaN	-312.8245187	1	NaN	
307.7045187	100	1	1	100			-307.7045187	1	NaN	-307.7045187	1	NaN	
302.5845187	100	1	1	100			-302.5845187	1	NaN	-302.5845187	1	NaN	
300	100	1	1	100			-300	1	NaN	-300	1	NaN	
