T	w(AL)	w(CU)	w(SI)	fs	fw(@FCC_A1)	w(AL@FCC_A1)	w(CU@FCC_A1)	w(SI@FCC_A1)	w(AL@LIQUID)	w(CU@LIQUID)	w(SI@LIQUID)	w(AL@DIAMOND_A4)	w(CU@DIAMOND_A4)	w(SI@DIAMOND_A4)	w(AL@ALCU_THETA)	w(CU@ALCU_THETA)	w(SI@ALCU_THETA)	dwdT_L(AL@LIQUID)	dwdT_L(CU@LIQUID)	dwdT_L(SI@LIQUID)	-T	fw(@FCC_A1)_1	-T//fw(@FCC_A1)	
K	%	%	%	mole/mole	kg/kg	%	%	%	%	%	%	%	%	%	%	%	%	SI	SI	SI				
882.5073144	88	7	5	0	0	98.69557044	0.7292572899	0.5751722668	88	7	5							0.002158693557	-0.001265629832	-0.0008930637256	-882.5073144	0	49.5131656987718	
882.4873144	88	7	5	0.0004195993648	0.0004036600149	98.69503918	0.7295491838	0.5754116362	87.99568268	7.002531223	5.001786102							0	0	0	-882.4873144	0.0004036600149	49.5801269824474	
882.4673144	88	7	5	0.0008386313047	0.0008067755947	98.69450791	0.7298410782	0.5756510137	87.99136571	7.005062259	5.003572035							0	0	0	-882.4673144	0.0008067755947	49.6254280111995	
882.4273144	88	7	5	0.001676090115	0.001612428992	98.6934453	0.7304248929	0.5761298097	87.98273269	7.010123825	5.007143482							0	0	0	-882.4273144	0.001612428992	49.6837483245903	
882.3473144	88	7	5	0.003347499569	0.00322037816	98.69131983	0.7315926196	0.5770875542	87.96547051	7.020244878	5.014284611							0	0	0	-882.3473144	0.00322037816	49.8222385314902	
882.1873144	88	7	5	0.006676350029	0.00642290782	98.68706789	0.733928462	0.5790036527	87.93096152	7.04047867	5.028559811							0	0	0	-882.1873144	0.00642290782	50.1465497212807	
881.8673144	88	7	5	0.01326074751	0.01275771537	98.67855999	0.7386017919	0.5828382198	87.86200482	7.080913793	5.057081387							0	0	0	-881.8673144	0.01275771537	50.8206469382755	
881.2273144	88	7	5	0.02619602406	0.02520374469	98.66152805	0.7479548749	0.5905170778	87.72433697	7.16165205	5.114010982							0	0	0	-881.2273144	0.02520374469	52.0740075461117	
879.9473144	88	7	5	0.05113602247	0.0492046619	98.62739866	0.7666875441	0.6059137917	87.44998266	7.322603043	5.227414293							0	0	0	-879.9473144	0.0492046619	54.688669949958	
877.3873144	88	7	5	0.09761014734	0.09394506948	98.55887119	0.8042637328	0.6368650767	86.90519413	7.642410379	5.452395492							0	0	0	-877.3873144	0.09394506948	60.0619795812448	
874.8273144	88	7	5	0.1400283893	0.134801657	98.48997195	0.8419976681	0.6680303869	86.36561648	7.959443706	5.674939819							0	0	0	-874.8273144	0.134801657	65.614861905817	
872.2673144	88	7	5	0.1789069751	0.1722689518	98.42068457	0.8799014234	0.6994140051	85.8312271	8.273726678	5.895046222							0	0	0	-872.2673144	0.1722689518	71.3968953426441	
869.7073144	88	7	5	0.214676395	0.2067593473	98.35099232	0.917987462	0.731020221	85.3019983	8.585285704	6.112715992							0	0	0	-869.7073144	0.2067593473	77.4060371172135	
867.1473144	88	7	5	0.2477006319	0.2386215414	98.28087804	0.9562686154	0.762853344	84.77789789	8.894149467	6.327952645							0	0	0	-867.1473144	0.2386215414	83.6379681711752	
864.5873144	88	7	5	0.2782895203	0.2681523733	98.2103242	0.9947580888	0.794917713	84.25888954	9.200348676	6.540761784							0	0	0	-864.5873144	0.2681523733	90.0879408779375	
862.0273144	88	7	5	0.3067084487	0.2956061162	98.13931283	1.033469468	0.8272177056	83.74493323	9.503915821	6.751150949							0	0	0	-862.0273144	0.2956061162	96.7507665509326	
859.4673144	88	7	5	0.3331860497	0.3212018424	98.06782553	1.072416726	0.8597577481	83.23598558	9.80488494	6.95912948							0	0	0	-859.4673144	0.3212018424	103.620804019013	
856.9073144	88	7	5	0.357920347	0.3451293111	97.99584344	1.111614237	0.8925423247	82.73200022	10.1032914	7.164708389							0	0	0	-856.9073144	0.3451293111	110.691950381103	
854.3473144	88	7	5	0.3810837101	0.3675537134	97.92334723	1.151076784	0.9255759885	82.23292812	10.39917166	7.367900228							0	0	0	-854.3473144	0.3675537134	117.957632181525	
851.7873144	88	7	5	0.402826877	0.3886195255	97.85031706	1.190819574	0.9588633706	81.73871793	10.6925631	7.568718974							0	0	0	-851.7873144	0.3886195255	125.425524036602	
849.2273144	88	7	5	0.4232779302	0.4084493883	97.77673244	1.230858409	0.9924091527	81.24931543	10.98350503	7.767179537							0	0	0	-849.2273144	0.4084493883	133.055139522402	
846.6673144	88	7	5	0.4425627521	0.4271642654	97.70257269	1.271209075	1.026218232	80.76466726	11.27203356	7.963299183							0	0	0	-846.6673144	0.4271642654	140.8454867483	
844.1073144	88	7	5	0.4607798424	0.4448584627	97.62781619	1.311888308	1.060295505	80.28471594	11.55818891	8.15709515							0	0	0	-844.1073144	0.4448584627	148.813999038433	
841.5473144	88	7	5	0.4780210598	0.4616200765	97.55244079	1.352913179	1.094646026	79.80940373	11.84201018	8.348586084							0	0	0	-841.5473144	0.4616200765	156.936847625327	
838.9873144	88	7	5	0.4943683066	0.4775276708	97.47642374	1.394301278	1.129274986	79.3386719	12.12353652	8.537791575							0	0	0	-838.9873144	0.4775276708	165.204469255209	
836.4273144	88	7	5	0.5098948429	0.4926515365	97.39974154	1.436070733	1.164187727	78.872461	12.40280691	8.72473209							0	0	0	-836.4273144	0.4926515365	173.606795040473	
833.8673144	88	7	5	0.5246664019	0.5070547593	97.32237001	1.478240244	1.199389749	78.41071106	12.67986004	8.909428906							0	0	0	-833.8673144	0.5070547593	182.133236078464	
831.3073144	88	7	5	0.5387421372	0.5207941272	97.24428416	1.520829106	1.234886732	77.95336178	12.95473416	9.091904056							0	0	0	-831.3073144	0.5207941272	190.772676985404	
828.7473144	88	7	5	0.5521754314	0.5339209056	97.16545822	1.563857239	1.270684545	77.50035276	13.22746697	9.272180278							0	0	0	-828.7473144	0.5339209056	199.513473809931	
826.1873144	88	7	5	0.5650145893	0.5464815011	97.08586551	1.607345226	1.306789264	77.0516236	13.49809543	9.450280977							0	0	0	-826.1873144	0.5464815011	208.197727171039	
825.5473144	88	7	5	0.568138365	0.5495398157	97.06584442	1.618291404	1.315864175	76.94010356	13.56542701	9.494469427							0	0	0	-825.5473144	0.5495398157	210.248936427219	
825.2273144	88	7	5	0.569688953	0.5510582948	97.05581511	1.623775803	1.320409088	76.88444245	13.59904371	9.516513843							0	0	0	-825.2273144	0.5510582948	211.801213663152	
825.0673144	88	7	5	0.5704584304	0.5518118415	97.05079568	1.626521057	1.322683263	76.85663576	13.61584161	9.527522631							0	0	0	-825.0673144	0.5518118415	235.497224943631	
825.0660234	88	7	5	0.5704640425	0.5518173196	97.05075515	1.626543256	1.322701594	76.85641131	13.61597743	9.52761126	5.271678167E-05	0	99.99994728				0	0	0	-825.0660234	0.5518173196	233.828981296365	
825.0373144	88	7	5	0.5710795386	0.552355695	97.04905298	1.628488706	1.322458312	76.84539383	13.62997648	9.524629688	5.26862726E-05	0	99.99994731				0	0	0	-825.0373144	0.552355695	53.3755864348337	
825.0173144	88	7	5	0.5715076318	0.5527301525	97.04786689	1.629844257	1.322288856	76.83771987	13.63972703	9.522553097	5.266502772E-05	0	99.99994733				0	0	0	-825.0173144	0.5527301525	53.4473695253178	
824.9773144	88	7	5	0.5723619942	0.5534775261	97.04549431	1.632555692	1.321949994	76.82237689	13.65922164	9.51840147	5.262256056E-05	0	99.99994738				0	0	0	-824.9773144	0.5534775261	53.6216273463563	
824.8973144	88	7	5	0.5740604822	0.5549639005	97.04074725	1.637980266	1.321272486	76.79170868	13.69818723	9.510104086	5.253771655E-05	0	99.99994746				0	0	0	-824.8973144	0.5549639005	53.9827302141484	
824.7373144	88	7	5	0.5774272302	0.5579104457	97.03124532	1.648836341	1.31991834	76.73044294	13.77602434	9.493532715	5.23683893E-05	0	99.99994763				0	0	0	-824.7373144	0.5579104457	54.6399754015814	
824.4173144	88	7	5	0.5840353105	0.563696453	97.01221002	1.670576447	1.317213534	76.60819471	13.93132163	9.460483657	5.203117382E-05	0	99.99994797				0	0	0	-824.4173144	0.563696453	56.0000015430728	
823.7773144	88	7	5	0.5967708689	0.5748581225	96.97401159	1.714170521	1.311817893	76.36483516	14.24040473	9.394760107	5.136246615E-05	0	99.99994864				0	0	0	-823.7773144	0.5748581225	58.777094040792	
822.4973144	88	7	5	0.6204875681	0.5956845918	96.89708571	1.801831399	1.301082891	75.88268963	14.85249965	9.264810728	5.004768453E-05	0	99.99994995				0	0	0	-822.4973144	0.5956845918	64.5719252927534	
819.9373144	88	7	5	0.6619422948	0.6322385575	96.74096958	1.979189254	1.279841167	74.93686008	16.05225115	9.01088877	4.750661262E-05	0	99.99995249				0	0	0	-819.9373144	0.6322385575	76.6302193256272	
817.3773144	88	7	5	0.6970238312	0.6633641762	96.58153465	2.159555318	1.258910033	74.01587224	17.21923868	8.76488908	4.507971981E-05	0	99.99995492				0	0	0	-817.3773144	0.6633641762	89.1310382000193	
814.8173144	88	7	5	0.7271611967	0.6902873662	96.41839106	2.343311596	1.238297343	73.1198537	18.35342098	8.526725318	4.276256591E-05	0	99.99995724				0	0	0	-814.8173144	0.6902873662	102.169770200448	
812.2573144	88	7	5	0.7534005242	0.7139068898	96.25111009	2.530878444	1.218011466	72.24877695	19.45494344	8.296279605	4.055085474E-05	0	99.99995945				0	0	0	-812.2573144	0.7139068898	115.570163379288	
809.6973144	88	7	5	0.7765262754	0.7348980915	96.07921834	2.722720267	1.198061392	71.40247244	20.52412134	8.073406219	3.844043066E-05	0	99.99996156				0	0	0	-809.6973144	0.7348980915	129.128352946914	
807.1373144	88	7	5	0.797139507	0.7537799192	95.90219035	2.919352781	1.178456864	70.58064295	21.56142158	7.857935474	3.642727477E-05	0	99.99996357				0	0	0	-807.1373144	0.7537799192	142.614074857128	
804.5773144	88	7	5	0.8157099035	0.7709595211	95.71943947	3.121351973	1.159208553	69.78287945	22.56744279	7.649677754	3.450750132E-05	0	99.99996549				0	0	0	-804.5773144	0.7709595211	155.773537246328	
802.0173144	88	7	5	0.8326113747	0.7867628087	95.53030643	3.329365306	1.140328267	69.00867723	23.54289528	7.448427493	3.267735407E-05	0	99.99996732				0	0	0	-802.0173144	0.7867628087	168.333747472093	
799.4573144	88	7	5	0.8481470708	0.801455998	95.33404494	3.544125831	1.121829229	68.25745167	24.48858137	7.25396696	3.093320267E-05	0	99.99996907				0	0	0	-799.4573144	0.801455998	180.008237151165	
796.8973144	88	7	5	0.86256743	0.8152612318	95.12980348	3.766470094	1.103726423	67.52855322	25.40537704	7.066069745	2.927153922E-05	0	99.99997073				0	0	0	-796.8973144	0.8152612318	190.50401252155	
794.3373144	88	7	5	0.8760835701	0.8283682746	94.91660186	3.997361097	1.086037039	66.82128088	26.29421522	6.884503898	2.768897477E-05	0	99.99997231				0	0	0	-794.3373144	0.8283682746	199.52948562649	
791.7773144	88	7	5	0.8888775537	0.8409436066	94.69330084	4.237918105	1.06878106	66.13489433	27.15607101	6.709034663	2.618223589E-05	0	99.99997382				0	0	0	-791.7773144	0.8409436066	206.803023756918	
789.2173144	88	7	5	0.9011105892	0.8531378563	94.45856211	4.489455868	1.051982026	65.46862407	27.99194912	6.539426814	2.474816133E-05	0	99.99997525				0	0	0	-789.2173144	0.8531378563	212.061685648398	
786.6573144	88	7	5	0.9129299542	0.8650922876	94.21079483	4.753537103	1.035668066	64.82167981	28.80287361	6.375446578	2.33836986E-05	0	99.99997662				0	0	0	-786.6573144	0.8650922876	215.3004602245	
785.3773144	88	7	5	0.9187273693	0.871021705	94.08144179	4.89085484	1.027703371	64.50520375	29.19930173	6.295494523	2.272664663E-05	0	99.99997727				0	0	0	-785.3773144	0.871021705	215.383264649901	
785.2973144	88	7	5	0.9190890938	0.8713931888	94.07322722	4.899562786	1.027209993	64.48557539	29.22388295	6.290541657	2.268612606E-05	0	99.99997731				0	0	0	-785.2973144	0.8713931888	216.03953192864	
785.2573144	88	7	5	0.9192690606	0.8715780476	94.06911414	4.903922364	1.026963501	64.47576802	29.2361648	6.288067188	2.266588958E-05	0	99.99997733				0	0	0	-785.2573144	0.8715780476	216.300272453544	
785.2373144	88	7	5	0.9193590768	0.871670529	94.06705608	4.906103619	1.026840305	64.47086591	29.24230367	6.286830423	2.265577731E-05	0	99.99997734				0	0	0	-785.2373144	0.871670529	215.758406451762	
785.2181314	88	7	5	1	0.9113855663	94.06508117	4.908196662	1.026722172	64.46616509	29.24819042	6.285644483	2.264608186E-05	0	99.99997735	47.32865478	52.67134522	0	0	0	0	-785.2181314	0.9113855663	-874.119400982613	
785.2073144	88	7	5	1	0.9113731877	94.065778	4.907616282	1.026605719				2.264073029E-05	0	99.99997736	47.32856686	52.67143314	0				-785.2073144	0.9113731877	-877.327984242384	
785.1873144	88	7	5	1	0.9113505554	94.06706545	4.906544061	1.02639049				2.26308376E-05	0	99.99997737	47.32840419	52.67159581	0				-785.1873144	0.9113505554	-882.722646598158	
785.1473144	88	7	5	1	0.9113051409	94.06963981	4.904400071	1.025960116				2.261106423E-05	0	99.99997739	47.32807895	52.67192105	0				-785.1473144	0.9113051409	-881.092980875888	
785.0673144	88	7	5	1	0.9112144098	94.07478447	4.900115676	1.025099854				2.257156298E-05	0	99.99997743	47.32742858	52.67257142	0				-785.0673144	0.9112144098	-882.359945627221	
784.9073144	88	7	5	1	0.9110333374	94.08505752	4.891561202	1.023381276				2.249274213E-05	0	99.99997751	47.3261281	52.6738719	0				-784.9073144	0.9110333374	-884.894889096584	
784.5873144	88	7	5	1	0.9106727435	94.10553882	4.874509293	1.019951889				2.233582489E-05	0	99.99997766	47.32352835	52.67647165	0				-784.5873144	0.9106727435	-889.97935721164	
783.9473144	88	7	5	1	0.9099576955	94.14624415	4.840631791	1.013124055				2.202487073E-05	0	99.99997798	47.31833363	52.68166637	0				-783.9473144	0.9099576955	-899.054576158374	
782.6673144	88	7	5	1	0.9085464009	94.22664209	4.773766849	0.9995910606				2.141434469E-05	0	99.99997859	47.30796367	52.69203633	0				-782.6673144	0.9085464009	-916.902988829883	
780.1073144	88	7	5	1	0.9058118029	94.38350952	4.643482969	0.9730075106				2.02377268E-05	0	99.99997976	47.28730384	52.71269616	0				-780.1073144	0.9058118029	-955.722821662054	
777.5473144	88	7	5	1	0.9031848763	94.53535992	4.517588018	0.9470520606				1.911831478E-05	0	99.99998088	47.26675483	52.73324517	0				-777.5473144	0.9031848763	-994.497263231632	
774.9873144	88	7	5	1	0.9006594736	94.68244007	4.395852515	0.9217074185				1.805373121E-05	0	99.99998195	47.24632123	52.75367877	0				-774.9873144	0.9006594736	-1034.04895975881	
772.4273144	88	7	5	1	0.8982297714	94.82497785	4.278064932	0.896957216				1.704167778E-05	0	99.99998296	47.22600741	52.77399259	0				-772.4273144	0.8982297714	-1074.36018461302	
769.8673144	88	7	5	1	0.895890424	94.96318423	4.164029848	0.8727859237				1.607993259E-05	0	99.99998392	47.2058175	52.7941825	0				-769.8673144	0.895890424	-1115.44880760225	
767.3073144	88	7	5	1	0.8936365135	95.0972549	4.053566323	0.8491787747				1.51663493E-05	0	99.99998483	47.18575543	52.81424457	0				-767.3073144	0.8936365135	-1157.33339190819	
764.7473144	88	7	5	1	0.8914635051	95.22737181	3.946506487	0.8261216985				1.429885527E-05	0	99.9999857	47.16582494	52.83417506	0				-764.7473144	0.8914635051	-1200.0330549585	
762.1873144	88	7	5	1	0.8893672085	95.35370445	3.842694285	0.8036012613				1.347544986E-05	0	99.99998652	47.14602957	52.85397043	0				-762.1873144	0.8893672085	-1243.56758954126	
759.6273144	88	7	5	1	0.887343744	95.476411	3.741984382	0.7816046133				1.269420279E-05	0	99.99998731	47.12637267	52.87362733	0				-759.6273144	0.887343744	-1287.95745829667	
757.0673144	88	7	5	1	0.8853895126	95.59563937	3.644241185	0.7601194417				1.195325241E-05	0	99.99998805	47.10685744	52.89314256	0				-757.0673144	0.8853895126	-1333.22379544968	
754.5073144	88	7	5	1	0.8835011696	95.71152809	3.549337978	0.7391339285				1.125080403E-05	0	99.99998875	47.08748691	52.91251309	0				-754.5073144	0.8835011696	-1379.3884568791	
751.9473144	88	7	5	1	0.8816756013	95.82420713	3.457156156	0.7186367129				1.058512826E-05	0	99.99998941	47.06826396	52.93173604	0				-751.9473144	0.8816756013	-1426.47407311122	
749.3873144	88	7	5	1	0.8799099043	95.93379861	3.367584531	0.698616857				9.954559303E-06	0	99.99999005	47.04919131	52.95080869	0				-749.3873144	0.8799099043	-1474.5039149736	
746.8273144	88	7	5	1	0.8782013667	96.04041746	3.28051872	0.6790638156				9.357493304E-06	0	99.99999064	47.03027156	52.96972844	0				-746.8273144	0.8782013667	-1523.50211730234	
744.2673144	88	7	5	1	0.8765474521	96.144172	3.195860592	0.6599674082				8.792386687E-06	0	99.99999121	47.01150716	52.98849284	0				-744.2673144	0.8765474521	-1573.493679471	
741.7073144	88	7	5	1	0.8749457845	96.24516444	3.113517771	0.6413177938				8.257754515E-06	0	99.99999174	46.99290044	53.00709956	0				-741.7073144	0.8749457845	-1624.50437616679	
739.1473144	88	7	5	1	0.8733941352	96.34349137	3.033403184	0.6231054487				7.752168863E-06	0	99.99999225	46.97445359	53.02554641	0				-739.1473144	0.8733941352	-1676.56099052766	
736.5873144	88	7	5	1	0.871890411	96.43924419	2.955434664	0.6053211453				7.274257205E-06	0	99.99999273	46.95616869	53.04383131	0				-736.5873144	0.871890411	-1729.69101382431	
734.0273144	88	7	5	1	0.870432643	96.5325095	2.879534571	0.5879559334				6.822700825E-06	0	99.99999318	46.9380477	53.0619523	0				-734.0273144	0.870432643	-1783.92304080499	
731.4673144	88	7	5	1	0.8690189776	96.6233694	2.805629472	0.5710011233				6.396233246E-06	0	99.9999936	46.92009249	53.07990751	0				-731.4673144	0.8690189776	-1839.28665195533	
728.9073144	88	7	5	1	0.8676476671	96.7119019	2.733649827	0.5544482697				5.993638674E-06	0	99.99999401	46.90230479	53.09769521	0				-728.9073144	0.8676476671	-1895.81231145354	
726.3473144	88	7	5	1	0.8663170621	96.79818112	2.663529721	0.5382891574				5.613750473E-06	0	99.99999439	46.88468625	53.11531375	0				-726.3473144	0.8663170621	-1953.53178879879	
723.7873144	88	7	5	1	0.8650256043	96.8822776	2.595206608	0.5225157883				5.255449662E-06	0	99.99999474	46.8672384	53.1327616	0				-723.7873144	0.8650256043	-2012.47782585051	
721.2273144	88	7	5	1	0.8637718197	96.96425855	2.528621082	0.5071203692				4.917663427E-06	0	99.99999508	46.8499627	53.1500373	0				-721.2273144	0.8637718197	-2072.68422039532	
718.6673144	88	7	5	1	0.8625543127	97.04418803	2.463716666	0.4920953007				4.599363668E-06	0	99.9999954	46.83286049	53.16713951	0				-718.6673144	0.8625543127	-2134.18609101427	
716.1073144	88	7	5	1	0.8613717607	97.12212721	2.40043962	0.4774331668				4.299565569E-06	0	99.9999957	46.81593302	53.18406698	0				-716.1073144	0.8613717607	-2197.01998072139	
713.5473144	88	7	5	1	0.8602229092	97.19813451	2.338738761	0.4631267256				4.017326188E-06	0	99.99999598	46.79918148	53.20081852	0				-713.5473144	0.8602229092	-2261.2234404207	
710.9873144	88	7	5	1	0.8591065668	97.2722658	2.278565301	0.4491689007				3.751743081E-06	0	99.99999625	46.78260694	53.21739306	0				-710.9873144	0.8591065668	-2326.83527747863	
708.4273144	88	7	5	1	0.8580216013	97.34457453	2.219872699	0.4355527727				3.50195295E-06	0	99.9999965	46.7662104	53.2337896	0				-708.4273144	0.8580216013	-2393.89618043939	
705.8673144	88	7	5	1	0.856966936	97.41511191	2.162616515	0.4222715725				3.267130315E-06	0	99.99999673	46.74999278	53.25000722	0				-705.8673144	0.856966936	-2462.4478769384	
703.3073144	88	7	5	1	0.8559415456	97.48392704	2.106754289	0.4093186737				3.046486219E-06	0	99.99999695	46.73395493	53.26604507	0				-703.3073144	0.8559415456	-2532.53397035918	
700.7473144	88	7	5	1	0.8549444537	97.55106699	2.05224542	0.3966875864				2.839266958E-06	0	99.99999716	46.7180976	53.2819024	0				-700.7473144	0.8549444537	-2604.19930557422	
698.1873144	88	7	5	1	0.8539747288	97.61657699	1.999051054	0.3843719517				2.644752838E-06	0	99.99999736	46.70242149	53.29757851	0				-698.1873144	0.8539747288	-2677.49052315696	
695.6273144	88	7	5	1	0.8530314825	97.68050048	1.947133985	0.3723655356				2.46225696E-06	0	99.99999754	46.6869272	53.3130728	0				-695.6273144	0.8530314825	-2752.45609837949	
693.0673144	88	7	5	1	0.8521138661	97.74287922	1.896458556	0.3606622243				2.291124037E-06	0	99.99999771	46.6716153	53.3283847	0				-693.0673144	0.8521138661	-2829.14626281377	
690.5073144	88	7	5	1	0.8512210689	97.8037534	1.846990578	0.3492560193				2.130729234E-06	0	99.99999787	46.65648624	53.34351376	0				-690.5073144	0.8512210689	-2907.61319845223	
687.9473144	88	7	5	1	0.8503523154	97.86316173	1.798697241	0.3381410331				1.980477039E-06	0	99.99999802	46.64154043	53.35845957	0				-687.9473144	0.8503523154	-2987.91076733204	
685.3873144	88	7	5	1	0.8495068636	97.92114147	1.751547042	0.3273114847				1.839800163E-06	0	99.99999816	46.62677823	53.37322177	0				-685.3873144	0.8495068636	-3070.09509137029	
682.8273144	88	7	5	1	0.8486840029	97.97772859	1.705509713	0.3167616964				1.708158464E-06	0	99.99999829	46.61219991	53.38780009	0				-682.8273144	0.8486840029	-3154.22445476171	
680.2673144	88	7	5	1	0.8478830525	98.03295776	1.660556152	0.3064860899				1.585037903E-06	0	99.99999841	46.59780567	53.40219433	0				-680.2673144	0.8478830525	-3240.35941667732	
677.7073144	88	7	5	1	0.8471033596	98.08686245	1.616658365	0.2964791826				1.469949527E-06	0	99.99999853	46.58359568	53.41640432	0				-677.7073144	0.8471033596	-3328.56268714981	
675.1473144	88	7	5	1	0.8463442979	98.13947501	1.573789407	0.2867355853				1.362428477E-06	0	99.99999864	46.56957003	53.43042997	0				-675.1473144	0.8463442979	-3418.89957444889	
672.5873144	88	7	5	1	0.8456052662	98.19082668	1.531923324	0.2772499985				1.262033026E-06	0	99.99999874	46.55572876	53.44427124	0				-672.5873144	0.8456052662	-3511.43814562265	
670.0273144	88	7	5	1	0.8448856871	98.24094768	1.491035106	0.2680172104				1.168343644E-06	0	99.99999883	46.54207183	53.45792817	0				-670.0273144	0.8448856871	-3609.50440955385	
667.4673144	88	7	5	1	0.844186219	98.28986727	1.451100638	0.2590320933				1.080962089E-06	0	99.99999892	46.52859919	53.47140081	0				-667.4673144	0.844186219	-3706.32109718951	
664.9073144	88	7	5	1	0.8435038407	98.33761374	1.412096658	0.2502896034				9.99510524E-07	0	99.999999	46.51531068	53.48468932	0				-664.9073144	0.8435038407	-3802.63365523913	
662.3473144	88	7	5	1	0.8428393108	98.38421452	1.374000708	0.2417847756				9.23630663E-07	0	99.99999908	46.50220614	53.49779386	0				-662.3473144	0.8428393108	-3904.69759510139	
659.7873144	88	7	5	1	0.8421921402	98.42969618	1.3367911	0.2335127237				8.529829403E-07	0	99.99999915	46.48928531	53.51071469	0				-659.7873144	0.8421921402	-4009.35894377033	
657.2273144	88	7	5	1	0.8415618525	98.47408448	1.300446878	0.2254686376				7.872457068E-07	0	99.99999921	46.47654791	53.52345209	0				-657.2273144	0.8415618525	-4116.68828136963	
654.6673144	88	7	5	1	0.8409479885	98.51740444	1.264947781	0.2176477816				7.26114451E-07	0	99.99999927	46.46399361	53.53600639	0				-654.6673144	0.8409479885	-4226.77492683887	
652.1073144	88	7	5	1	0.8403501056	98.55968029	1.230274213	0.2100454926				6.693010458E-07	0	99.99999933	46.45162201	53.54837799	0				-652.1073144	0.8403501056	-4339.7127726439	
649.5473144	88	7	5	1	0.839767777	98.60093561	1.196407207	0.2026571787				6.165330192E-07	0	99.99999938	46.43943268	53.56056732	0				-649.5473144	0.839767777	-4455.59795241628	
646.9873144	88	7	5	1	0.8392005905	98.64119328	1.163328401	0.1954783176				5.675528496E-07	0	99.99999943	46.42742514	53.57257486	0				-646.9873144	0.8392005905	-4574.53051302757	
644.4273144	88	7	5	1	0.8386481482	98.68047554	1.131020008	0.1885044552				5.221172845E-07	0	99.99999948	46.41559886	53.58440114	0				-644.4273144	0.8386481482	-4696.61609066914	
641.8673144	88	7	5	1	0.8381100658	98.71880401	1.099464789	0.1817312042				4.799966829E-07	0	99.99999952	46.40395327	53.59604673	0				-641.8673144	0.8381100658	-4821.96346978294	
639.3073144	88	7	5	1	0.8375859717	98.75619973	1.068646027	0.175154243				4.409743807E-07	0	99.99999956	46.39248775	53.60751225	0				-639.3073144	0.8375859717	-4950.68720569842	
636.7473144	88	7	5	1	0.8370755069	98.79268318	1.038547507	0.1687693146				4.04846078E-07	0	99.9999996	46.38120165	53.61879835	0				-636.7473144	0.8370755069	-5082.90634142942	
634.1873144	88	7	5	1	0.8365783239	98.82827428	1.009153493	0.1625722251				3.714192492E-07	0	99.99999963	46.37009427	53.62990573	0				-634.1873144	0.8365783239	-5218.74306749604	
631.6273144	88	7	5	1	0.8360940863	98.86299245	0.9804487042	0.1565588433				3.405125744E-07	0	99.99999966	46.35916486	53.64083514	0				-631.6273144	0.8360940863	-5358.32818634098	
629.0673144	88	7	5	1	0.8356224688	98.8968566	0.9524182976	0.1507250992				3.119553918E-07	0	99.99999969	46.34841265	53.65158735	0				-629.0673144	0.8356224688	-5501.79613017858	
626.5073144	88	7	5	1	0.8351631559	98.92988517	0.9250478485	0.1450669833				2.855871707E-07	0	99.99999971	46.33783681	53.66216319	0				-626.5073144	0.8351631559	-5649.2864978896	
623.9473144	88	7	5	1	0.8347158421	98.96209612	0.8983233321	0.1395805459				2.612570053E-07	0	99.99999974	46.32743649	53.67256351	0				-623.9473144	0.8347158421	-5800.94695631427	
621.3873144	88	7	5	1	0.8342802312	98.993507	0.872231107	0.1342618959				2.388231275E-07	0	99.99999976	46.3172108	53.6827892	0				-621.3873144	0.8342802312	-5956.93151909894	
618.8273144	88	7	5	1	0.8338560361	99.0241349	0.8467578989	0.1291072005				2.181524392E-07	0	99.99999978	46.3071588	53.6928412	0				-618.8273144	0.8338560361	-6117.39933968234	
616.2673144	88	7	5	1	0.833442978	99.05399653	0.8218907852	0.1241126841				1.991200638E-07	0	99.9999998	46.29727952	53.70272048	0				-616.2673144	0.833442978	-6282.51800806279	
613.7073144	88	7	5	1	0.8330407866	99.08310819	0.7976171801	0.119274628				1.816089153E-07	0	99.99999982	46.28757196	53.71242804	0				-613.7073144	0.8330407866	-6452.46226621468	
611.1473144	88	7	5	1	0.8326491992	99.11148581	0.7739248215	0.1145893693				1.655092857E-07	0	99.99999983	46.2780351	53.7219649	0				-611.1473144	0.8326491992	-6627.41498178985	
608.5873144	88	7	5	1	0.8322679609	99.13914494	0.7508017569	0.1100533008				1.507184495E-07	0	99.99999985	46.26866785	53.73133215	0				-608.5873144	0.8322679609	-6807.5681593376	
606.0273144	88	7	5	1	0.8318968239	99.1661008	0.7282363316	0.10566287				1.37140285E-07	0	99.99999986	46.25946913	53.74053087	0				-606.0273144	0.8318968239	-6993.12119062428	
603.4673144	88	7	5	1	0.8315355474	99.19236825	0.7062171761	0.1014145788				1.246849123E-07	0	99.99999988	46.25043779	53.74956221	0				-603.4673144	0.8315355474	-7184.28208222891	
600.9073144	88	7	5	1	0.8311838971	99.21796182	0.6847331951	0.09730498307				1.132683469E-07	0	99.99999989	46.24157268	53.75842732	0				-600.9073144	0.8311838971	-7381.2701900434	
598.3473144	88	7	5	1	0.8308416453	99.24289575	0.6637735569	0.0933306918				1.028121687E-07	0	99.9999999	46.2328726	53.7671274	0				-598.3473144	0.8308416453	-7584.31738309778	
595.7873144	88	7	5	1	0.8305085705	99.26718395	0.6433276824	0.08948836699				9.324320616E-08	0	99.99999991	46.22433633	53.77566367	0				-595.7873144	0.8305085705	-7793.66079555212	
593.2273144	88	7	5	1	0.8301844568	99.29084004	0.6233852357	0.08577472305				8.449323464E-08	0	99.99999992	46.21596262	53.78403738	0				-593.2273144	0.8301844568	-8009.55232507878	
590.6673144	88	7	5	1	0.8298690943	99.31387736	0.6039361147	0.08218652641				7.649868918E-08	0	99.99999992	46.20775019	53.79224981	0				-590.6673144	0.8298690943	-8232.2571563342	
588.1073144	88	7	5	1	0.8295622784	99.33630896	0.5849704421	0.0787205951				6.920039041E-08	0	99.99999993	46.19969773	53.80030227	0				-588.1073144	0.8295622784	-8462.05024241164	
585.5473144	88	7	5	1	0.8292638098	99.35814764	0.5664785567	0.07537379838				6.254328382E-08	0	99.99999994	46.19180393	53.80819607	0				-585.5473144	0.8292638098	-8699.22249533595	
582.9873144	88	7	5	1	0.8289734943	99.37940594	0.5484510058	0.07214305637				5.647619159E-08	0	99.99999994	46.18406741	53.81593259	0				-582.9873144	0.8289734943	-8944.07739989495	
580.4273144	88	7	5	1	0.8286911425	99.40009612	0.5308785366	0.06902533966				5.095157663E-08	0	99.99999995	46.1764868	53.8235132	0				-580.4273144	0.8286911425	-9196.93294605806	
577.8673144	88	7	5	1	0.8284165697	99.42023024	0.5137520896	0.06601766899				4.592531844E-08	0	99.99999995	46.16906069	53.83093931	0				-577.8673144	0.8284165697	-9458.1253627348	
575.3073144	88	7	5	1	0.8281495958	99.43982009	0.4970627911	0.06311711491				4.135650033E-08	0	99.99999996	46.16178766	53.83821234	0				-575.3073144	0.8281495958	-9728.00654253397	
572.7473144	88	7	5	1	0.827890045	99.45887726	0.4808019464	0.06032079746				3.720720746E-08	0	99.99999996	46.15466625	53.84533375	0				-572.7473144	0.827890045	-10006.9447837092	
570.1873144	88	7	5	1	0.8276377457	99.47741308	0.4649610338	0.05762588582				3.344233553E-08	0	99.99999997	46.147695	53.852305	0				-570.1873144	0.8276377457	-10295.3268472702	
567.6273144	88	7	5	1	0.8273925303	99.4954387	0.449531698	0.05502959803				3.002940948E-08	0	99.99999997	46.1408724	53.8591276	0				-567.6273144	0.8273925303	-10593.5635825938	
565.0673144	88	7	5	1	0.8271542353	99.51296505	0.4345057444	0.05252920069				2.693841195E-08	0	99.99999997	46.13419694	53.86580306	0				-565.0673144	0.8271542353	-10902.0839262733	
562.5073144	88	7	5	1	0.8269227008	99.53000286	0.4198751337	0.05012200863				2.414162099E-08	0	99.99999998	46.1276671	53.8723329	0				-562.5073144	0.8269227008	-11221.3365592263	
559.9473144	88	7	5	1	0.8266977706	99.54656264	0.4056319764	0.04780538462				2.16134568E-08	0	99.99999998	46.12128131	53.87871869	0				-559.9473144	0.8266977706	-11551.7994170204	
557.3873144	88	7	5	1	0.8264792921	99.56265473	0.3917685275	0.04557673913				1.933033691E-08	0	99.99999998	46.11503801	53.88496199	0				-557.3873144	0.8264792921	-11893.9715165922	
554.8273144	88	7	5	1	0.826267116	99.57828929	0.3782771822	0.04343352997				1.727053968E-08	0	99.99999998	46.10893561	53.89106439	0				-554.8273144	0.826267116	-12248.3766455697	
552.2673144	88	7	5	1	0.8260610963	99.59347627	0.3651504706	0.04137326203				1.541407555E-08	0	99.99999998	46.1029725	53.8970275	0				-552.2673144	0.8260610963	-12615.5696556364	
549.7073144	88	7	5	1	0.8258610902	99.60822546	0.3523810538	0.03939348701				1.374256578E-08	0	99.99999999	46.09714707	53.90285293	0				-549.7073144	0.8258610902	-12996.1427340649	
547.1473144	88	7	5	1	0.8256669582	99.62254648	0.3399617197	0.03749180312				1.223912842E-08	0	99.99999999	46.09145767	53.90854233	0				-547.1473144	0.8256669582	-13390.7061009457	
544.5873144	88	7	5	1	0.8254785634	99.63644877	0.3278853784	0.03566585479				1.088827103E-08	0	99.99999999	46.08590266	53.91409734	0				-544.5873144	0.8254785634	-13799.9084008942	
542.0273144	88	7	5	1	0.8252957721	99.64994161	0.3161450591	0.03391333238				9.675789899E-09	0	99.99999999	46.08048037	53.91951963	0				-542.0273144	0.8252957721	-14224.4382240403	
539.4673144	88	7	5	1	0.8251184532	99.66303412	0.3047339061	0.0322319719				8.588675567E-09	0	99.99999999	46.07518911	53.92481089	0				-539.4673144	0.8251184532	-14665.0245169075	
536.9073144	88	7	5	1	0.8249464786	99.67573527	0.2936451753	0.0306195547				7.615024096E-09	0	99.99999999	46.07002721	53.92997279	0				-536.9073144	0.8249464786	-15122.4243774195	
534.3473144	88	7	5	1	0.8247797224	99.68805386	0.2828722311	0.02907390719				6.743954053E-09	0	99.99999999	46.06499295	53.93500705	0				-534.3473144	0.8247797224	-15597.4483213507	
531.7873144	88	7	5	1	0.8246180617	99.69999856	0.2724085431	0.02759290055				5.965528766E-09	0	99.99999999	46.06008463	53.93991537	0				-531.7873144	0.8246180617	-16090.9563617869	
529.2273144	88	7	5	1	0.8244613758	99.71157787	0.2622476831	0.02617445039				5.270683644E-09	0	99.99999999	46.05530051	53.94469949	0				-529.2273144	0.8244613758	-16603.8437029569	
526.6673144	88	7	5	1	0.8243095465	99.72280016	0.2523833225	0.02481651647				4.651158288E-09	0	100	46.05063887	53.94936113	0				-526.6673144	0.8243095465	-17137.0737175929	
524.1073144	88	7	5	1	0.824162458	99.73367367	0.2428092295	0.02351710238				4.099433128E-09	0	100	46.04609796	53.95390204	0				-524.1073144	0.824162458	-17691.657110515	
521.5473144	88	7	5	1	0.8240199967	99.74420648	0.2335192663	0.02227425522				3.608670358E-09	0	100	46.04167602	53.95832398	0				-521.5473144	0.8240199967	-18268.652984176	
518.9873144	88	7	5	1	0.8238820511	99.75440655	0.2245073872	0.02108606526				3.172658916E-09	0	100	46.03737131	53.96262869	0				-518.9873144	0.8238820511	-18869.2123468239	
516.4273144	88	7	5	1	0.8237485122	99.7642817	0.2157676356	0.01995066565				2.785763305E-09	0	100	46.03318204	53.96681796	0				-516.4273144	0.8237485122	-19494.5319184442	
513.8673144	88	7	5	1	0.8236192727	99.77383963	0.2072941426	0.01886623203				2.442876014E-09	0	100	46.02910645	53.97089355	0				-513.8673144	0.8236192727	-20145.8793666509	
511.3073144	88	7	5	1	0.8234942276	99.78308789	0.1990811246	0.01783098221				2.139373348E-09	0	100	46.02514276	53.97485724	0				-511.3073144	0.8234942276	-20824.6273378168	
508.7473144	88	7	5	1	0.8233732739	99.79203394	0.1911228812	0.01684317583				1.871074462E-09	0	100	46.02128919	53.97871081	0				-508.7473144	0.8233732739	-21532.201579393	
506.1873144	88	7	5	1	0.8232563104	99.80068509	0.1834137937	0.01590111398				1.634203407E-09	0	100	46.01754395	53.98245605	0				-506.1873144	0.8232563104	-22270.1151552585	
503.6273144	88	7	5	1	0.8231432378	99.80904854	0.175948323	0.01500313884				1.425354E-09	0	100	46.01390524	53.98609476	0				-503.6273144	0.8231432378	-23039.9922155608	
501.0673144	88	7	5	1	0.8230339587	99.81713136	0.1687210087	0.01414763328				1.241457353E-09	0	100	46.01037128	53.98962872	0				-501.0673144	0.8230339587	-23843.5701162788	
498.5073144	88	7	5	1	0.8229283776	99.82494051	0.1617264665	0.01333302053				1.079751896E-09	0	100	46.00694027	53.99305973	0				-498.5073144	0.8229283776	-24682.6846347896	
495.9473144	88	7	5	1	0.8228264007	99.83248285	0.154959388	0.01255776374				9.377557158E-10	0	100	46.0036104	53.9963896	0				-495.9473144	0.8228264007	-25559.2626004939	
493.3873144	88	7	5	1	0.8227279358	99.8397651	0.1484145384	0.01182036559				8.132410867E-10	0	100	46.00037989	53.99962011	0				-493.3873144	0.8227279358	-26475.3769960524	
490.8273144	88	7	5	1	0.8226328925	99.84679388	0.1420867558	0.01111936788				7.042110259E-10	0	100	45.99724693	54.00275307	0				-490.8273144	0.8226328925	-27433.2581057484	
488.2673144	88	7	5	1	0.8225411821	99.8535757	0.1359709497	0.01045335113				6.088777528E-10	0	100	45.99420973	54.00579027	0				-488.2673144	0.8225411821	-28435.2841131693	
485.7073144	88	7	5	1	0.8224527176	99.86011696	0.1300621015	0.009820934161				5.256429143E-10	0	100	45.99126649	54.00873351	0				-485.7073144	0.8224527176	-29483.9161119022	
483.1473144	88	7	5	1	0.8223674132	99.86642397	0.1243552583	0.009220773532				4.530794577E-10	0	100	45.98841541	54.01158459	0				-483.1473144	0.8223674132	-30581.8504905306	
480.5873144	88	7	5	1	0.8222851851	99.8725029	0.1188455397	0.00865156331				3.899150323E-10	0	100	45.98565471	54.01434529	0				-480.5873144	0.8222851851	-31731.9591720929	
478.0273144	88	7	5	1	0.8222059507	99.87835983	0.1135281316	0.008112034464				3.350168133E-10	0	100	45.9829826	54.0170174	0				-478.0273144	0.8222059507	-32937.3038974757	
475.4673144	88	7	5	1	0.8221296292	99.88400076	0.108398287	0.007600954445				2.873776412E-10	0	100	45.9803973	54.0196027	0				-475.4673144	0.8221296292	-34201.1501469164	
472.9073144	88	7	5	1	0.822056141	99.88943155	0.103451325	0.007117126711				2.46103382E-10	0	100	45.97789702	54.02210298	0				-472.9073144	0.822056141	-35526.9976781411	
470.3473144	88	7	5	1	0.8219854082	99.89465798	0.09868263055	0.006659390247				2.104014151E-10	0	100	45.97548	54.02452	0				-470.3473144	0.8219854082	-36918.5568531811	
467.7873144	88	7	5	1	0.821917354	99.89968573	0.0940876533	0.00622661908				1.795701626E-10	0	100	45.97314446	54.02685554	0				-467.7873144	0.821917354	-38379.8635612462	
465.2273144	88	7	5	1	0.8218519034	99.90452037	0.08966190757	0.005817721777				1.529895796E-10	0	100	45.97088865	54.02911135	0				-465.2273144	0.8218519034	-39915.2307387095	
462.6673144	88	7	5	1	0.8217889825	99.90916739	0.08540097165	0.005431640942				1.301125301E-10	0	100	45.96871082	54.03128918	0				-462.6673144	0.8217889825	-41529.19290649	
460.1073144	88	7	5	1	0.8217285188	99.91363216	0.08130048741	0.005067352702				1.104569753E-10	0	100	45.96660922	54.03339078	0				-460.1073144	0.8217285188	-43226.7514043599	
457.5473144	88	7	5	1	0.8216704413	99.91791997	0.07735615989	0.004723866185				9.359891109E-11	0	100	45.96458213	54.03541787	0				-457.5473144	0.8216704413	-45013.1739719135	
454.9873144	88	7	5	1	0.8216146801	99.92203602	0.07356375704	0.004400222991				7.916598976E-11	0	100	45.9626278	54.0373722	0				-454.9873144	0.8216146801	-46894.1528877715	
452.4273144	88	7	5	1	0.8215611668	99.92598539	0.06991910937	0.004095496655				6.683177043E-11	0	100	45.96074453	54.03925547	0				-452.4273144	0.8215611668	-48875.8431751386	
449.8673144	88	7	5	1	0.8215098342	99.9297731	0.06641810975	0.003808792104				5.631054293E-11	0	100	45.95893062	54.04106938	0				-449.8673144	0.8215098342	-50964.7518675907	
447.3073144	88	7	5	1	0.8214606163	99.93340404	0.06305671317	0.003539245103				4.735267607E-11	0	100	45.95718437	54.04281563	0				-447.3073144	0.8214606163	-53167.9979198546	
444.7473144	88	7	5	1	0.8214134485	99.93688304	0.05983093659	0.003286021701				3.974044347E-11	0	100	45.95550411	54.04449589	0				-444.7473144	0.8214134485	-55493.25818967	
442.1873144	88	7	5	1	0.8213682674	99.94021482	0.05673685882	0.003048317665				3.328428433E-11	0	100	45.95388816	54.04611184	0				-442.1873144	0.8213682674	-57948.7899962007	
439.6273144	88	7	5	1	0.8213250109	99.94340402	0.05377062037	0.00282535791				2.78194592E-11	0	100	45.95233488	54.04766512	0				-439.6273144	0.8213250109	-60543.3583662592	
437.0673144	88	7	5	1	0.8212836179	99.94645518	0.0509284234	0.002616395928				2.320306418E-11	0	100	45.95084262	54.04915738	0				-437.0673144	0.8212836179	-63286.6212954472	
434.5073144	88	7	5	1	0.8212440288	99.94937276	0.04820653169	0.002420713198				1.931136969E-11	0	100	45.94940977	54.05059023	0				-434.5073144	0.8212440288	-66188.9825727684	
431.9473144	88	7	5	1	0.821206185	99.95216111	0.04560127055	0.00223761861				1.60374528E-11	0	100	45.94803471	54.05196529	0				-431.9473144	0.821206185	-69261.502357812	
429.3873144	88	7	5	1	0.8211700291	99.95482453	0.0431090269	0.00206644787				1.328909436E-11	0	100	45.94671585	54.05328415	0				-429.3873144	0.8211700291	-72516.3138731897	
426.8273144	88	7	5	1	0.8211355049	99.95736719	0.04072624917	0.001906562909				1.098691484E-11	0	100	45.94545161	54.05454839	0				-426.8273144	0.8211355049	-75966.712255256	
424.2673144	88	7	5	1	0.8211025575	99.9597932	0.03844944744	0.001757351284				9.062724774E-12	0	100	45.94424044	54.05575956	0				-424.2673144	0.8211025575	-79626.7584934571	
421.7073144	88	7	5	1	0.8210711329	99.96210658	0.03627519338	0.001618225576				7.458067899E-12	0	100	45.94308079	54.05691921	0				-421.7073144	0.8210711329	-83511.7755910083	
419.1473144	88	7	5	1	0.8210411784	99.96431126	0.03420012038	0.001488622793				6.122936982E-12	0	100	45.94197115	54.05802885	0				-419.1473144	0.8210411784	-87638.9408287248	
416.5873144	88	7	5	1	0.8210126426	99.96641107	0.03222092354	0.001368003759				5.01464403E-12	0	100	45.94091	54.05909	0				-416.5873144	0.8210126426	-92026.0037675079	
414.0273144	88	7	5	1	0.8209854748	99.96840979	0.03033435977	0.001255852512				4.096828364E-12	0	100	45.93989587	54.06010413	0				-414.0273144	0.8209854748	-96692.9502857613	
411.4673144	88	7	5	1	0.8209596259	99.97031108	0.02853724785	0.001151675693				3.338587477E-12	0	100	45.93892728	54.06107272	0				-411.4673144	0.8209596259	-101661.286568043	
408.9073144	88	7	5	1	0.8209350475	99.97211853	0.02682646849	0.001055001942				2.713717092E-12	0	100	45.9380028	54.0619972	0				-408.9073144	0.8209350475	-106954.372001286	
406.3473144	88	7	5	1	0.8209116926	99.97383565	0.02519896439	0.0009653812888				2.200048076E-12	0	100	45.93712101	54.06287899	0				-406.3473144	0.8209116926	-112597.879435812	
403.7873144	88	7	5	1	0.8208895151	99.97546588	0.02365174031	0.0008823845445				1.778869143E-12	0	100	45.93628049	54.06371951	0				-403.7873144	0.8208895151	-118619.885205023	
401.2273144	88	7	5	1	0.8208684702	99.97701253	0.02218186311	0.0008056026972				1.434425341E-12	0	100	45.93547987	54.06452013	0				-401.2273144	0.8208684702	-125050.910771227	
398.6673144	88	7	5	1	0.820848514	99.97847889	0.0207864618	0.0007346463076				1.153483355E-12	0	100	45.9347178	54.0652822	0				-398.6673144	0.820848514	-131923.910964106	
396.1073144	88	7	5	1	0.8208296037	99.97986813	0.01946272758	0.0006691449068				9.249555941E-13	0	100	45.93399293	54.06600707	0				-396.1073144	0.8208296037	-139275.539336094	
393.5473144	88	7	5	1	0.8208116976	99.98118334	0.01820791384	0.0006087463975				7.395758639E-13	0	100	45.93330396	54.06669604	0				-393.5473144	0.8208116976	-147146.09165099	
390.9873144	88	7	5	1	0.8207947551	99.98242755	0.0170193362	0.0005531164584				5.89620224E-13	0	100	45.93264959	54.06735041	0				-390.9873144	0.8207947551	-155578.900731174	
388.4273144	88	7	5	1	0.8207787365	99.98360369	0.01589437245	0.0005019379529				4.686673121E-13	0	100	45.93202856	54.06797144	0				-388.4273144	0.8207787365	-164622.818465273	
385.8673144	88	7	5	1	0.8207636034	99.98471463	0.01483046252	0.0004549103415				3.713930689E-13	0	100	45.93143964	54.06856036	0				-385.8673144	0.8207636034	-174330.727290112	
383.3073144	88	7	5	1	0.8207493182	99.98576314	0.01382510848	0.0004117491007				2.933953727E-13	0	100	45.9308816	54.0691184	0				-383.3073144	0.8207493182	-184760.134027314	
380.7473144	88	7	5	1	0.8207358444	99.98675194	0.01287587438	0.000372185146				2.310446118E-13	0	100	45.93035326	54.06964674	0				-380.7473144	0.8207358444	-195976.188529917	
378.1873144	88	7	5	1	0.8207231466	99.98768365	0.01198038622	0.0003359642628				1.813566962E-13	0	100	45.92985344	54.07014656	0				-378.1873144	0.8207231466	-208048.472235808	
375.6273144	88	7	5	1	0.8207111902	99.98856082	0.01113633174	0.0003028465423				1.418854289E-13	0	100	45.92938101	54.07061899	0				-375.6273144	0.8207111902	-221056.262327929	
373.0673144	88	7	5	1	0.8206999419	99.98938593	0.01034146033	0.0002726058263				1.106315369E-13	0	100	45.92893485	54.07106515	0				-373.0673144	0.8206999419	-235085.413333	
370.5073144	88	7	5	1	0.8206893691	99.99016139	0.009593582778	0.0002450291587				8.596600034E-14	0	100	45.92851387	54.07148613	0				-370.5073144	0.8206893691	-250229.935512419	
367.9473144	88	7	5	1	0.8206794403	99.99088951	0.008890571084	0.0002199162458				6.656561674E-14	0	100	45.92811701	54.07188299	0				-367.9473144	0.8206794403	-266598.487619817	
365.3873144	88	7	5	1	0.8206701251	99.99157256	0.008230358176	0.0001970789251				5.135900781E-14	0	100	45.92774322	54.07225678	0				-365.3873144	0.8206701251	-284307.947180172	
362.8273144	88	7	5	1	0.8206613939	99.99221272	0.007610937623	0.0001763406438				3.948151181E-14	0	100	45.92739151	54.07260849	0				-362.8273144	0.8206613939	-303487.452132235	
360.2673144	88	7	5	1	0.8206532181	99.9928121	0.007030363302	0.0001575359467				3.023761471E-14	0	100	45.92706088	54.07293912	0				-360.2673144	0.8206532181	-324281.666909322	
357.7073144	88	7	5	1	0.82064557	99.99337274	0.006486749028	0.0001405099738				2.30697581E-14	0	100	45.92675038	54.07324962	0				-357.7073144	0.82064557	-346852.712604723	
355.1473144	88	7	5	1	0.8206384229	99.99389661	0.005978268145	0.0001251179698				1.753252456E-14	0	100	45.92645906	54.07354094	0				-355.1473144	0.8206384229	-371378.585415785	
352.5873144	88	7	5	1	0.8206317509	99.99438562	0.00550315308	0.0001112248028				1.327134317E-14	0	100	45.92618604	54.07381396	0				-352.5873144	0.8206317509	-398066.530173625	
350.0273144	88	7	5	1	0.8206255293	99.9948416	0.005059694852	9.87044958E-05				1.000498257E-14	0	100	45.92593042	54.07406958	0				-350.0273144	0.8206255293	-427132.212276548	
347.4673144	88	7	5	1	0.8206197338	99.99526632	0.004646242547	8.743976883E-05				7.511207031E-15	0	100	45.92569135	54.07430865	0				-347.4673144	0.8206197338	-458836.414082374	
344.9073144	88	7	5	1	0.8206143416	99.99566148	0.004261202745	7.732159353E-05				5.615065324E-15	0	100	45.92546801	54.07453199	0				-344.9073144	0.8206143416	-493452.33388363	
342.3473144	88	7	5	1	0.8206093301	99.99602871	0.003903038909	6.824875982E-05				4.179363238E-15	0	100	45.9252596	54.0747404	0				-342.3473144	0.8206093301	-531297.311095582	
339.7873144	88	7	5	1	0.8206046781	99.9963696	0.003570270732	6.012745501E-05				3.096941054E-15	0	100	45.92506534	54.07493466	0				-339.7873144	0.8206046781	-572745.444612005	
337.2273144	88	7	5	1	0.8206003651	99.99668566	0.003261473444	5.287085575E-05				2.284437442E-15	0	100	45.92488449	54.07511551	0				-337.2273144	0.8206003651	-618168.154071878	
334.6673144	88	7	5	1	0.8205963711	99.99697832	0.002975277072	4.63987327E-05				1.677273003E-15	0	100	45.92471631	54.07528369	0				-334.6673144	0.8205963711	-668034.496235245	
332.1073144	88	7	5	1	0.8205926774	99.997249	0.002710365665	4.063706841E-05				1.225630752E-15	0	100	45.92456013	54.07543987	0				-332.1073144	0.8205926774	-722864.184109492	
329.5473144	88	7	5	1	0.8205892658	99.99749901	0.002465476474	3.551768835E-05				8.912483568E-16	0	100	45.92441525	54.07558475	0				-329.5473144	0.8205892658	-783227.689324263	
326.9873144	88	7	5	1	0.820586119	99.99772962	0.002239399095	3.097790518E-05				6.448687353E-16	0	100	45.92428105	54.07571895	0				-326.9873144	0.820586119	-849768.442694967	
324.4273144	88	7	5	1	0.8205832203	99.99794207	0.002030974569	2.696017647E-05				4.642224131E-16	0	100	45.92415689	54.07584311	0				-324.4273144	0.8205832203	-923231.120476151	
321.8673144	88	7	5	1	0.8205805539	99.99813749	0.001839094447	2.341177578E-05				3.324376285E-16	0	100	45.92404218	54.07595782	0				-321.8673144	0.8205805539	-1004498.27051711	
319.3073144	88	7	5	1	0.8205781048	99.99831702	0.001662699817	2.028447707E-05				2.367930338E-16	0	100	45.92393635	54.07606365	0				-319.3073144	0.8205781048	-1094504.88184396	
316.7473144	88	7	5	1	0.8205758585	99.99848169	0.001500780294	1.753425264E-05				1.677436024E-16	0	100	45.92383886	54.07616114	0				-316.7473144	0.8205758585	-1194332.45935066	
314.1873144	88	7	5	1	0.8205738013	99.99863251	0.001352372975	1.51209842E-05				1.181634305E-16	0	100	45.92374917	54.07625083	0				-314.1873144	0.8205738013	-1305301.74673161	
311.6273144	88	7	5	1	0.8205719203	99.99877043	0.001216561363	1.30081873E-05				8.275994036E-17	0	100	45.92366678	54.07633322	0				-311.6273144	0.8205719203	-1428796.22308541	
309.0673144	88	7	5	1	0.820570203	99.99889636	0.001092474258	1.116274875E-05				5.762289568E-17	0	100	45.92359122	54.07640878	0				-309.0673144	0.820570203	-1566556.12823969	
306.5073144	88	7	5	1	0.8205686379	99.99901116	0.0009792846213	9.554677047E-06				3.987894159E-17	0	100	45.92352202	54.07647798	0				-306.5073144	0.8205686379	-1720403.01625947	
303.9473144	88	7	5	1	0.8205672137	99.99911563	0.0008762084088	8.156865563E-06				2.742833487E-17	0	100	45.92345877	54.07654123	0				-303.9473144	0.8205672137	-1892597.09363817	
301.3873144	88	7	5	1	0.8205659201	99.99921055	0.0007825033819	6.944868225E-06				1.874536596E-17	0	100	45.92340103	54.07659897	0				-301.3873144	0.8205659201	-2081255.64567867	
300	88	7	5	1	0.8205652696	99.99925825	0.0007353880527	6.357815218E-06				1.521012908E-17	0	100	45.92337191	54.07662809	0				-300	0.8205652696	-2184122.9862951	
