T	w(AL)	fs	fw(@FCC_A1)	w(AL@FCC_A1)	w(AL@LIQUID)	dwdT_L(AL@LIQUID)	-T	fw(@FCC_A1)_1	-T//fw(@FCC_A1)	
K	%	mole/mole	kg/kg	%	%	SI				
933.4727259	100	0	0	100	100	0	-933.4727259	0	1.01999999999998	
932.4527259	100	1	1	100			-932.4527259	1	1.01999999999998	
932.4327259	100	1	1	100			-932.4327259	1	NaN	
932.3927259	100	1	1	100			-932.3927259	1	NaN	
932.3127259	100	1	1	100			-932.3127259	1	NaN	
932.1527259	100	1	1	100			-932.1527259	1	NaN	
931.8327259	100	1	1	100			-931.8327259	1	NaN	
931.1927259	100	1	1	100			-931.1927259	1	NaN	
929.9127259	100	1	1	100			-929.9127259	1	NaN	
927.3527259	100	1	1	100			-927.3527259	1	NaN	
922.2327259	100	1	1	100			-922.2327259	1	NaN	
917.1127259	100	1	1	100			-917.1127259	1	NaN	
911.9927259	100	1	1	100			-911.9927259	1	NaN	
906.8727259	100	1	1	100			-906.8727259	1	NaN	
901.7527259	100	1	1	100			-901.7527259	1	NaN	
896.6327259	100	1	1	100			-896.6327259	1	NaN	
891.5127259	100	1	1	100			-891.5127259	1	NaN	
886.3927259	100	1	1	100			-886.3927259	1	NaN	
881.2727259	100	1	1	100			-881.2727259	1	NaN	
876.1527259	100	1	1	100			-876.1527259	1	NaN	
871.0327259	100	1	1	100			-871.0327259	1	NaN	
865.9127259	100	1	1	100			-865.9127259	1	NaN	
860.7927259	100	1	1	100			-860.7927259	1	NaN	
855.6727259	100	1	1	100			-855.6727259	1	NaN	
850.5527259	100	1	1	100			-850.5527259	1	NaN	
845.4327259	100	1	1	100			-845.4327259	1	NaN	
840.3127259	100	1	1	100			-840.3127259	1	NaN	
835.1927259	100	1	1	100			-835.1927259	1	NaN	
830.0727259	100	1	1	100			-830.0727259	1	NaN	
824.9527259	100	1	1	100			-824.9527259	1	NaN	
819.8327259	100	1	1	100			-819.8327259	1	NaN	
814.7127259	100	1	1	100			-814.7127259	1	NaN	
809.5927259	100	1	1	100			-809.5927259	1	NaN	
804.4727259	100	1	1	100			-804.4727259	1	NaN	
799.3527259	100	1	1	100			-799.3527259	1	NaN	
794.2327259	100	1	1	100			-794.2327259	1	NaN	
789.1127259	100	1	1	100			-789.1127259	1	NaN	
783.9927259	100	1	1	100			-783.9927259	1	NaN	
778.8727259	100	1	1	100			-778.8727259	1	NaN	
773.7527259	100	1	1	100			-773.7527259	1	NaN	
768.6327259	100	1	1	100			-768.6327259	1	NaN	
763.5127259	100	1	1	100			-763.5127259	1	NaN	
758.3927259	100	1	1	100			-758.3927259	1	NaN	
753.2727259	100	1	1	100			-753.2727259	1	NaN	
748.1527259	100	1	1	100			-748.1527259	1	NaN	
743.0327259	100	1	1	100			-743.0327259	1	NaN	
737.9127259	100	1	1	100			-737.9127259	1	NaN	
732.7927259	100	1	1	100			-732.7927259	1	NaN	
727.6727259	100	1	1	100			-727.6727259	1	NaN	
722.5527259	100	1	1	100			-722.5527259	1	NaN	
717.4327259	100	1	1	100			-717.4327259	1	NaN	
712.3127259	100	1	1	100			-712.3127259	1	NaN	
707.1927259	100	1	1	100			-707.1927259	1	NaN	
702.0727259	100	1	1	100			-702.0727259	1	NaN	
696.9527259	100	1	1	100			-696.9527259	1	NaN	
691.8327259	100	1	1	100			-691.8327259	1	NaN	
686.7127259	100	1	1	100			-686.7127259	1	NaN	
681.5927259	100	1	1	100			-681.5927259	1	NaN	
676.4727259	100	1	1	100			-676.4727259	1	NaN	
671.3527259	100	1	1	100			-671.3527259	1	NaN	
666.2327259	100	1	1	100			-666.2327259	1	NaN	
661.1127259	100	1	1	100			-661.1127259	1	NaN	
655.9927259	100	1	1	100			-655.9927259	1	NaN	
650.8727259	100	1	1	100			-650.8727259	1	NaN	
645.7527259	100	1	1	100			-645.7527259	1	NaN	
640.6327259	100	1	1	100			-640.6327259	1	NaN	
635.5127259	100	1	1	100			-635.5127259	1	NaN	
630.3927259	100	1	1	100			-630.3927259	1	NaN	
625.2727259	100	1	1	100			-625.2727259	1	NaN	
620.1527259	100	1	1	100			-620.1527259	1	NaN	
615.0327259	100	1	1	100			-615.0327259	1	NaN	
609.9127259	100	1	1	100			-609.9127259	1	NaN	
604.7927259	100	1	1	100			-604.7927259	1	NaN	
599.6727259	100	1	1	100			-599.6727259	1	NaN	
594.5527259	100	1	1	100			-594.5527259	1	NaN	
589.4327259	100	1	1	100			-589.4327259	1	NaN	
584.3127259	100	1	1	100			-584.3127259	1	NaN	
579.1927259	100	1	1	100			-579.1927259	1	NaN	
574.0727259	100	1	1	100			-574.0727259	1	NaN	
568.9527259	100	1	1	100			-568.9527259	1	NaN	
563.8327259	100	1	1	100			-563.8327259	1	NaN	
558.7127259	100	1	1	100			-558.7127259	1	NaN	
553.5927259	100	1	1	100			-553.5927259	1	NaN	
548.4727259	100	1	1	100			-548.4727259	1	NaN	
543.3527259	100	1	1	100			-543.3527259	1	NaN	
538.2327259	100	1	1	100			-538.2327259	1	NaN	
533.1127259	100	1	1	100			-533.1127259	1	NaN	
527.9927259	100	1	1	100			-527.9927259	1	NaN	
522.8727259	100	1	1	100			-522.8727259	1	NaN	
517.7527259	100	1	1	100			-517.7527259	1	NaN	
512.6327259	100	1	1	100			-512.6327259	1	NaN	
507.5127259	100	1	1	100			-507.5127259	1	NaN	
502.3927259	100	1	1	100			-502.3927259	1	NaN	
497.2727259	100	1	1	100			-497.2727259	1	NaN	
492.1527259	100	1	1	100			-492.1527259	1	NaN	
487.0327259	100	1	1	100			-487.0327259	1	NaN	
481.9127259	100	1	1	100			-481.9127259	1	NaN	
476.7927259	100	1	1	100			-476.7927259	1	NaN	
471.6727259	100	1	1	100			-471.6727259	1	NaN	
466.5527259	100	1	1	100			-466.5527259	1	NaN	
461.4327259	100	1	1	100			-461.4327259	1	NaN	
456.3127259	100	1	1	100			-456.3127259	1	NaN	
451.1927259	100	1	1	100			-451.1927259	1	NaN	
446.0727259	100	1	1	100			-446.0727259	1	NaN	
440.9527259	100	1	1	100			-440.9527259	1	NaN	
435.8327259	100	1	1	100			-435.8327259	1	NaN	
430.7127259	100	1	1	100			-430.7127259	1	NaN	
425.5927259	100	1	1	100			-425.5927259	1	NaN	
420.4727259	100	1	1	100			-420.4727259	1	NaN	
415.3527259	100	1	1	100			-415.3527259	1	NaN	
410.2327259	100	1	1	100			-410.2327259	1	NaN	
405.1127259	100	1	1	100			-405.1127259	1	NaN	
399.9927259	100	1	1	100			-399.9927259	1	NaN	
394.8727259	100	1	1	100			-394.8727259	1	NaN	
389.7527259	100	1	1	100			-389.7527259	1	NaN	
384.6327259	100	1	1	100			-384.6327259	1	NaN	
379.5127259	100	1	1	100			-379.5127259	1	NaN	
374.3927259	100	1	1	100			-374.3927259	1	NaN	
369.2727259	100	1	1	100			-369.2727259	1	NaN	
364.1527259	100	1	1	100			-364.1527259	1	NaN	
359.0327259	100	1	1	100			-359.0327259	1	NaN	
353.9127259	100	1	1	100			-353.9127259	1	NaN	
348.7927259	100	1	1	100			-348.7927259	1	NaN	
343.6727259	100	1	1	100			-343.6727259	1	NaN	
338.5527259	100	1	1	100			-338.5527259	1	NaN	
333.4327259	100	1	1	100			-333.4327259	1	NaN	
328.3127259	100	1	1	100			-328.3127259	1	NaN	
323.1927259	100	1	1	100			-323.1927259	1	NaN	
318.0727259	100	1	1	100			-318.0727259	1	NaN	
312.9527259	100	1	1	100			-312.9527259	1	NaN	
307.8327259	100	1	1	100			-307.8327259	1	NaN	
302.7127259	100	1	1	100			-302.7127259	1	NaN	
300	100	1	1	100			-300	1	NaN	
